outlet_id,type,name,addr,addr_geo,sigungu,detail,finance_open,finance_status,status_basis,source_correction_id,source,source_snapshot
JB-8CA871F692E9,우체국,정읍우체국,전북특별자치도 정읍시 조곡천1길 27,전북특별자치도 정읍시 조곡천1길 27,정읍시,09:00~16:30,Y,open_reported,원천에 금융영업시간 기재,,우정사업본부 우체국 정보,2026-08-10
JB-275F09C709C6,우체국,군산경암동우체국,전북특별자치도 군산시 해망로 38,전북특별자치도 군산시 해망로 38,군산시,09:00~16:30,Y,open_reported,원천에 금융영업시간 기재,,우정사업본부 우체국 정보,2026-08-10
JB-0004CFAB2E52,우체국,완주구이우체국,전북특별자치도 완주군 구이면 하학길 6,전북특별자치도 완주군 구이면 하학길 6,완주군,09:00~16:30,Y,open_reported,원천에 금융영업시간 기재,,우정사업본부 우체국 정보,2026-08-10
JB-3E3B9864B5F5,우체국,완주경천우편취급국,전북특별자치도 완주군 경천면 대둔산로 238,전북특별자치도 완주군 경천면 대둔산로 238,완주군,미운영,N,closed_reported,원천 금융영업시간=미운영,,우정사업본부 우체국 정보,2026-08-10
JB-2493A47B99B6,우체국,무주설천우체국,전북특별자치도 무주군 설천면 무설로 1606,전북특별자치도 무주군 설천면 무설로 1606,무주군,09:00~16:30,Y,open_reported,원천에 금융영업시간 기재,,우정사업본부 우체국 정보,2026-08-10
JB-457B92D1CD09,우체국,남원우체국,전북특별자치도 남원시 광한북로 66,전북특별자치도 남원시 광한북로 66,남원시,09:00~16:30,Y,open_reported,원천에 금융영업시간 기재,,우정사업본부 우체국 정보,2026-08-10
JB-8A863D0BA48F,우체국,남원운봉우체국,전북특별자치도 남원시 운봉읍 운성로 27,전북특별자치도 남원시 운봉읍 운성로 27,남원시,09:00~16:30,Y,open_reported,원천에 금융영업시간 기재,,우정사업본부 우체국 정보,2026-08-10
JB-243F9E18DFEB,우체국,남원금지우체국,전북특별자치도 남원시 금지면 택내길 12,전북특별자치도 남원시 금지면 택내길 12,남원시,09:00~16:30,Y,open_reported,원천에 금융영업시간 기재,,우정사업본부 우체국 정보,2026-08-10
JB-873B50C9F36C,우체국,남원산내우체국,전북특별자치도 남원시 산내면 천왕봉로 574,전북특별자치도 남원시 산내면 천왕봉로 574,남원시,09:00~16:30,Y,open_reported,원천에 금융영업시간 기재,,우정사업본부 우체국 정보,2026-08-10
JB-3A438B14655F,우체국,남원이백우체국,전북특별자치도 남원시 이백면 이백로 484,전북특별자치도 남원시 이백면 이백로 484,남원시,09:00~16:30,Y,open_reported,원천에 금융영업시간 기재,,우정사업본부 우체국 정보,2026-08-10
JB-1DE6BC4701EE,우체국,남원인월우체국,전북특별자치도 남원시 인월면 인월장터로 29,전북특별자치도 남원시 인월면 인월장터로 29,남원시,09:00~16:30,Y,open_reported,원천에 금융영업시간 기재,,우정사업본부 우체국 정보,2026-08-10
JB-2612F161A8FB,우체국,남원아영우체국,전북특별자치도 남원시 아영면 아백로 343,전북특별자치도 남원시 아영면 아백로 343,남원시,09:00~16:30,Y,open_reported,원천에 금융영업시간 기재,,우정사업본부 우체국 정보,2026-08-10
JB-0A6CB1EAF007,우체국,남원산동우체국,전북특별자치도 남원시 산동면 요천로 2912,전북특별자치도 남원시 산동면 요천로 2912,남원시,09:00~16:30,Y,open_reported,원천에 금융영업시간 기재,,우정사업본부 우체국 정보,2026-08-10
JB-225E9B390244,우체국,남원보절우체국,전북특별자치도 남원시 보절면 보산로 927,전북특별자치도 남원시 보절면 보산로 927,남원시,09:00~16:30,Y,open_reported,원천에 금융영업시간 기재,,우정사업본부 우체국 정보,2026-08-10
JB-DE2FDE217469,우체국,남원사매우체국,전북특별자치도 남원시 사매면 덕오로 99,전북특별자치도 남원시 사매면 덕오로 99,남원시,09:00~16:30,Y,open_reported,원천에 금융영업시간 기재,,우정사업본부 우체국 정보,2026-08-10
JB-B3D70181C033,우체국,남원수지우체국,전북특별자치도 남원시 수지면 고주로 623,전북특별자치도 남원시 수지면 고주로 623,남원시,09:00~16:30,Y,open_reported,원천에 금융영업시간 기재,,우정사업본부 우체국 정보,2026-08-10
JB-8BFD8D9B28AD,우체국,남원주생우체국,전북특별자치도 남원시 주생면 요천로 817,전북특별자치도 남원시 주생면 요천로 817,남원시,09:00~16:30,Y,open_reported,원천에 금융영업시간 기재,,우정사업본부 우체국 정보,2026-08-10
JB-5E8F60E75F39,우체국,무주안성우체국,전북특별자치도 무주군 안성면 시장윗길 6,전북특별자치도 무주군 안성면 시장윗길 6,무주군,09:00~16:30,Y,open_reported,원천에 금융영업시간 기재,,우정사업본부 우체국 정보,2026-08-10
JB-329C6618C98F,우체국,무주무풍우체국,전북특별자치도 무주군 무풍면 현내로 230,전북특별자치도 무주군 무풍면 현내로 230,무주군,09:00~16:30,Y,open_reported,원천에 금융영업시간 기재,,우정사업본부 우체국 정보,2026-08-10
JB-C2A2B5B215AB,우체국,무주부남우체국,전북특별자치도 무주군 부남면 대소길 24,전북특별자치도 무주군 부남면 대소길 24,무주군,09:00~16:30,Y,open_reported,원천에 금융영업시간 기재,,우정사업본부 우체국 정보,2026-08-10
JB-4B9F1DAD5690,우체국,무주적상우체국,전북특별자치도 무주군 적상면 적상산로 24,전북특별자치도 무주군 적상면 적상산로 24,무주군,09:00~16:30,Y,open_reported,원천에 금융영업시간 기재,,우정사업본부 우체국 정보,2026-08-10
JB-CB064B7D8DBF,우체국,남원대강우체국,전북특별자치도 남원시 대강면 섬진로 859-1,전북특별자치도 남원시 대강면 섬진로 859-1,남원시,09:00~16:30,Y,open_reported,원천에 금융영업시간 기재,,우정사업본부 우체국 정보,2026-08-10
JB-4204BFD676AB,우체국,남원대산우체국,전북특별자치도 남원시 대산면 운교2길 16,전북특별자치도 남원시 대산면 운교2길 16,남원시,09:00~16:30,Y,open_reported,원천에 금융영업시간 기재,,우정사업본부 우체국 정보,2026-08-10
JB-06BF886E4359,우체국,남원송동우체국,전북특별자치도 남원시 송동면 송기안길 29-16,전북특별자치도 남원시 송동면 송기안길 29-16,남원시,09:00~16:30,Y,open_reported,원천에 금융영업시간 기재,,우정사업본부 우체국 정보,2026-08-10
JB-6AE646711C77,우체국,전주진북동우체국,전북특별자치도 전주시 덕진구 권삼득로 142,전북특별자치도 전주시 덕진구 권삼득로 142,전주시,09:00~16:30,Y,open_reported,원천에 금융영업시간 기재,,우정사업본부 우체국 정보,2026-08-10
JB-949FD4268E98,우체국,전주진북2동우체국,전북특별자치도 전주시 덕진구 벚꽃로 25,전북특별자치도 전주시 덕진구 벚꽃로 25,전주시,09:00~16:30,Y,open_reported,원천에 금융영업시간 기재,,우정사업본부 우체국 정보,2026-08-10
JB-057108BDABE4,우체국,완주운주우체국,전북특별자치도 완주군 운주면 운주로 108,전북특별자치도 완주군 운주면 운주로 108,완주군,09:00~16:30,Y,open_reported,원천에 금융영업시간 기재,,우정사업본부 우체국 정보,2026-08-10
JB-FCB0ACCA42E3,우체국,전주팔복동우체국,전북특별자치도 전주시 덕진구 신복5길 4,전북특별자치도 전주시 덕진구 신복5길 4,전주시,09:00~16:30,Y,open_reported,원천에 금융영업시간 기재,,우정사업본부 우체국 정보,2026-08-10
JB-9C73A61DA099,우체국,전주인후동우체국,전북특별자치도 전주시 덕진구 견훤로 312,전북특별자치도 전주시 덕진구 견훤로 312,전주시,09:00~16:30,Y,open_reported,원천에 금융영업시간 기재,,우정사업본부 우체국 정보,2026-08-10
JB-CFD609117618,우체국,전주송천동우체국,전북특별자치도 전주시 덕진구 송천중앙로 162,전북특별자치도 전주시 덕진구 송천중앙로 162,전주시,09:00~16:30,Y,open_reported,원천에 금융영업시간 기재,,우정사업본부 우체국 정보,2026-08-10
JB-1EF19DE4F35F,우체국,전주여의동우체국,전북특별자치도 전주시 덕진구 쪽구름로 80,전북특별자치도 전주시 덕진구 쪽구름로 80,전주시,"09:00~16:30 / (3.31~11.28 재건축,업무중지)",N,suspended_unverified,원천 기관명의 재건축/업무중지 안내; 현재 상태 미확인,,우정사업본부 우체국 정보,2026-08-10
JB-8094ADC63035,우체국,전주호성동우체국,전북특별자치도 전주시 덕진구 호성3길 10,전북특별자치도 전주시 덕진구 호성3길 10,전주시,09:00~16:30,Y,open_reported,원천에 금융영업시간 기재,,우정사업본부 우체국 정보,2026-08-10
JB-288F8934CA56,우체국,전주금암2동우편취급국,전북특별자치도 전주시 덕진구 조경단로 51,전북특별자치도 전주시 덕진구 조경단로 51,전주시,미운영,N,closed_reported,원천 금융영업시간=미운영,,우정사업본부 우체국 정보,2026-08-10
JB-E6DF10384BF4,우체국,전주성덕우편취급국,전북특별자치도 전주시 덕진구 번영로 214,전북특별자치도 전주시 덕진구 번영로 214,전주시,미운영,N,closed_reported,원천 금융영업시간=미운영,,우정사업본부 우체국 정보,2026-08-10
JB-DB8E1EE02E56,우체국,전주전은빌딩우편취급국,전북특별자치도 전주시 덕진구 백제대로 566,전북특별자치도 전주시 덕진구 백제대로 566,전주시,미운영,N,closed_reported,원천 금융영업시간=미운영,,우정사업본부 우체국 정보,2026-08-10
JB-ABF18DFA156B,우체국,완주소양우체국,전북특별자치도 완주군 소양면 소양로 232,전북특별자치도 완주군 소양면 소양로 232,완주군,09:00~16:30,Y,open_reported,원천에 금융영업시간 기재,,우정사업본부 우체국 정보,2026-08-10
JB-C0F45415DE85,우체국,완주비봉우체국,전북특별자치도 완주군 비봉면 비봉소농길 27,전북특별자치도 완주군 비봉면 비봉소농길 27,완주군,09:00~16:30,Y,open_reported,원천에 금융영업시간 기재,,우정사업본부 우체국 정보,2026-08-10
JB-B541EA8692B2,우체국,완주용진우체국,전북특별자치도 완주군 용진읍 완주로 178,전북특별자치도 완주군 용진읍 완주로 178,완주군,09:00~16:30,Y,open_reported,원천에 금융영업시간 기재,,우정사업본부 우체국 정보,2026-08-10
JB-63AE2BD0C914,우체국,완주상관우체국,전북특별자치도 완주군 상관면 신리로 59,전북특별자치도 완주군 상관면 신리로 59,완주군,09:00~16:30,Y,open_reported,원천에 금융영업시간 기재,,우정사업본부 우체국 정보,2026-08-10
JB-45768229B00F,우체국,완주봉동우체국,전북특별자치도 완주군 봉동읍 봉동로 157,전북특별자치도 완주군 봉동읍 봉동로 157,완주군,09:00~16:30,Y,open_reported,원천에 금융영업시간 기재,,우정사업본부 우체국 정보,2026-08-10
JB-8AF233DADD32,우체국,진안용담우체국,전북특별자치도 진안군 용담면 안용로 999,전북특별자치도 진안군 용담면 안용로 999,진안군,09:00~16:30,Y,open_reported,원천에 금융영업시간 기재,,우정사업본부 우체국 정보,2026-08-10
JB-89395C5F4680,우체국,진안마령우체국,전북특별자치도 진안군 마령면 임진로 2097,전북특별자치도 진안군 마령면 임진로 2097,진안군,09:00~16:30,Y,open_reported,원천에 금융영업시간 기재,,우정사업본부 우체국 정보,2026-08-10
JB-6705195F66D1,우체국,진안안천우체국,전북특별자치도 진안군 안천면 보한길 16,전북특별자치도 진안군 안천면 보한길 16,진안군,09:00~16:30,Y,open_reported,원천에 금융영업시간 기재,,우정사업본부 우체국 정보,2026-08-10
JB-55A3DA1CB512,우체국,진안백운우체국,전북특별자치도 진안군 백운면 임진로 1322,전북특별자치도 진안군 백운면 임진로 1322,진안군,09:00~16:30,Y,open_reported,원천에 금융영업시간 기재,,우정사업본부 우체국 정보,2026-08-10
JB-B5B468E36D89,우체국,완주화산우체국,전북특별자치도 완주군 화산면 화산로 830-18,전북특별자치도 완주군 화산면 화산로 830-18,완주군,09:00~16:30,Y,open_reported,원천에 금융영업시간 기재,,우정사업본부 우체국 정보,2026-08-10
JB-FC4C8210528E,우체국,완주동상우체국,전북특별자치도 완주군 동상면 동상로 1412,전북특별자치도 완주군 동상면 동상로 1412,완주군,09:00~16:30,Y,open_reported,원천에 금융영업시간 기재,,우정사업본부 우체국 정보,2026-08-10
JB-798AC59D0539,우체국,진안정천우체국,전북특별자치도 진안군 정천면 봉학로 73,전북특별자치도 진안군 정천면 봉학로 73,진안군,09:00~16:30,Y,open_reported,원천에 금융영업시간 기재,,우정사업본부 우체국 정보,2026-08-10
JB-18261961E624,우체국,진안주천우체국,전북특별자치도 진안군 주천면 동상주천로 2232,전북특별자치도 진안군 주천면 동상주천로 2232,진안군,09:00~16:30,Y,open_reported,원천에 금융영업시간 기재,,우정사업본부 우체국 정보,2026-08-10
JB-9A814D662F6A,우체국,진안동향우체국,전북특별자치도 진안군 동향면 양지길 37,전북특별자치도 진안군 동향면 양지길 37,진안군,09:00~16:30,Y,open_reported,원천에 금융영업시간 기재,,우정사업본부 우체국 정보,2026-08-10
JB-D76B3F7DB4B2,우체국,진안부귀우체국,전북특별자치도 진안군 부귀면 신거석길 8,전북특별자치도 진안군 부귀면 신거석길 8,진안군,09:00~16:30,Y,open_reported,원천에 금융영업시간 기재,,우정사업본부 우체국 정보,2026-08-10
JB-53B442837899,우체국,진안성수우체국,전북특별자치도 진안군 성수면 관진로 787,전북특별자치도 진안군 성수면 관진로 787,진안군,09:00~16:30,Y,open_reported,원천에 금융영업시간 기재,,우정사업본부 우체국 정보,2026-08-10
JB-B407C36DC52D,우체국,진안상전우체국,전북특별자치도 진안군 상전면 회사길 17-4,전북특별자치도 진안군 상전면 회사길 17-4,진안군,09:00~16:30,Y,open_reported,원천에 금융영업시간 기재,,우정사업본부 우체국 정보,2026-08-10
JB-83F094FD5A72,우체국,완주이서우체국,전북특별자치도 완주군 이서면 이서로 65,전북특별자치도 완주군 이서면 이서로 65,완주군,09:00~16:30,Y,open_reported,원천에 금융영업시간 기재,,우정사업본부 우체국 정보,2026-08-10
JB-4A8E9A579869,우체국,완주고산우체국,전북특별자치도 완주군 고산면 고산로 96,전북특별자치도 완주군 고산면 고산로 96,완주군,09:00~16:30,Y,open_reported,원천에 금융영업시간 기재,,우정사업본부 우체국 정보,2026-08-10
JB-2050FD712790,우체국,무주우체국,전북특별자치도 무주군 무주읍 주계로 100,전북특별자치도 무주군 무주읍 주계로 100,무주군,09:00~16:30,Y,open_reported,원천에 금융영업시간 기재,,우정사업본부 우체국 정보,2026-08-10
JB-245969F9B2B8,우체국,고창상하우체국,전북특별자치도 고창군 상하면 상하로 81,전북특별자치도 고창군 상하면 상하로 81,고창군,09:00~16:30,Y,open_reported,원천에 금융영업시간 기재,,우정사업본부 우체국 정보,2026-08-10
JB-31BB9F123946,우체국,군산임피우편취급국,전북특별자치도 군산시 임피면 동군산로 683,전북특별자치도 군산시 임피면 동군산로 683,군산시,미운영,N,closed_reported,원천 금융영업시간=미운영,,우정사업본부 우체국 정보,2026-08-10
JB-39F14FA7AE5C,우체국,군산산업단지우체국,전북특별자치도 군산시 요죽3길 14,전북특별자치도 군산시 요죽3길 14,군산시,09:00~16:30,Y,open_reported,원천에 금융영업시간 기재,,우정사업본부 우체국 정보,2026-08-10
JB-C2F0159954B0,우체국,익산오산우체국,전북특별자치도 익산시 오산면 평동로 313,전북특별자치도 익산시 오산면 평동로 313,익산시,09:00~16:30,Y,open_reported,원천에 금융영업시간 기재,,우정사업본부 우체국 정보,2026-08-10
JB-58322DEA3347,우체국,익산주현동우체국,전북특별자치도 익산시 서동로 53,전북특별자치도 익산시 서동로 53,익산시,09:00~16:30,Y,open_reported,원천에 금융영업시간 기재,,우정사업본부 우체국 정보,2026-08-10
JB-1C1873DCE1A6,우체국,익산동산동우체국,전북특별자치도 익산시 평동로 734,전북특별자치도 익산시 평동로 734,익산시,09:00~16:30,Y,open_reported,원천에 금융영업시간 기재,,우정사업본부 우체국 정보,2026-08-10
JB-87A7ACA93A18,우체국,익산영등2동우체국,전북특별자치도 익산시 무왕로13길 20,전북특별자치도 익산시 무왕로13길 20,익산시,09:00~16:30,Y,open_reported,원천에 금융영업시간 기재,,우정사업본부 우체국 정보,2026-08-10
JB-6A64F33A12D4,우체국,익산신동우체국,전북특별자치도 익산시 익산대로64길 22,전북특별자치도 익산시 익산대로64길 22,익산시,09:00~16:30,Y,open_reported,원천에 금융영업시간 기재,,우정사업본부 우체국 정보,2026-08-10
JB-56B58E663359,우체국,익산부송동우체국,전북특별자치도 익산시 부송1로 67-4,전북특별자치도 익산시 부송1로 67-4,익산시,09:00~16:30,Y,open_reported,원천에 금융영업시간 기재,,우정사업본부 우체국 정보,2026-08-10
JB-0F7C962385AD,우체국,고창대산우체국,전북특별자치도 고창군 대산면 대성로 266-6,전북특별자치도 고창군 대산면 대성로 266-6,고창군,09:00~16:30,Y,open_reported,원천에 금융영업시간 기재,,우정사업본부 우체국 정보,2026-08-10
JB-B7E91FC59474,우체국,고창심원우체국,전북특별자치도 고창군 심원면 심원로 210,전북특별자치도 고창군 심원면 심원로 210,고창군,09:00~16:30,Y,open_reported,원천에 금융영업시간 기재,,우정사업본부 우체국 정보,2026-08-10
JB-5097BBDEEB24,우체국,고창아산우체국,전북특별자치도 고창군 아산면 녹두로 798,전북특별자치도 고창군 아산면 녹두로 798,고창군,09:00~16:30,Y,open_reported,원천에 금융영업시간 기재,,우정사업본부 우체국 정보,2026-08-10
JB-24AC01C22E25,우체국,고창부안우체국,전북특별자치도 고창군 부안면 복분자로 903-1,전북특별자치도 고창군 부안면 복분자로 903-1,고창군,09:00~16:30,Y,open_reported,원천에 금융영업시간 기재,,우정사업본부 우체국 정보,2026-08-10
JB-62AE3CF3337A,우체국,군산나운동우체국,전북특별자치도 군산시 공단대로 400,전북특별자치도 군산시 공단대로 400,군산시,09:00~16:30,Y,open_reported,원천에 금융영업시간 기재,,우정사업본부 우체국 정보,2026-08-10
JB-4FE7459D93E1,우체국,익산낭산우체국,전북특별자치도 익산시 낭산면 함낭로 951,전북특별자치도 익산시 낭산면 함낭로 951,익산시,09:00~16:30,Y,open_reported,원천에 금융영업시간 기재,,우정사업본부 우체국 정보,2026-08-10
JB-DA1AEAFDA6AB,우체국,익산황등우체국,전북특별자치도 익산시 황등면 황등로 105,전북특별자치도 익산시 황등면 황등로 105,익산시,09:00~16:30,Y,open_reported,원천에 금융영업시간 기재,,우정사업본부 우체국 정보,2026-08-10
JB-5490BDCDA91B,우체국,고창해리우체국,전북특별자치도 고창군 해리면 해리중앙로 96-1,전북특별자치도 고창군 해리면 해리중앙로 96-1,고창군,09:00~16:30,Y,open_reported,원천에 금융영업시간 기재,,우정사업본부 우체국 정보,2026-08-10
JB-66163997E016,우체국,고창삼흥우편취급국,전북특별자치도 고창군 고창읍 천변북로 63,전북특별자치도 고창군 고창읍 천변북로 63,고창군,미운영,N,closed_reported,원천 금융영업시간=미운영,,우정사업본부 우체국 정보,2026-08-10
JB-605E93196113,우체국,군산문화동우체국,전북특별자치도 군산시 팔마로 14,전북특별자치도 군산시 팔마로 14,군산시,09:00~16:30,Y,open_reported,원천에 금융영업시간 기재,,우정사업본부 우체국 정보,2026-08-10
JB-8ABAE75446F5,우체국,군산조촌동우체국,전북특별자치도 군산시 조촌로 13,전북특별자치도 군산시 조촌로 13,군산시,09:00~16:30,Y,open_reported,원천에 금융영업시간 기재,,우정사업본부 우체국 정보,2026-08-10
JB-1A5AF7A7DBE2,우체국,군산대야우체국,전북특별자치도 군산시 대야면 번영로 883,전북특별자치도 군산시 대야면 번영로 883,군산시,09:00~16:30,Y,open_reported,원천에 금융영업시간 기재,,우정사업본부 우체국 정보,2026-08-10
JB-A70CE77A15D6,우체국,군산옥서우체국,전북특별자치도 군산시 옥서면 원성산1길 28,전북특별자치도 군산시 옥서면 원성산1길 28,군산시,09:00~12:00,Y,open_reported,원천에 금융영업시간 기재,,우정사업본부 우체국 정보,2026-08-10
JB-33207E596DFC,우체국,군산옥산우체국,전북특별자치도 군산시 옥산면 산성로 227,전북특별자치도 군산시 옥산면 산성로 227,군산시,09:00~16:30,Y,open_reported,원천에 금융영업시간 기재,,우정사업본부 우체국 정보,2026-08-10
JB-C0F3B9DD839F,우체국,군산개정우체국,전북특별자치도 군산시 개정면 아동남로 29,전북특별자치도 군산시 개정면 아동남로 29,군산시,09:00~16:30,Y,open_reported,원천에 금융영업시간 기재,,우정사업본부 우체국 정보,2026-08-10
JB-55C697FF6D8D,우체국,익산망성우체국,전북특별자치도 익산시 망성면 무네미길 107,전북특별자치도 익산시 망성면 무네미길 107,익산시,09:00~16:30,Y,open_reported,원천에 금융영업시간 기재,,우정사업본부 우체국 정보,2026-08-10
JB-700C81229D2A,우체국,익산중앙동우체국,전북특별자치도 익산시 평동로7길 57,전북특별자치도 익산시 평동로7길 57,익산시,09:00~16:30 / ( ~ 26.4.19. 재건축으로 업무중,N,suspended_unverified,원천 기관명의 재건축/업무중지 안내; 현재 상태 미확인,,우정사업본부 우체국 정보,2026-08-10
JB-C2074D0588DE,우체국,익산용동출장소,전북특별자치도 익산시 용동면 용동1길 85,전북특별자치도 익산시 용동면 용동1길 85,익산시,09:00~12:00,Y,open_reported,원천에 금융영업시간 기재,,우정사업본부 우체국 정보,2026-08-10
JB-78A992C6FF7E,우체국,익산팔봉동우체국,전북특별자치도 익산시 무왕로 1383,전북특별자치도 익산시 무왕로 1383,익산시,09:00~16:30,Y,open_reported,원천에 금융영업시간 기재,,우정사업본부 우체국 정보,2026-08-10
JB-A490D94501DE,우체국,군산나포우체국,전북특별자치도 군산시 나포면 십자들로 648,전북특별자치도 군산시 나포면 십자들로 648,군산시,09:00~16:30,Y,open_reported,원천에 금융영업시간 기재,,우정사업본부 우체국 정보,2026-08-10
JB-7AD3BD2AB7AA,우체국,고창무장우체국,전북특별자치도 고창군 무장면 무장읍 성길 18,전북특별자치도 고창군 무장면 무장읍 성길 18,고창군,09:00~16:30,Y,open_reported,원천에 금융영업시간 기재,,우정사업본부 우체국 정보,2026-08-10
JB-8C220EA9BFA1,우체국,군산서수우체국,전북특별자치도 군산시 서수면 항쟁로 208,전북특별자치도 군산시 서수면 항쟁로 208,군산시,09:00~16:30,Y,open_reported,원천에 금융영업시간 기재,,우정사업본부 우체국 정보,2026-08-10
JB-9D1B8045243C,우체국,익산용안우체국,전북특별자치도 익산시 용안면 현내로 379,전북특별자치도 익산시 용안면 현내로 379,익산시,09:00~16:30,Y,open_reported,원천에 금융영업시간 기재,,우정사업본부 우체국 정보,2026-08-10
JB-291D6D96EB8F,우체국,익산성당우체국,전북특별자치도 익산시 성당면 성당로 200,전북특별자치도 익산시 성당면 성당로 200,익산시,09:00~16:30,Y,open_reported,원천에 금융영업시간 기재,,우정사업본부 우체국 정보,2026-08-10
JB-67926F8A5743,우체국,임실덕치우체국,전북특별자치도 임실군 덕치면 인덕로 1397-1,전북특별자치도 임실군 덕치면 인덕로 1397-1,임실군,09:00~16:30,Y,open_reported,원천에 금융영업시간 기재,,우정사업본부 우체국 정보,2026-08-10
JB-039558304579,우체국,임실성수우체국,전북특별자치도 임실군 성수면 임진로 204,전북특별자치도 임실군 성수면 임진로 204,임실군,09:00~16:30,Y,open_reported,원천에 금융영업시간 기재,,우정사업본부 우체국 정보,2026-08-10
JB-D3B3FC82BD73,우체국,임실우체국,전북특별자치도 임실군 임실읍 봉황8길 27,전북특별자치도 임실군 임실읍 봉황8길 27,임실군,09:00~16:30,Y,open_reported,원천에 금융영업시간 기재,,우정사업본부 우체국 정보,2026-08-10
JB-882B7068D10E,우체국,임실관촌우체국,전북특별자치도 임실군 관촌면 사선로 33,전북특별자치도 임실군 관촌면 사선로 33,임실군,09:00~16:30,Y,open_reported,원천에 금융영업시간 기재,,우정사업본부 우체국 정보,2026-08-10
JB-51FAB57159DA,우체국,임실강진우체국,전북특별자치도 임실군 강진면 호국로 52,전북특별자치도 임실군 강진면 호국로 52,임실군,09:00~16:30,Y,open_reported,원천에 금융영업시간 기재,,우정사업본부 우체국 정보,2026-08-10
JB-6E27CCC670BF,우체국,임실삼계우체국,전북특별자치도 임실군 삼계면 충효로 1293,전북특별자치도 임실군 삼계면 충효로 1293,임실군,09:00~16:30,Y,open_reported,원천에 금융영업시간 기재,,우정사업본부 우체국 정보,2026-08-10
JB-F3968E4252FF,우체국,임실신평우체국,전북특별자치도 임실군 신평면 원천1길 3,전북특별자치도 임실군 신평면 원천1길 3,임실군,09:00~16:30,Y,open_reported,원천에 금융영업시간 기재,,우정사업본부 우체국 정보,2026-08-10
JB-A67210F7B550,우체국,임실청웅우체국,전북특별자치도 임실군 청웅면 청웅로 164,전북특별자치도 임실군 청웅면 청웅로 164,임실군,09:00~16:30,Y,open_reported,원천에 금융영업시간 기재,,우정사업본부 우체국 정보,2026-08-10
JB-340FD279E0C7,우체국,임실지사우체국,전북특별자치도 임실군 지사면 충효로 2411,전북특별자치도 임실군 지사면 충효로 2411,임실군,09:00~16:30,Y,open_reported,원천에 금융영업시간 기재,,우정사업본부 우체국 정보,2026-08-10
JB-077BEFE23813,우체국,익산소라우편취급국,전북특별자치도 익산시 인북로 327-4,전북특별자치도 익산시 인북로 327-4,익산시,미운영,N,closed_reported,원천 금융영업시간=미운영,,우정사업본부 우체국 정보,2026-08-10
JB-2B45EE0AD027,우체국,익산웅포우체국,전북특별자치도 익산시 웅포면 강변로 11,전북특별자치도 익산시 웅포면 강변로 11,익산시,09:00~16:30,Y,open_reported,원천에 금융영업시간 기재,,우정사업본부 우체국 정보,2026-08-10
JB-A58D1BCB9575,우체국,임실운암우체국,전북특별자치도 임실군 운암면 임운로 1883-6,전북특별자치도 임실군 운암면 임운로 1883-6,임실군,09:00~16:30,Y,open_reported,원천에 금융영업시간 기재,,우정사업본부 우체국 정보,2026-08-10
JB-6DF1E5BD80C3,우체국,김제용지우체국,전북특별자치도 김제시 용지면 용지로 448,전북특별자치도 김제시 용지면 용지로 448,김제시,09:00~16:30,Y,open_reported,원천에 금융영업시간 기재,,우정사업본부 우체국 정보,2026-08-10
JB-EB308D754C3A,우체국,김제월촌동우체국,전북특별자치도 김제시 벽골제로 802,전북특별자치도 김제시 벽골제로 802,김제시,09:00~16:30,Y,open_reported,원천에 금융영업시간 기재,,우정사업본부 우체국 정보,2026-08-10
JB-5C3DA2C7BFBA,우체국,김제황산우체국,전북특별자치도 김제시 황산면 용마로 64,전북특별자치도 김제시 황산면 용마로 64,김제시,09:00~16:30,Y,open_reported,원천에 금융영업시간 기재,,우정사업본부 우체국 정보,2026-08-10
JB-6AB2193EF67D,우체국,전주태평동우체국,전북특별자치도 전주시 완산구 태평3길 35,전북특별자치도 전주시 완산구 태평3길 35,전주시,09:00~16:30,Y,open_reported,원천에 금융영업시간 기재,,우정사업본부 우체국 정보,2026-08-10
JB-29A53FCC0325,우체국,전주중노송동우체국,전북특별자치도 전주시 완산구 인봉북로 2,전북특별자치도 전주시 완산구 인봉북로 2,전주시,09:00~16:30,Y,open_reported,원천에 금융영업시간 기재,,우정사업본부 우체국 정보,2026-08-10
JB-00769D29DE57,우체국,전주서학동우체국,전북특별자치도 전주시 완산구 팔달로 15,전북특별자치도 전주시 완산구 팔달로 15,전주시,"09:00~16:30 / (재건축,'25.5.7.~11.",N,suspended_unverified,원천 기관명의 재건축/업무중지 안내; 현재 상태 미확인,,우정사업본부 우체국 정보,2026-08-10
JB-02B4240330D2,우체국,전주서신동우체국,전북특별자치도 전주시 완산구 서신천변14길 6-5,전북특별자치도 전주시 완산구 서신천변14길 6-5,전주시,09:00~16:30,Y,open_reported,원천에 금융영업시간 기재,,우정사업본부 우체국 정보,2026-08-10
JB-9DAD7DF6001A,우체국,김제우체국,전북특별자치도 김제시 중앙로 85,전북특별자치도 김제시 중앙로 85,김제시,09:00~16:30,Y,open_reported,원천에 금융영업시간 기재,,우정사업본부 우체국 정보,2026-08-10
JB-D9B94E5DB97F,우체국,김제금구우체국,전북특별자치도 김제시 금구면 금구로 45,전북특별자치도 김제시 금구면 금구로 45,김제시,09:00~16:30,Y,open_reported,원천에 금융영업시간 기재,,우정사업본부 우체국 정보,2026-08-10
JB-EEBE0AC34B32,우체국,김제만경우체국,전북특별자치도 김제시 만경읍 두내산로 48,전북특별자치도 김제시 만경읍 두내산로 48,김제시,09:00~16:30,Y,open_reported,원천에 금융영업시간 기재,,우정사업본부 우체국 정보,2026-08-10
JB-7A3F41091351,우체국,김제금산우체국,전북특별자치도 김제시 금산면 모악로 3,전북특별자치도 김제시 금산면 모악로 3,김제시,09:00~16:30,Y,open_reported,원천에 금융영업시간 기재,,우정사업본부 우체국 정보,2026-08-10
JB-3D85B0F76D6C,우체국,김제죽산우체국,전북특별자치도 김제시 죽산면 해학로 20,전북특별자치도 김제시 죽산면 해학로 20,김제시,14:00~16:30,Y,open_reported,원천에 금융영업시간 기재,,우정사업본부 우체국 정보,2026-08-10
JB-615203151E4C,우체국,김제부량우편취급국,전북특별자치도 김제시 부량면 부량로 11,전북특별자치도 김제시 부량면 부량로 11,김제시,미운영,N,closed_reported,원천 금융영업시간=미운영,,우정사업본부 우체국 정보,2026-08-10
JB-167AAFB4AB48,우체국,김제백구우체국,전북특별자치도 김제시 백구면 번영로 2514,전북특별자치도 김제시 백구면 번영로 2514,김제시,09:00~16:30,Y,open_reported,원천에 금융영업시간 기재,,우정사업본부 우체국 정보,2026-08-10
JB-F1296F7DA64A,우체국,김제신풍동우체국,전북특별자치도 김제시 중앙로 206,전북특별자치도 김제시 중앙로 206,김제시,09:00~16:30,Y,open_reported,원천에 금융영업시간 기재,,우정사업본부 우체국 정보,2026-08-10
JB-A9A29A96E99F,우체국,김제봉남우체국,전북특별자치도 김제시 봉남면 봉남로 429-1,전북특별자치도 김제시 봉남면 봉남로 429-1,김제시,09:00~16:30,Y,open_reported,원천에 금융영업시간 기재,,우정사업본부 우체국 정보,2026-08-10
JB-933CB44DF80C,우체국,김제광활우체국,전북특별자치도 김제시 광활면 광활11길 30-4,전북특별자치도 김제시 광활면 광활11길 30-4,김제시,09:00~16:30,Y,open_reported,원천에 금융영업시간 기재,,우정사업본부 우체국 정보,2026-08-10
JB-F5EE57D7AFF4,우체국,김제공덕우편취급국,전북특별자치도 김제시 공덕면 공덕로 238,전북특별자치도 김제시 공덕면 공덕로 238,김제시,미운영,N,closed_reported,원천 금융영업시간=미운영,,우정사업본부 우체국 정보,2026-08-10
JB-474520FD61AF,우체국,김제청하우체국,전북특별자치도 김제시 청하면 만경로 1433,전북특별자치도 김제시 청하면 만경로 1433,김제시,09:00~16:30,Y,open_reported,원천에 금융영업시간 기재,,우정사업본부 우체국 정보,2026-08-10
JB-27C82B75A5BA,우체국,김제진봉우체국,전북특별자치도 김제시 진봉면 진봉로 488,전북특별자치도 김제시 진봉면 진봉로 488,김제시,09:00~16:30,Y,open_reported,원천에 금융영업시간 기재,,우정사업본부 우체국 정보,2026-08-10
JB-92E4A290ECB9,우체국,고창고수우체국,전북특별자치도 고창군 고수면 고수로 5,전북특별자치도 고창군 고수면 고수로 5,고창군,09:00~16:30,Y,open_reported,원천에 금융영업시간 기재,,우정사업본부 우체국 정보,2026-08-10
JB-F6C44BB77238,우체국,전주중화산동우체국,전북특별자치도 전주시 완산구 백제대로 280,전북특별자치도 전주시 완산구 백제대로 280,전주시,09:00~16:30,Y,open_reported,원천에 금융영업시간 기재,,우정사업본부 우체국 정보,2026-08-10
JB-6217CB620D51,우체국,전주삼천동우체국,전북특별자치도 전주시 완산구 거마중앙로 47,전북특별자치도 전주시 완산구 거마중앙로 47,전주시,09:00~16:30,Y,open_reported,원천에 금융영업시간 기재,,우정사업본부 우체국 정보,2026-08-10
JB-0195A3FECD0D,우체국,전주효자4동우체국,전북특별자치도 전주시 완산구 서곡로 94,전북특별자치도 전주시 완산구 서곡로 94,전주시,09:00~16:30,Y,open_reported,원천에 금융영업시간 기재,,우정사업본부 우체국 정보,2026-08-10
JB-AA54854492DA,우체국,전주교동우편취급국,전북특별자치도 전주시 완산구 향교길 98,전북특별자치도 전주시 완산구 향교길 98,전주시,미운영,N,closed_reported,원천 금융영업시간=미운영,,우정사업본부 우체국 정보,2026-08-10
JB-9EE364D87F8D,우체국,전주서원우편취급국,전북특별자치도 전주시 완산구 거마평로 218,전북특별자치도 전주시 완산구 거마평로 218,전주시,미운영,N,closed_reported,원천 금융영업시간=미운영,,우정사업본부 우체국 정보,2026-08-10
JB-064A0494C99A,우체국,전주근영우편취급국,전북특별자치도 전주시 완산구 중화산로 98,전북특별자치도 전주시 완산구 중화산로 98,전주시,미운영,N,closed_reported,원천 금융영업시간=미운영,,우정사업본부 우체국 정보,2026-08-10
JB-D71AD2FECC03,우체국,전주서부우편취급국,전북특별자치도 전주시 완산구 하거마3길 25-14,전북특별자치도 전주시 완산구 하거마3길 25-14,전주시,미운영,N,closed_reported,원천 금융영업시간=미운영,,우정사업본부 우체국 정보,2026-08-10
JB-52E301D0F470,우체국,전북도청출장소,전북특별자치도 전주시 완산구 효자로 225,전북특별자치도 전주시 완산구 효자로 225,전주시,09:00~16:30,Y,open_reported,원천에 금융영업시간 기재,,우정사업본부 우체국 정보,2026-08-10
JB-0EE950A0AB0D,우체국,고창우체국,전북특별자치도 고창군 고창읍 월곡1길 7,전북특별자치도 고창군 고창읍 월곡1길 7,고창군,09:00~16:30,Y,open_reported,원천에 금융영업시간 기재,,우정사업본부 우체국 정보,2026-08-10
JB-DD5617B2F387,우체국,김제성덕우체국,전북특별자치도 김제시 성덕면 지평선로 90,전북특별자치도 김제시 성덕면 지평선로 90,김제시,09:00~16:30,Y,open_reported,원천에 금융영업시간 기재,,우정사업본부 우체국 정보,2026-08-10
JB-4CB2596A21D3,우체국,김제백산우체국,전북특별자치도 김제시 백산면 학당길 6,전북특별자치도 김제시 백산면 학당길 6,김제시,09:00~16:30,Y,open_reported,원천에 금융영업시간 기재,,우정사업본부 우체국 정보,2026-08-10
JB-B91AA5CCA389,우체국,전주경원동우체국,전북특별자치도 전주시 완산구 전라감영5길 20,전북특별자치도 전주시 완산구 전라감영5길 20,전주시,09:00~16:30,Y,open_reported,원천에 금융영업시간 기재,,우정사업본부 우체국 정보,2026-08-10
JB-0767D9C54772,우체국,전주효자3동우체국,전북특별자치도 전주시 완산구 효자천변2길 15,전북특별자치도 전주시 완산구 효자천변2길 15,전주시,09:00~16:30,Y,open_reported,원천에 금융영업시간 기재,,우정사업본부 우체국 정보,2026-08-10
JB-D3B39D324C58,우체국,전주평화동우체국,전북특별자치도 전주시 완산구 평화로 164,전북특별자치도 전주시 완산구 평화로 164,전주시,09:00~16:30,Y,open_reported,원천에 금융영업시간 기재,,우정사업본부 우체국 정보,2026-08-10
JB-E764CD09909A,우체국,전주기전대학우편취급국,전북특별자치도 전주시 완산구 전주천서로 267,전북특별자치도 전주시 완산구 전주천서로 267,전주시,미운영,N,closed_reported,원천 금융영업시간=미운영,,우정사업본부 우체국 정보,2026-08-10
JB-9180CFDC25E5,우체국,익산왕궁우체국,전북특별자치도 익산시 왕궁면 왕궁로 533,전북특별자치도 익산시 왕궁면 왕궁로 533,익산시,09:00~16:30,Y,open_reported,원천에 금융영업시간 기재,,우정사업본부 우체국 정보,2026-08-10
JB-D7D1E0C1AA65,우체국,익산춘포우체국,전북특별자치도 익산시 춘포면 춘포2길 17,전북특별자치도 익산시 춘포면 춘포2길 17,익산시,09:00~16:30,Y,open_reported,원천에 금융영업시간 기재,,우정사업본부 우체국 정보,2026-08-10
JB-3689C00743E7,우체국,군산세종우편취급국,"전북특별자치도 군산시 백릉로 162, 상가 2층","전북특별자치도 군산시 백릉로 162, 상가 2층",군산시,미운영,N,closed_reported,원천 금융영업시간=미운영,,우정사업본부 우체국 정보,2026-08-10
JB-99C0C60BFE41,우체국,익산2공단우체국,전북특별자치도 익산시 석암로3길 67,전북특별자치도 익산시 석암로3길 67,익산시,09:00~16:30,Y,open_reported,원천에 금융영업시간 기재,,우정사업본부 우체국 정보,2026-08-10
JB-E0B51EE9035A,우체국,익산금마우체국,전북특별자치도 익산시 금마면 금마길 55,전북특별자치도 익산시 금마면 금마길 55,익산시,09:00~16:30,Y,open_reported,원천에 금융영업시간 기재,,우정사업본부 우체국 정보,2026-08-10
JB-C354A20384D5,우체국,익산남중동우체국,전북특별자치도 익산시 인북로 242,전북특별자치도 익산시 인북로 242,익산시,09:00~16:30,Y,open_reported,원천에 금융영업시간 기재,,우정사업본부 우체국 정보,2026-08-10
JB-A003AD7ED7AD,우체국,부안우체국,전북특별자치도 부안군 부안읍 석정로 192,전북특별자치도 부안군 부안읍 석정로 192,부안군,09:00~16:30,Y,open_reported,원천에 금융영업시간 기재,,우정사업본부 우체국 정보,2026-08-10
JB-AE8047301A36,우체국,부안계화우체국,전북특별자치도 부안군 계화면 간재로 400,전북특별자치도 부안군 계화면 간재로 400,부안군,09:00~16:30,Y,open_reported,원천에 금융영업시간 기재,,우정사업본부 우체국 정보,2026-08-10
JB-CBE2CFB62187,우체국,부안변산우체국,전북특별자치도 부안군 변산면 지서로 77,전북특별자치도 부안군 변산면 지서로 77,부안군,09:00~16:30,Y,open_reported,원천에 금융영업시간 기재,,우정사업본부 우체국 정보,2026-08-10
JB-5E2BAA1DE063,우체국,부안줄포우체국,전북특별자치도 부안군 줄포면 줄포중앙로 52,전북특별자치도 부안군 줄포면 줄포중앙로 52,부안군,09:00~16:30,Y,open_reported,원천에 금융영업시간 기재,,우정사업본부 우체국 정보,2026-08-10
JB-0846C53F19FC,우체국,부안서외우편취급국,전북특별자치도 부안군 부안읍 번영로 94-1,전북특별자치도 부안군 부안읍 번영로 94-1,부안군,미운영,N,closed_reported,원천 금융영업시간=미운영,,우정사업본부 우체국 정보,2026-08-10
JB-94F5E6D03E66,우체국,고창성내우체국,전북특별자치도 고창군 성내면 시기1길 41,전북특별자치도 고창군 성내면 시기1길 41,고창군,09:00~16:30,Y,open_reported,원천에 금융영업시간 기재,,우정사업본부 우체국 정보,2026-08-10
JB-23959CAFB64E,우체국,고창흥덕우체국,전북특별자치도 고창군 흥덕면 선운대로 3755,전북특별자치도 고창군 흥덕면 선운대로 3755,고창군,09:00~16:30,Y,open_reported,원천에 금융영업시간 기재,,우정사업본부 우체국 정보,2026-08-10
JB-80E6E61EDAAC,우체국,고창성송우체국,전북특별자치도 고창군 성송면 대성로 790,전북특별자치도 고창군 성송면 대성로 790,고창군,09:00~16:30,Y,open_reported,원천에 금융영업시간 기재,,우정사업본부 우체국 정보,2026-08-10
JB-6C9337BE6D4A,우체국,고창공음우체국,전북특별자치도 고창군 공음면 공음길 47-1,전북특별자치도 고창군 공음면 공음길 47-1,고창군,09:00~16:30,Y,open_reported,원천에 금융영업시간 기재,,우정사업본부 우체국 정보,2026-08-10
JB-553E534EAAA6,우체국,부안하서우체국,전북특별자치도 부안군 하서면 신지길 1,전북특별자치도 부안군 하서면 신지길 1,부안군,09:00~16:30,Y,open_reported,원천에 금융영업시간 기재,,우정사업본부 우체국 정보,2026-08-10
JB-BB6904E339EA,우체국,부안상서우체국,전북특별자치도 부안군 상서면 부안로 2004,전북특별자치도 부안군 상서면 부안로 2004,부안군,09:00~16:30,Y,open_reported,원천에 금융영업시간 기재,,우정사업본부 우체국 정보,2026-08-10
JB-137E38053317,우체국,부안보안우체국,전북특별자치도 부안군 보안면 부안로 1134,전북특별자치도 부안군 보안면 부안로 1134,부안군,09:00~16:30,Y,open_reported,원천에 금융영업시간 기재,,우정사업본부 우체국 정보,2026-08-10
JB-4EE4B046B0E2,우체국,고창신림우체국,전북특별자치도 고창군 신림면 임리1길 15-2,전북특별자치도 고창군 신림면 임리1길 15-2,고창군,09:00~16:30,Y,open_reported,원천에 금융영업시간 기재,,우정사업본부 우체국 정보,2026-08-10
JB-3505339CFAE3,우체국,군산나운2동우체국,전북특별자치도 군산시 백토로 111,전북특별자치도 군산시 백토로 111,군산시,09:00~16:30,Y,open_reported,원천에 금융영업시간 기재,,우정사업본부 우체국 정보,2026-08-10
JB-00CB6747D0D8,우체국,군산지곡동우체국,전북특별자치도 군산시 백토로 227,전북특별자치도 군산시 백토로 227,군산시,09:00~16:30,Y,open_reported,원천에 금융영업시간 기재,,우정사업본부 우체국 정보,2026-08-10
JB-AA59A6578D71,우체국,군산소룡동우체국,전북특별자치도 군산시 공항로 89,전북특별자치도 군산시 공항로 89,군산시,09:00~16:30,Y,open_reported,원천에 금융영업시간 기재,,우정사업본부 우체국 정보,2026-08-10
JB-E2AE24191B3D,우체국,익산삼기우체국,전북특별자치도 익산시 삼기면 황금로 516,전북특별자치도 익산시 삼기면 황금로 516,익산시,09:00~16:30,Y,open_reported,원천에 금융영업시간 기재,,우정사업본부 우체국 정보,2026-08-10
JB-5B87C3368F04,우체국,익산함라우체국,전북특별자치도 익산시 함라면 천남길 2,전북특별자치도 익산시 함라면 천남길 2,익산시,14:00~16:30,Y,open_reported,원천에 금융영업시간 기재,,우정사업본부 우체국 정보,2026-08-10
JB-F1683D9D2CD9,우체국,익산터질목우편취급국,"전북특별자치도 익산시 하나로 357,","전북특별자치도 익산시 하나로 357,",익산시,미운영,N,closed_reported,원천 금융영업시간=미운영,,우정사업본부 우체국 정보,2026-08-10
JB-C74F75C6E461,우체국,부안곰소우체국,전북특별자치도 부안군 진서면 청자로 937-1,전북특별자치도 부안군 진서면 청자로 937-1,부안군,09:00~16:30,Y,open_reported,원천에 금융영업시간 기재,,우정사업본부 우체국 정보,2026-08-10
JB-4B7101B508B7,우체국,부안위도우체국,전북특별자치도 부안군 위도면 위도로 259,전북특별자치도 부안군 위도면 위도로 259,부안군,09:00~16:30,Y,open_reported,원천에 금융영업시간 기재,,우정사업본부 우체국 정보,2026-08-10
JB-39CDCCE73433,우체국,부안주산우체국,전북특별자치도 부안군 주산면 선돌로 364,전북특별자치도 부안군 주산면 선돌로 364,부안군,09:00~16:30,Y,open_reported,원천에 금융영업시간 기재,,우정사업본부 우체국 정보,2026-08-10
JB-EC66479F50B8,우체국,부안백산우체국,전북특별자치도 부안군 백산면 시기길 14,전북특별자치도 부안군 백산면 시기길 14,부안군,09:00~16:30,Y,open_reported,원천에 금융영업시간 기재,,우정사업본부 우체국 정보,2026-08-10
JB-6ADAE5E4015F,우체국,우석대학교우편취급국,전북특별자치도 완주군 삼례읍 삼례로 443,전북특별자치도 완주군 삼례읍 삼례로 443,완주군,미운영,N,closed_reported,원천 금융영업시간=미운영,,우정사업본부 우체국 정보,2026-08-10
JB-94F1DE5AB4C5,우체국,장수장계우체국,전북특별자치도 장수군 장계면 한들로 94,전북특별자치도 장수군 장계면 한들로 94,장수군,09:00~16:30,Y,open_reported,원천에 금융영업시간 기재,,우정사업본부 우체국 정보,2026-08-10
JB-317D9ECC4669,우체국,장수번암우체국,전북특별자치도 장수군 번암면 장수로 471,전북특별자치도 장수군 번암면 장수로 471,장수군,09:00~16:30,Y,open_reported,원천에 금융영업시간 기재,,우정사업본부 우체국 정보,2026-08-10
JB-0AC38A67B5A3,우체국,장수산서우체국,전북특별자치도 장수군 산서면 보산로 1852,전북특별자치도 장수군 산서면 보산로 1852,장수군,09:00~16:30,Y,open_reported,원천에 금융영업시간 기재,,우정사업본부 우체국 정보,2026-08-10
JB-38F8CC6AA529,우체국,장수계북우체국,전북특별자치도 장수군 계북면 장무로 970,전북특별자치도 장수군 계북면 장무로 970,장수군,09:00~16:30,Y,open_reported,원천에 금융영업시간 기재,,우정사업본부 우체국 정보,2026-08-10
JB-2461AAB6ACDD,우체국,장수계남우체국,전북특별자치도 장수군 계남면 장수로 3078,전북특별자치도 장수군 계남면 장수로 3078,장수군,09:00~16:30,Y,open_reported,원천에 금융영업시간 기재,,우정사업본부 우체국 정보,2026-08-10
JB-B84C818A0632,우체국,장수천천우체국,전북특별자치도 장수군 천천면 송탄로 43,전북특별자치도 장수군 천천면 송탄로 43,장수군,09:00~16:30,Y,open_reported,원천에 금융영업시간 기재,,우정사업본부 우체국 정보,2026-08-10
JB-903E6A826D42,우체국,전주지법군산지원우체국,전북특별자치도 군산시 법원로 68,전북특별자치도 군산시 법원로 68,군산시,09:00~16:30,Y,open_reported,원천에 금융영업시간 기재,,우정사업본부 우체국 정보,2026-08-10
JB-045C4746C34E,우체국,군산성산우체국,전북특별자치도 군산시 성산면 동군산로 52,전북특별자치도 군산시 성산면 동군산로 52,군산시,09:00~16:30,Y,open_reported,원천에 금융영업시간 기재,,우정사업본부 우체국 정보,2026-08-10
JB-025693CEBC10,우체국,익산여산우체국,전북특별자치도 익산시 여산면 가람로 382,전북특별자치도 익산시 여산면 가람로 382,익산시,09:00~16:30,Y,open_reported,원천에 금융영업시간 기재,,우정사업본부 우체국 정보,2026-08-10
JB-437627BFFBBC,우체국,임실신덕우체국,전북특별자치도 임실군 신덕면 수지로 99,전북특별자치도 임실군 신덕면 수지로 99,임실군,09:00~16:30,Y,open_reported,원천에 금융영업시간 기재,,우정사업본부 우체국 정보,2026-08-10
JB-C28F384FB696,우체국,임실오수우체국,전북특별자치도 임실군 오수면 삼일로 19,전북특별자치도 임실군 오수면 삼일로 19,임실군,09:00~16:30,Y,open_reported,원천에 금융영업시간 기재,,우정사업본부 우체국 정보,2026-08-10
JB-B4699649A7AB,우체국,진안우체국,전북특별자치도 진안군 진안읍 진무로 1114,전북특별자치도 진안군 진안읍 진무로 1114,진안군,09:00~16:30,Y,open_reported,원천에 금융영업시간 기재,,우정사업본부 우체국 정보,2026-08-10
JB-1AC8B05EE4D6,우체국,순창구림우체국,전북특별자치도 순창군 구림면 구림로 461,전북특별자치도 순창군 구림면 구림로 461,순창군,09:00~16:30,Y,open_reported,원천에 금융영업시간 기재,,우정사업본부 우체국 정보,2026-08-10
JB-17FB6F26E060,우체국,정읍신태인우체국,전북특별자치도 정읍시 신태인읍 신태인1길 31-8,전북특별자치도 정읍시 신태인읍 신태인1길 31-8,정읍시,09:00~16:30,Y,open_reported,원천에 금융영업시간 기재,,우정사업본부 우체국 정보,2026-08-10
JB-2B5999F2A18B,우체국,정읍영원우체국,전북특별자치도 정읍시 영원면 영원로 1084-1,전북특별자치도 정읍시 영원면 영원로 1084-1,정읍시,09:00~16:30,Y,open_reported,원천에 금융영업시간 기재,,우정사업본부 우체국 정보,2026-08-10
JB-75394E1809F5,우체국,정읍옹동우체국,전북특별자치도 정읍시 옹동면 옹지동촌로 224,전북특별자치도 정읍시 옹동면 옹지동촌로 224,정읍시,09:00~16:30,Y,open_reported,원천에 금융영업시간 기재,,우정사업본부 우체국 정보,2026-08-10
JB-51EB65787915,우체국,정읍이평우체국,전북특별자치도 정읍시 이평면 황토현로 311,전북특별자치도 정읍시 이평면 황토현로 311,정읍시,09:00~16:30,Y,open_reported,원천에 금융영업시간 기재,,우정사업본부 우체국 정보,2026-08-10
JB-CB76F80837E9,우체국,정읍감곡우편취급국,전북특별자치도 정읍시 감곡면 원삼3길 2,전북특별자치도 정읍시 감곡면 원삼3길 2,정읍시,미운영,N,closed_reported,원천 금융영업시간=미운영,,우정사업본부 우체국 정보,2026-08-10
JB-ED9F0D0C8EB8,우체국,정읍고부우체국,전북특별자치도 정읍시 고부면 교동3길 10-9,전북특별자치도 정읍시 고부면 교동3길 10-9,정읍시,09:00~16:30,Y,open_reported,원천에 금융영업시간 기재,,우정사업본부 우체국 정보,2026-08-10
JB-40D36E546712,우체국,정읍금붕동우편취급국,전북특별자치도 정읍시 내장산로 283,전북특별자치도 정읍시 내장산로 283,정읍시,09:00~16:30,Y,open_reported,원천에 금융영업시간 기재,,우정사업본부 우체국 정보,2026-08-10
JB-EE5D0A296DBD,우체국,정읍덕천우체국,전북특별자치도 정읍시 덕천면 내정3길 4,전북특별자치도 정읍시 덕천면 내정3길 4,정읍시,09:00~16:30,Y,open_reported,원천에 금융영업시간 기재,,우정사업본부 우체국 정보,2026-08-10
JB-91A6519F924E,우체국,정읍북면우체국,전북특별자치도 정읍시 북면 정읍 북로 502,전북특별자치도 정읍시 북면 정읍 북로 502,정읍시,09:00~16:30,Y,open_reported,원천에 금융영업시간 기재,,우정사업본부 우체국 정보,2026-08-10
JB-B50A2CDC2C75,우체국,순창우체국,전북특별자치도 순창군 순창읍 장류로 342,전북특별자치도 순창군 순창읍 장류로 342,순창군,09:00~16:30,Y,open_reported,원천에 금융영업시간 기재,,우정사업본부 우체국 정보,2026-08-10
JB-243EF47DC22C,우체국,정읍산내우체국,전북특별자치도 정읍시 산내면 능교1길 18,전북특별자치도 정읍시 산내면 능교1길 18,정읍시,09:00~16:30,Y,open_reported,원천에 금융영업시간 기재,,우정사업본부 우체국 정보,2026-08-10
JB-CF5B7B528A39,우체국,정읍수성동우체국,전북특별자치도 정읍시 수성로 45,전북특별자치도 정읍시 수성로 45,정읍시,09:00~16:30,Y,open_reported,원천에 금융영업시간 기재,,우정사업본부 우체국 정보,2026-08-10
JB-5921FC447472,우체국,익산함열우체국,전북특별자치도 익산시 함열읍 함열중앙로 41,전북특별자치도 익산시 함열읍 함열중앙로 41,익산시,09:00~16:30,Y,open_reported,원천에 금융영업시간 기재,,우정사업본부 우체국 정보,2026-08-10
JB-59ED66FBC72F,우체국,정읍입암우체국,전북특별자치도 정읍시 입암면 정읍 남로 793-4,전북특별자치도 정읍시 입암면 정읍 남로 793-4,정읍시,09:00~16:30,Y,open_reported,원천에 금융영업시간 기재,,우정사업본부 우체국 정보,2026-08-10
JB-3D24FD75A163,우체국,정읍정우우체국,전북특별자치도 정읍시 정우면 정신로 584-1,전북특별자치도 정읍시 정우면 정신로 584-1,정읍시,09:00~16:30,Y,open_reported,원천에 금융영업시간 기재,,우정사업본부 우체국 정보,2026-08-10
JB-2A41250AA0D9,우체국,정읍칠보우체국,전북특별자치도 정읍시 칠보면 칠보중앙로 103,전북특별자치도 정읍시 칠보면 칠보중앙로 103,정읍시,09:00~16:30,Y,open_reported,원천에 금융영업시간 기재,,우정사업본부 우체국 정보,2026-08-10
JB-EB6A1EBDADBC,우체국,정읍태인우체국,전북특별자치도 정읍시 태인면 향교1길 5,전북특별자치도 정읍시 태인면 향교1길 5,정읍시,09:00~16:30,Y,open_reported,원천에 금융영업시간 기재,,우정사업본부 우체국 정보,2026-08-10
JB-4D4AECD74582,우체국,순창쌍치우체국,전북특별자치도 순창군 쌍치면 쌍계로 54,전북특별자치도 순창군 쌍치면 쌍계로 54,순창군,09:00~16:30,Y,open_reported,원천에 금융영업시간 기재,,우정사업본부 우체국 정보,2026-08-10
JB-36E4D4457EC1,우체국,정읍산외우편취급국,전북특별자치도 정읍시 산외면 운전2길 2,전북특별자치도 정읍시 산외면 운전2길 2,정읍시,14:00~18:00,Y,open_reported,원천에 금융영업시간 기재,,우정사업본부 우체국 정보,2026-08-10
JB-99B187B6920F,우체국,정읍상동우체국,전북특별자치도 정읍시 충정로 120,전북특별자치도 정읍시 충정로 120,정읍시,09:00~16:30,Y,open_reported,원천에 금융영업시간 기재,,우정사업본부 우체국 정보,2026-08-10
JB-B4F1F736C5A9,우체국,정읍소성우체국,전북특별자치도 정읍시 소성면 보화1길 129-1,전북특별자치도 정읍시 소성면 보화1길 129-1,정읍시,09:00~16:30,Y,open_reported,원천에 금융영업시간 기재,,우정사업본부 우체국 정보,2026-08-10
JB-06DD6F72C15B,우체국,순창동계우체국,전북특별자치도 순창군 동계면 동계로 11,전북특별자치도 순창군 동계면 동계로 11,순창군,09:00~16:30,Y,open_reported,원천에 금융영업시간 기재,,우정사업본부 우체국 정보,2026-08-10
JB-FA4B968A7783,우체국,순창풍산우체국,전북특별자치도 순창군 풍산면 금풍로 1026,전북특별자치도 순창군 풍산면 금풍로 1026,순창군,09:00~16:30,Y,open_reported,원천에 금융영업시간 기재,,우정사업본부 우체국 정보,2026-08-10
JB-2D6D788D1A0D,우체국,순창팔덕우체국,전북특별자치도 순창군 팔덕면 강천로 349,전북특별자치도 순창군 팔덕면 강천로 349,순창군,09:00~16:30,Y,open_reported,원천에 금융영업시간 기재,,우정사업본부 우체국 정보,2026-08-10
JB-CFB1FA5E45A5,우체국,순창적성우체국,전북특별자치도 순창군 적성면 적성로 117,전북특별자치도 순창군 적성면 적성로 117,순창군,09:00~16:30,Y,open_reported,원천에 금융영업시간 기재,,우정사업본부 우체국 정보,2026-08-10
JB-84BA3D327E33,우체국,순창복흥우체국,전북특별자치도 순창군 복흥면 추령로 1168,전북특별자치도 순창군 복흥면 추령로 1168,순창군,09:00~16:30,Y,open_reported,원천에 금융영업시간 기재,,우정사업본부 우체국 정보,2026-08-10
JB-D2C0AE37B643,우체국,익산우체국,전북특별자치도 익산시 배산로 171,전북특별자치도 익산시 배산로 171,익산시,09:00~16:30,Y,open_reported,원천에 금융영업시간 기재,,우정사업본부 우체국 정보,2026-08-10
JB-69D5F7D4FDF5,우체국,남원도통동우체국,전북특별자치도 남원시 춘향로 15,전북특별자치도 남원시 춘향로 15,남원시,09:00~16:30,Y,open_reported,원천에 금융영업시간 기재,,우정사업본부 우체국 정보,2026-08-10
JB-12F0615DD23B,우체국,전주인후1동우편취급국,전북특별자치도 전주시 덕진구 팽나무1길 13,전북특별자치도 전주시 덕진구 팽나무1길 13,전주시,미운영,N,closed_reported,원천 금융영업시간=미운영,,우정사업본부 우체국 정보,2026-08-10
JB-E57A29929C3B,우체국,남원향교우편취급국,전북특별자치도 남원시 충정로 128,전북특별자치도 남원시 충정로 128,남원시,미운영,N,closed_reported,원천 금융영업시간=미운영,,우정사업본부 우체국 정보,2026-08-10
JB-F8D0CB1D180A,우체국,남원주천우편취급국,전북특별자치도 남원시 주천면 외평2길 25,전북특별자치도 남원시 주천면 외평2길 25,남원시,미운영,N,closed_reported,원천 금융영업시간=미운영,,우정사업본부 우체국 정보,2026-08-10
JB-28DA13BADEFF,우체국,전북대학교우편취급국,전북특별자치도 전주시 덕진구 백제대로 567,전북특별자치도 전주시 덕진구 백제대로 567,전주시,미운영,N,closed_reported,원천 금융영업시간=미운영,,우정사업본부 우체국 정보,2026-08-10
JB-358B37559853,우체국,군산대학교우편취급국,전북특별자치도 군산시 대학로 558,전북특별자치도 군산시 대학로 558,군산시,미운영,N,closed_reported,원천 금융영업시간=미운영,,우정사업본부 우체국 정보,2026-08-10
JB-E770C41A53EC,우체국,전주인후3동우체국,전북특별자치도 전주시 덕진구 아중로 143,전북특별자치도 전주시 덕진구 아중로 143,전주시,09:00~16:30,Y,open_reported,원천에 금융영업시간 기재,,우정사업본부 우체국 정보,2026-08-10
JB-B75A720396FE,우체국,군산우체국,전북특별자치도 군산시 우체통거리1길 20,전북특별자치도 군산시 우체통거리1길 20,군산시,09:00~16:30,Y,open_reported,원천에 금융영업시간 기재,,우정사업본부 우체국 정보,2026-08-10
JB-1F0BFB986276,우체국,김제역전우편취급국,전북특별자치도 김제시 중앙로 279,전북특별자치도 김제시 중앙로 279,김제시,미운영,N,closed_reported,원천 금융영업시간=미운영,,우정사업본부 우체국 정보,2026-08-10
JB-4F0146872E45,우체국,완주우체국,전북특별자치도 완주군 삼례읍 삼봉로 19,전북특별자치도 완주군 삼례읍 삼봉로 19,완주군,09:00~16:30,Y,open_reported,원천에 금융영업시간 기재,,우정사업본부 우체국 정보,2026-08-10
JB-6788495B4FF0,우체국,동전주우체국,전북특별자치도 전주시 덕진구 백제대로 714,전북특별자치도 전주시 덕진구 백제대로 714,전주시,09:00~16:30,Y,open_reported,원천에 금융영업시간 기재,,우정사업본부 우체국 정보,2026-08-10
JB-8C40E47C7161,우체국,전주동부우편취급국,전북특별자치도 전주시 완산구 충경로 104,전북특별자치도 전주시 완산구 충경로 104,전주시,미운영,N,closed_reported,원천 금융영업시간=미운영,,우정사업본부 우체국 정보,2026-08-10
JB-B0AD5BB2C6C7,우체국,전주대학교우편취급국,전북특별자치도 전주시 완산구 천잠로 303,전북특별자치도 전주시 완산구 천잠로 303,전주시,미운영,N,closed_reported,원천 금융영업시간=미운영,,우정사업본부 우체국 정보,2026-08-10
JB-0E79ECA80E95,우체국,전주덕진동우체국,전북특별자치도 전주시 덕진구 추탄로 30,전북특별자치도 전주시 덕진구 추탄로 30,전주시,09:00~16:30,Y,open_reported,원천에 금융영업시간 기재,,우정사업본부 우체국 정보,2026-08-10
JB-6F192CC250AE,우체국,익산영등동우체국,전북특별자치도 익산시 동서로 370,전북특별자치도 익산시 동서로 370,익산시,09:00~16:30,Y,open_reported,원천에 금융영업시간 기재,,우정사업본부 우체국 정보,2026-08-10
JB-2AE2AF0569F9,우체국,장수우체국,전북특별자치도 장수군 장수읍 싸리재로 5,전북특별자치도 장수군 장수읍 싸리재로 5,장수군,09:00~16:30,Y,open_reported,원천에 금융영업시간 기재,,우정사업본부 우체국 정보,2026-08-10
JB-B7EEB5F2E9E4,우체국,군산회현우편취급국,전북특별자치도 군산시 회현면 대위로 431,전북특별자치도 군산시 회현면 대위로 431,군산시,미운영,N,closed_reported,원천 금융영업시간=미운영,,우정사업본부 우체국 정보,2026-08-10
JB-52D6A9D8E174,우체국,군산옥구우체국,전북특별자치도 군산시 옥구읍 상평로 17,전북특별자치도 군산시 옥구읍 상평로 17,군산시,14:00~16:30,Y,open_reported,원천에 금융영업시간 기재,,우정사업본부 우체국 정보,2026-08-10
JB-913E074DBE05,우체국,익산원광대학교취급국,전북특별자치도 익산시 익산대로 460,전북특별자치도 익산시 익산대로 460,익산시,미운영,N,closed_reported,원천 금융영업시간=미운영,,우정사업본부 우체국 정보,2026-08-10
JB-A02CFCAF56F8,우체국,군산수송동우체국,"전북특별자치도 군산시 월명로 211, 상가 2층","전북특별자치도 군산시 월명로 211, 상가 2층",군산시,09:00~16:30,Y,open_reported,원천에 금융영업시간 기재,,우정사업본부 우체국 정보,2026-08-10
JB-F6A094DCABFE,우체국,전주장동우체국,전북특별자치도 전주시 덕진구 출판로 90,전북특별자치도 전주시 덕진구 출판로 90,전주시,09:00~16:30,Y,open_reported,원천에 금융영업시간 기재,,우정사업본부 우체국 정보,2026-08-10
JB-BAFC3F838AC1,우체국,전주광진우편취급국,전북특별자치도 전주시 완산구 안행로 107,전북특별자치도 전주시 완산구 안행로 107,전주시,미운영,N,closed_reported,원천 금융영업시간=미운영,,우정사업본부 우체국 정보,2026-08-10
JB-6B04E457A19C,우체국,익산서송학우편취급국,전북특별자치도 익산시 배산로1길 50,전북특별자치도 익산시 배산로1길 50,익산시,미운영,N,closed_reported,원천 금융영업시간=미운영,,우정사업본부 우체국 정보,2026-08-10
JB-DCE5511DB9D8,우체국,순창금과우체국,전북특별자치도 순창군 금과면 담순로 619,전북특별자치도 순창군 금과면 담순로 619,순창군,09:00~16:30,Y,open_reported,원천에 금융영업시간 기재,,우정사업본부 우체국 정보,2026-08-10
JB-339E7C7891E1,우체국,전주효자동우체국,전북특별자치도 전주시 완산구 용머리로 127,전북특별자치도 전주시 완산구 용머리로 127,전주시,09:00~16:30,Y,open_reported,원천에 금융영업시간 기재,,우정사업본부 우체국 정보,2026-08-10
JB-4B647C504E30,우체국,전주현대우편취급국,전북특별자치도 전주시 덕진구 사평로 41,전북특별자치도 전주시 덕진구 사평로 41,전주시,미운영,N,closed_reported,원천 금융영업시간=미운영,,우정사업본부 우체국 정보,2026-08-10
JB-66AFD22592E5,우체국,남원광한루우편취급국,전북특별자치도 남원시 요천로 1288,전북특별자치도 남원시 요천로 1288,남원시,미운영,N,closed_reported,원천 금융영업시간=미운영,,우정사업본부 우체국 정보,2026-08-10
JB-8F352E2F571E,우체국,전주법원우체국,전북특별자치도 전주시 덕진구 가인로 33,전북특별자치도 전주시 덕진구 가인로 33,전주시,09:00~16:30,Y,open_reported,원천에 금융영업시간 기재,,우정사업본부 우체국 정보,2026-08-10
JB-1DFA12972C69,우체국,군산선유도우체국,전북특별자치도 군산시 옥도면 선유북길 69,전북특별자치도 군산시 옥도면 선유북길 69,군산시,09:00~16:30,Y,open_reported,원천에 금융영업시간 기재,,우정사업본부 우체국 정보,2026-08-10
JB-3A8B473DA0D8,우체국,군산어청도우체국,전북특별자치도 군산시 옥도면 어청도길 49-2,전북특별자치도 군산시 옥도면 어청도길 49-2,군산시,08:00~16:30,Y,open_reported,원천에 금융영업시간 기재,,우정사업본부 우체국 정보,2026-08-10
JB-CAD3DB0D12FF,우체국,전주우체국,전북특별자치도 전주시 완산구 서원로 99,전북특별자치도 전주시 완산구 서원로 99,전주시,09:00~16:30,Y,open_reported,원천에 금융영업시간 기재,,우정사업본부 우체국 정보,2026-08-10
JB-656D748D6EC1,우체국,전북지방우정청,전북특별자치도 전주시 완산구 서원로 99,전북특별자치도 전주시 완산구 서원로 99,전주시,미운영,N,closed_reported,원천 금융영업시간=미운영,,우정사업본부 우체국 정보,2026-08-10
JB-7EB90279910C,우체국,전주과학산업단지우체국,전북특별자치도 완주군 봉동읍 둔산3로 102,전북특별자치도 완주군 봉동읍 둔산3로 102,완주군,09:00~16:30,Y,open_reported,원천에 금융영업시간 기재,,우정사업본부 우체국 정보,2026-08-10
JB-C7DCBC9B0AA8,우체국,전주우편집중국,전북특별자치도 완주군 봉동읍 둔산3로 102,전북특별자치도 완주군 봉동읍 둔산3로 102,완주군,미운영,N,closed_reported,원천 금융영업시간=미운영,,우정사업본부 우체국 정보,2026-08-10
JB-9C17E05E78C1,우체국,부안동진우체국,전북특별자치도 부안군 동진면 동진로 88,전북특별자치도 부안군 동진면 동진로 88,부안군,09:00~16:30,Y,open_reported,원천에 금융영업시간 기재,,우정사업본부 우체국 정보,2026-08-10
JB-62553FB6D9A0,우체국,부안행안우체국,전북특별자치도 부안군 행안면 변산로 134,전북특별자치도 부안군 행안면 변산로 134,부안군,09:00~16:30,Y,open_reported,원천에 금융영업시간 기재,,우정사업본부 우체국 정보,2026-08-10
JB-1EB2BE66478C,은행,IBK기업은행 서전주,전북특별자치도 전주시 홍산로 245,전북특별자치도 전주시 홍산로 245,전주시,063-224-0313,Y,listed_assumed_open,공시 점포목록 등재; 실시간 영업상태 미확인,,전국은행연합회 공시 점포현황(2025.12말) 열람 집계,2026-08-10
JB-477641A822FA,은행,IBK기업은행 전주,전북특별자치도 전주시 팔달로 163,전북특별자치도 전주시 팔달로 163,전주시,063-284-6823,Y,listed_assumed_open,공시 점포목록 등재; 실시간 영업상태 미확인,,전국은행연합회 공시 점포현황(2025.12말) 열람 집계,2026-08-10
JB-7EEC3E6E4AE2,은행,IBK기업은행 전주서신동,전북특별자치도 전주시 온고을로 29,전북특별자치도 전주시 온고을로 29,전주시,063-273-9661~3,Y,listed_assumed_open,공시 점포목록 등재; 실시간 영업상태 미확인,,전국은행연합회 공시 점포현황(2025.12말) 열람 집계,2026-08-10
JB-33C5F83A374C,은행,KB국민은행 서신동,전북특별자치도 전주시 서신로 57,전북특별자치도 전주시 서신로 57,전주시,1588-9999,Y,listed_assumed_open,공시 점포목록 등재; 실시간 영업상태 미확인,,전국은행연합회 공시 점포현황(2025.12말) 열람 집계,2026-08-10
JB-3D43318C3F1B,은행,KB국민은행 서전주,전북특별자치도 전주시 홍산로 246,전북특별자치도 전주시 홍산로 246,전주시,1588-9999,Y,listed_assumed_open,공시 점포목록 등재; 실시간 영업상태 미확인,,전국은행연합회 공시 점포현황(2025.12말) 열람 집계,2026-08-10
JB-20C9294A30DB,은행,KB국민은행 송천동,전북특별자치도 전주시 과학로 16,전북특별자치도 전주시 과학로 16,전주시,1588-9999,Y,listed_assumed_open,공시 점포목록 등재; 실시간 영업상태 미확인,,전국은행연합회 공시 점포현황(2025.12말) 열람 집계,2026-08-10
JB-E327E1208786,은행,KB국민은행 인후동,전북특별자치도 전주시 안덕원로 252,전북특별자치도 전주시 안덕원로 252,전주시,1588-9999,Y,listed_assumed_open,공시 점포목록 등재; 실시간 영업상태 미확인,,전국은행연합회 공시 점포현황(2025.12말) 열람 집계,2026-08-10
JB-DDAABD1F0324,은행,KB국민은행 전주,전북특별자치도 전주시 팔달로 215,전북특별자치도 전주시 팔달로 215,전주시,1588-9999,Y,listed_assumed_open,공시 점포목록 등재; 실시간 영업상태 미확인,,전국은행연합회 공시 점포현황(2025.12말) 열람 집계,2026-08-10
JB-81695639C53A,은행,NH농협은행 금암동지점,전북특별자치도 전주시 기린대로 418 1층,전북특별자치도 전주시 기린대로 418 1층,전주시,063-273-6923,Y,listed_assumed_open,공시 점포목록 등재; 실시간 영업상태 미확인,,전국은행연합회 공시 점포현황(2025.12말) 열람 집계,2026-08-10
JB-F755329E1DC3,은행,NH농협은행 농촌진흥청,전북특별자치도 전주시 농생명로 300,전북특별자치도 전주시 농생명로 300,전주시,063-236-2016,Y,listed_assumed_open,공시 점포목록 등재; 실시간 영업상태 미확인,,전국은행연합회 공시 점포현황(2025.12말) 열람 집계,2026-08-10
JB-997B9A4343D4,은행,NH농협은행 삼천동지점,전북특별자치도 전주시 용리로 56 누가빌딩 102호,전북특별자치도 전주시 용리로 56 누가빌딩 102호,전주시,063-225-2257,Y,listed_assumed_open,공시 점포목록 등재; 실시간 영업상태 미확인,,전국은행연합회 공시 점포현황(2025.12말) 열람 집계,2026-08-10
JB-A2936335FA05,은행,NH농협은행 서신동지점,전북특별자치도 전주시 온고을로 1 한국교직원공제회관 1층,전북특별자치도 전주시 온고을로 1 한국교직원공제회관 1층,전주시,063-278-4322,Y,listed_assumed_open,공시 점포목록 등재; 실시간 영업상태 미확인,,전국은행연합회 공시 점포현황(2025.12말) 열람 집계,2026-08-10
JB-7813053A90D7,은행,NH농협은행 아중지점,전북특별자치도 전주시 건산로 240,전북특별자치도 전주시 건산로 240,전주시,063-242-1154,Y,listed_assumed_open,공시 점포목록 등재; 실시간 영업상태 미확인,,전국은행연합회 공시 점포현황(2025.12말) 열람 집계,2026-08-10
JB-AC7E3889197C,은행,NH농협은행 인후동지점,전북특별자치도 전주시 백제대로 751,전북특별자치도 전주시 백제대로 751,전주시,063-241-2135,Y,listed_assumed_open,공시 점포목록 등재; 실시간 영업상태 미확인,,전국은행연합회 공시 점포현황(2025.12말) 열람 집계,2026-08-10
JB-0C35784B6D7F,은행,NH농협은행 전북영업부,전북특별자치도 전주시 우전로 290,전북특별자치도 전주시 우전로 290,전주시,063-237-5091,Y,listed_assumed_open,공시 점포목록 등재; 실시간 영업상태 미확인,,전국은행연합회 공시 점포현황(2025.12말) 열람 집계,2026-08-10
JB-62968A654D44,은행,NH농협은행 전북특별자치도교육청,전북특별자치도 전주시 홍산로 111,전북특별자치도 전주시 홍산로 111,전주시,063-251-0421,Y,listed_assumed_open,공시 점포목록 등재; 실시간 영업상태 미확인,,전국은행연합회 공시 점포현황(2025.12말) 열람 집계,2026-08-10
JB-90A6E97F99EF,은행,NH농협은행 전북특별자치도청,전북특별자치도 전주시 효자로 225,전북특별자치도 전주시 효자로 225,전주시,063-237-4100,Y,listed_assumed_open,공시 점포목록 등재; 실시간 영업상태 미확인,,전국은행연합회 공시 점포현황(2025.12말) 열람 집계,2026-08-10
JB-6C01DA3D9A59,은행,NH농협은행 전북혁신도시지점,전북특별자치도 완주군 이서면 안전로 163,전북특별자치도 완주군 이서면 안전로 163,완주군,063-213-2042,Y,listed_assumed_open,공시 점포목록 등재; 실시간 영업상태 미확인,CORR-001,전국은행연합회 공시 점포현황(2025.12말) 열람 집계,2026-08-10
JB-DF7FB5FD1C43,은행,NH농협은행 전주법원,전북특별자치도 전주시 가인로 33,전북특별자치도 전주시 가인로 33,전주시,063-214-7625,Y,listed_assumed_open,공시 점포목록 등재; 실시간 영업상태 미확인,,전국은행연합회 공시 점포현황(2025.12말) 열람 집계,2026-08-10
JB-6EE35E3422F4,은행,NH농협은행 전주송천센트럴지점,전북특별자치도 전주시 송천로 1,전북특별자치도 전주시 송천로 1,전주시,063-251-1291,Y,listed_assumed_open,공시 점포목록 등재; 실시간 영업상태 미확인,,전국은행연합회 공시 점포현황(2025.12말) 열람 집계,2026-08-10
JB-68572D661C13,은행,NH농협은행 전주시지부,전북특별자치도 전주시 팔달로 277,전북특별자치도 전주시 팔달로 277,전주시,063-252-5161,Y,listed_assumed_open,공시 점포목록 등재; 실시간 영업상태 미확인,,전국은행연합회 공시 점포현황(2025.12말) 열람 집계,2026-08-10
JB-248D8F79ABF1,은행,NH농협은행 전주시청,전북특별자치도 전주시 노송광장로 10 지하1층,전북특별자치도 전주시 노송광장로 10 지하1층,전주시,063-231-0522,Y,listed_assumed_open,공시 점포목록 등재; 실시간 영업상태 미확인,,전국은행연합회 공시 점포현황(2025.12말) 열람 집계,2026-08-10
JB-7B585D4CC329,은행,NH농협은행 전주에코시티지점,전북특별자치도 전주시 세병로 30 1층,전북특별자치도 전주시 세병로 30 1층,전주시,063-279-1946,Y,listed_assumed_open,공시 점포목록 등재; 실시간 영업상태 미확인,,전국은행연합회 공시 점포현황(2025.12말) 열람 집계,2026-08-10
JB-60264C238092,은행,NH농협은행 전주한옥마을지점,전북특별자치도 전주시 충경로 102,전북특별자치도 전주시 충경로 102,전주시,063-285-1104,Y,listed_assumed_open,공시 점포목록 등재; 실시간 영업상태 미확인,,전국은행연합회 공시 점포현황(2025.12말) 열람 집계,2026-08-10
JB-EA28EB112425,은행,NH농협은행 중화산동지점,전북특별자치도 전주시 효자로 280,전북특별자치도 전주시 효자로 280,전주시,063-225-4787,Y,listed_assumed_open,공시 점포목록 등재; 실시간 영업상태 미확인,,전국은행연합회 공시 점포현황(2025.12말) 열람 집계,2026-08-10
JB-5A468FA007C5,은행,NH농협은행 효자동지점,전북특별자치도 전주시 백제대로 141,전북특별자치도 전주시 백제대로 141,전주시,063-226-4142,Y,listed_assumed_open,공시 점포목록 등재; 실시간 영업상태 미확인,,전국은행연합회 공시 점포현황(2025.12말) 열람 집계,2026-08-10
JB-0283AEEAF9CA,은행,SC제일은행 전주,전북특별자치도 전주시 온고을로 28,전북특별자치도 전주시 온고을로 28,전주시,063-284-4842,Y,listed_assumed_open,공시 점포목록 등재; 실시간 영업상태 미확인,,전국은행연합회 공시 점포현황(2025.12말) 열람 집계,2026-08-10
JB-F19FE41714D3,은행,Sh수협은행 전북지역금융본부,전북특별자치도 전주시 기린대로 395,전북특별자치도 전주시 기린대로 395,전주시,063-276-7801,Y,listed_assumed_open,공시 점포목록 등재; 실시간 영업상태 미확인,,전국은행연합회 공시 점포현황(2025.12말) 열람 집계,2026-08-10
JB-C42C3F56FFF1,은행,Sh수협은행 전주,"전북특별자치도 전주시 세병로 21 포레나전주에코시티 B136호, 151~153호","전북특별자치도 전주시 세병로 21 포레나전주에코시티 B136호, 151~153호",전주시,063-285-4111,Y,listed_assumed_open,공시 점포목록 등재; 실시간 영업상태 미확인,,전국은행연합회 공시 점포현황(2025.12말) 열람 집계,2026-08-10
JB-9B6033DAC70D,은행,수출입은행 전주,전북특별자치도 전주시 온고을로 1,전북특별자치도 전주시 온고을로 1,전주시,063-271-6134,Y,listed_assumed_open,공시 점포목록 등재; 실시간 영업상태 미확인,,전국은행연합회 공시 점포현황(2025.12말) 열람 집계,2026-08-10
JB-E03FB8726C7A,은행,신한은행 전북금융센터,전북특별자치도 전주시 효자로 194,전북특별자치도 전주시 효자로 194,전주시,063-229-3621,Y,listed_assumed_open,공시 점포목록 등재; 실시간 영업상태 미확인,,전국은행연합회 공시 점포현황(2025.12말) 열람 집계,2026-08-10
JB-562ADC24DCC1,은행,신한은행 전주,전북특별자치도 전주시 팔달로 204,전북특별자치도 전주시 팔달로 204,전주시,063-284-5711,Y,listed_assumed_open,공시 점포목록 등재; 실시간 영업상태 미확인,,전국은행연합회 공시 점포현황(2025.12말) 열람 집계,2026-08-10
JB-9BF08520D4F1,은행,신한은행 전주에코시티,전북특별자치도 전주시 과학로 20,전북특별자치도 전주시 과학로 20,전주시,063-247-8558,Y,listed_assumed_open,공시 점포목록 등재; 실시간 영업상태 미확인,,전국은행연합회 공시 점포현황(2025.12말) 열람 집계,2026-08-10
JB-C97F53BA1FF0,은행,우리은행 국민연금공단금융센터,전북특별자치도 전주시 기지로 180,전북특별자치도 전주시 기지로 180,전주시,063-237-5125,Y,listed_assumed_open,공시 점포목록 등재; 실시간 영업상태 미확인,,전국은행연합회 공시 점포현황(2025.12말) 열람 집계,2026-08-10
JB-970B7BD6CB96,은행,우리은행 전주금융센터,전북특별자치도 전주시 팔달로 159,전북특별자치도 전주시 팔달로 159,전주시,063-288-0151,Y,listed_assumed_open,공시 점포목록 등재; 실시간 영업상태 미확인,,전국은행연합회 공시 점포현황(2025.12말) 열람 집계,2026-08-10
JB-70B2782DD9ED,은행,우리은행 전주대학교(출),전북특별자치도 전주시 천잠로 303,전북특별자치도 전주시 천잠로 303,전주시,063-227-0257,Y,listed_assumed_open,공시 점포목록 등재; 실시간 영업상태 미확인,,전국은행연합회 공시 점포현황(2025.12말) 열람 집계,2026-08-10
JB-BF6BC23B6B2B,은행,우리은행 전주송천동지점,전북특별자치도 전주시 송천로 1,전북특별자치도 전주시 송천로 1,전주시,063-276-7143,Y,listed_assumed_open,공시 점포목록 등재; 실시간 영업상태 미확인,,전국은행연합회 공시 점포현황(2025.12말) 열람 집계,2026-08-10
JB-28B7162B76E6,은행,우리은행 전주중앙금융센터,전북특별자치도 전주시 홍산로 263,전북특별자치도 전주시 홍산로 263,전주시,063-251-9450,Y,listed_assumed_open,공시 점포목록 등재; 실시간 영업상태 미확인,,전국은행연합회 공시 점포현황(2025.12말) 열람 집계,2026-08-10
JB-A85C5B0BA30C,은행,전북은행 경원동,전북특별자치도 전주시 팔달로 208,전북특별자치도 전주시 팔달로 208,전주시,063-288-4011,Y,listed_assumed_open,공시 점포목록 등재; 실시간 영업상태 미확인,,전국은행연합회 공시 점포현황(2025.12말) 열람 집계,2026-08-10
JB-20FA8721FCFA,은행,전북은행 금암,전북특별자치도 전주시 가리내로 5,전북특별자치도 전주시 가리내로 5,전주시,063-254-1936,Y,listed_assumed_open,공시 점포목록 등재; 실시간 영업상태 미확인,,전국은행연합회 공시 점포현황(2025.12말) 열람 집계,2026-08-10
JB-84379D8B553D,은행,전북은행 따뜻한금융클리닉전주센터,전북특별자치도 전주시 팔달로 216,전북특별자치도 전주시 팔달로 216,전주시,063-288-9533,Y,listed_assumed_open,공시 점포목록 등재; 실시간 영업상태 미확인,,전국은행연합회 공시 점포현황(2025.12말) 열람 집계,2026-08-10
JB-D8AA17CA99D5,은행,전북은행 모래내,전북특별자치도 전주시 안덕원로 169,전북특별자치도 전주시 안덕원로 169,전주시,063-252-9481,Y,listed_assumed_open,공시 점포목록 등재; 실시간 영업상태 미확인,,전국은행연합회 공시 점포현황(2025.12말) 열람 집계,2026-08-10
JB-7D5DCD9EFC0B,은행,전북은행 삼천동,전북특별자치도 전주시 용리로 140,전북특별자치도 전주시 용리로 140,전주시,063-224-8211,Y,listed_assumed_open,공시 점포목록 등재; 실시간 영업상태 미확인,,전국은행연합회 공시 점포현황(2025.12말) 열람 집계,2026-08-10
JB-F694FEDD3822,은행,전북은행 상공회의소,전북특별자치도 전주시 홍산로 276,전북특별자치도 전주시 홍산로 276,전주시,063-237-0852,Y,listed_assumed_open,공시 점포목록 등재; 실시간 영업상태 미확인,,전국은행연합회 공시 점포현황(2025.12말) 열람 집계,2026-08-10
JB-915E883F26A2,은행,전북은행 서곡,전북특별자치도 전주시 세내로 556,전북특별자치도 전주시 세내로 556,전주시,063-273-6211,Y,listed_assumed_open,공시 점포목록 등재; 실시간 영업상태 미확인,,전국은행연합회 공시 점포현황(2025.12말) 열람 집계,2026-08-10
JB-2B764B501208,은행,전북은행 서신동,전북특별자치도 전주시 서신로 62,전북특별자치도 전주시 서신로 62,전주시,063-272-1252,Y,listed_assumed_open,공시 점포목록 등재; 실시간 영업상태 미확인,,전국은행연합회 공시 점포현황(2025.12말) 열람 집계,2026-08-10
JB-A75F46837426,은행,전북은행 서진로,전북특별자치도 전주시 유연로 294,전북특별자치도 전주시 유연로 294,전주시,063-229-1975,Y,listed_assumed_open,공시 점포목록 등재; 실시간 영업상태 미확인,,전국은행연합회 공시 점포현황(2025.12말) 열람 집계,2026-08-10
JB-4BC03610BBA5,은행,전북은행 솔내,전북특별자치도 전주시 송천중앙로 181,전북특별자치도 전주시 송천중앙로 181,전주시,063-251-0254,Y,listed_assumed_open,공시 점포목록 등재; 실시간 영업상태 미확인,,전국은행연합회 공시 점포현황(2025.12말) 열람 집계,2026-08-10
JB-2AE3AFA4F139,은행,전북은행 송천동,전북특별자치도 전주시 송천로 27,전북특별자치도 전주시 송천로 27,전주시,063-276-9172,Y,listed_assumed_open,공시 점포목록 등재; 실시간 영업상태 미확인,,전국은행연합회 공시 점포현황(2025.12말) 열람 집계,2026-08-10
JB-2F897D5001B8,은행,전북은행 아중,전북특별자치도 전주시 석소로 34,전북특별자치도 전주시 석소로 34,전주시,063-245-0066,Y,listed_assumed_open,공시 점포목록 등재; 실시간 영업상태 미확인,,전국은행연합회 공시 점포현황(2025.12말) 열람 집계,2026-08-10
JB-5258876EBB76,은행,전북은행 안골,전북특별자치도 전주시 안덕원로 265,전북특별자치도 전주시 안덕원로 265,전주시,063-245-6712,Y,listed_assumed_open,공시 점포목록 등재; 실시간 영업상태 미확인,,전국은행연합회 공시 점포현황(2025.12말) 열람 집계,2026-08-10
JB-D8DBDBF14705,은행,전북은행 안행교,전북특별자치도 전주시 용머리로 62,전북특별자치도 전주시 용머리로 62,전주시,063-223-7211,Y,listed_assumed_open,공시 점포목록 등재; 실시간 영업상태 미확인,,전국은행연합회 공시 점포현황(2025.12말) 열람 집계,2026-08-10
JB-FE24170625D7,은행,전북은행 에코시티,전북특별자치도 전주시 세병남로 35,전북특별자치도 전주시 세병남로 35,전주시,063-274-7090,Y,listed_assumed_open,공시 점포목록 등재; 실시간 영업상태 미확인,,전국은행연합회 공시 점포현황(2025.12말) 열람 집계,2026-08-10
JB-1380BD267DF7,은행,전북은행 여의동,전북특별자치도 전주시 쪽구름로 54-1,전북특별자치도 전주시 쪽구름로 54-1,전주시,063-212-6363,Y,listed_assumed_open,공시 점포목록 등재; 실시간 영업상태 미확인,,전국은행연합회 공시 점포현황(2025.12말) 열람 집계,2026-08-10
JB-D514A8F10467,은행,전북은행 영업부,전북특별자치도 전주시 백제대로 566 전북은행빌딩,전북특별자치도 전주시 백제대로 566,전주시,063-250-7114,Y,listed_assumed_open,공시 점포목록 등재; 실시간 영업상태 미확인,,전국은행연합회 공시 점포현황(2025.12말) 열람 집계,2026-08-10
JB-A962543DBDE1,은행,전북은행 장승로,전북특별자치도 전주시 장승배기로 294,전북특별자치도 전주시 장승배기로 294,전주시,063-287-6211,Y,listed_assumed_open,공시 점포목록 등재; 실시간 영업상태 미확인,,전국은행연합회 공시 점포현황(2025.12말) 열람 집계,2026-08-10
JB-6B57F5B282AC,은행,전북은행 전북대,전북특별자치도 전주시 백제대로 567,전북특별자치도 전주시 백제대로 567,전주시,063-252-9824,Y,listed_assumed_open,공시 점포목록 등재; 실시간 영업상태 미확인,,전국은행연합회 공시 점포현황(2025.12말) 열람 집계,2026-08-10
JB-D19D42AA0159,은행,전북은행 전북대병원,전북특별자치도 전주시 건지로 20,전북특별자치도 전주시 건지로 20,전주시,063-271-0842,Y,listed_assumed_open,공시 점포목록 등재; 실시간 영업상태 미확인,,전국은행연합회 공시 점포현황(2025.12말) 열람 집계,2026-08-10
JB-8FA0C7F5597B,은행,전북은행 전북특별자치도청,전북특별자치도 전주시 효자로 225,전북특별자치도 전주시 효자로 225,전주시,063-228-2335,Y,listed_assumed_open,공시 점포목록 등재; 실시간 영업상태 미확인,,전국은행연합회 공시 점포현황(2025.12말) 열람 집계,2026-08-10
JB-D42DC161E11A,은행,전북은행 전주공단,전북특별자치도 전주시 팔과정로 164,전북특별자치도 전주시 팔과정로 164,전주시,063-214-4433,Y,listed_assumed_open,공시 점포목록 등재; 실시간 영업상태 미확인,,전국은행연합회 공시 점포현황(2025.12말) 열람 집계,2026-08-10
JB-E4DE164E643F,은행,전북은행 전주법원,전북특별자치도 전주시 가인로 33,전북특별자치도 전주시 가인로 33,전주시,063-275-7447,Y,listed_assumed_open,공시 점포목록 등재; 실시간 영업상태 미확인,,전국은행연합회 공시 점포현황(2025.12말) 열람 집계,2026-08-10
JB-4AC6AAB91F46,은행,전북은행 전주시청,전북특별자치도 전주시 노송광장로 10,전북특별자치도 전주시 노송광장로 10,전주시,063-285-3583,Y,listed_assumed_open,공시 점포목록 등재; 실시간 영업상태 미확인,,전국은행연합회 공시 점포현황(2025.12말) 열람 집계,2026-08-10
JB-475101C71716,은행,전북은행 전주첫마중길,전북특별자치도 전주시 백제대로 823,전북특별자치도 전주시 백제대로 823,전주시,063-241-3533,Y,listed_assumed_open,공시 점포목록 등재; 실시간 영업상태 미확인,,전국은행연합회 공시 점포현황(2025.12말) 열람 집계,2026-08-10
JB-07B1AE987D33,은행,전북은행 전주한옥마을,전북특별자치도 전주시 풍남문2길 5,전북특별자치도 전주시 풍남문2길 5,전주시,063-288-0171,Y,listed_assumed_open,공시 점포목록 등재; 실시간 영업상태 미확인,,전국은행연합회 공시 점포현황(2025.12말) 열람 집계,2026-08-10
JB-78921996D2E8,은행,전북은행 중산,전북특별자치도 전주시 백제대로 260,전북특별자치도 전주시 백제대로 260,전주시,063-227-8900,Y,listed_assumed_open,공시 점포목록 등재; 실시간 영업상태 미확인,,전국은행연합회 공시 점포현황(2025.12말) 열람 집계,2026-08-10
JB-6868C5FCE89C,은행,전북은행 진북동,전북특별자치도 전주시 진북로 10,전북특별자치도 전주시 진북로 10,전주시,063-253-4813,Y,listed_assumed_open,공시 점포목록 등재; 실시간 영업상태 미확인,,전국은행연합회 공시 점포현황(2025.12말) 열람 집계,2026-08-10
JB-1C80CE3317D2,은행,전북은행 테크노파크,전북특별자치도 전주시 반룡로 110-5,전북특별자치도 전주시 반룡로 110-5,전주시,063-211-4060,Y,listed_assumed_open,공시 점포목록 등재; 실시간 영업상태 미확인,,전국은행연합회 공시 점포현황(2025.12말) 열람 집계,2026-08-10
JB-1DA8ECCADD27,은행,전북은행 팔복동,전북특별자치도 전주시 기린대로 688,전북특별자치도 전주시 기린대로 688,전주시,063-211-0216,Y,listed_assumed_open,공시 점포목록 등재; 실시간 영업상태 미확인,,전국은행연합회 공시 점포현황(2025.12말) 열람 집계,2026-08-10
JB-6F0854ABC2FB,은행,전북은행 평화동,전북특별자치도 전주시 평화로 115,전북특별자치도 전주시 평화로 115,전주시,063-229-9040,Y,listed_assumed_open,공시 점포목록 등재; 실시간 영업상태 미확인,,전국은행연합회 공시 점포현황(2025.12말) 열람 집계,2026-08-10
JB-92B9ECC752E5,은행,전북은행 하가,전북특별자치도 전주시 가련산로 17,전북특별자치도 전주시 가련산로 17,전주시,063-251-7447,Y,listed_assumed_open,공시 점포목록 등재; 실시간 영업상태 미확인,,전국은행연합회 공시 점포현황(2025.12말) 열람 집계,2026-08-10
JB-26363C34E929,은행,전북은행 혁신도시,전북특별자치도 전주시 기지로 66 스카이락빌딩 1층,전북특별자치도 전주시 기지로 66 스카이락빌딩 1층,전주시,063-237-2740,Y,listed_assumed_open,공시 점포목록 등재; 실시간 영업상태 미확인,,전국은행연합회 공시 점포현황(2025.12말) 열람 집계,2026-08-10
JB-A94008768BFD,은행,전북은행 호성동,전북특별자치도 전주시 호성1길 37,전북특별자치도 전주시 호성1길 37,전주시,063-243-9552,Y,listed_assumed_open,공시 점포목록 등재; 실시간 영업상태 미확인,,전국은행연합회 공시 점포현황(2025.12말) 열람 집계,2026-08-10
JB-8CEAAA6E18CC,은행,전북은행 호암로,전북특별자치도 전주시 후곡길 4,전북특별자치도 전주시 후곡길 4,전주시,063-227-9612,Y,listed_assumed_open,공시 점포목록 등재; 실시간 영업상태 미확인,,전국은행연합회 공시 점포현황(2025.12말) 열람 집계,2026-08-10
JB-99E9F0B5C4B2,은행,전북은행 화산,전북특별자치도 전주시 서원로 222,전북특별자치도 전주시 서원로 222,전주시,063-221-8211,Y,listed_assumed_open,공시 점포목록 등재; 실시간 영업상태 미확인,,전국은행연합회 공시 점포현황(2025.12말) 열람 집계,2026-08-10
JB-79B669E4346B,은행,전북은행 효자동,전북특별자치도 전주시 용머리로 166,전북특별자치도 전주시 용머리로 166,전주시,063-223-7001,Y,listed_assumed_open,공시 점포목록 등재; 실시간 영업상태 미확인,,전국은행연합회 공시 점포현황(2025.12말) 열람 집계,2026-08-10
JB-B4042D2F0E6A,은행,하나은행 서신동,전북특별자치도 전주시 완산구 유연로 287,전북특별자치도 전주시 완산구 유연로 287,전주시,063-252-1111,Y,listed_assumed_open,공시 점포목록 등재; 실시간 영업상태 미확인,,전국은행연합회 공시 점포현황(2025.12말) 열람 집계,2026-08-10
JB-A1CB638AE75F,은행,하나은행 전주금융센터,전북특별자치도 전주시 완산구 충경로 63,전북특별자치도 전주시 완산구 충경로 63,전주시,063-288-1111,Y,listed_assumed_open,공시 점포목록 등재; 실시간 영업상태 미확인,,전국은행연합회 공시 점포현황(2025.12말) 열람 집계,2026-08-10
JB-EA986B73CD02,은행,하나은행 효자동,전북특별자치도 전주시 완산구 용머리로 34,전북특별자치도 전주시 완산구 용머리로 34,전주시,063-225-1111,Y,listed_assumed_open,공시 점포목록 등재; 실시간 영업상태 미확인,,전국은행연합회 공시 점포현황(2025.12말) 열람 집계,2026-08-10
JB-84E17DAD5E00,은행,한국산업은행 전주,전북특별자치도 전주시 전라감영5길 18,전북특별자치도 전주시 전라감영5길 18,전주시,063-230-6600,Y,listed_assumed_open,공시 점포목록 등재; 실시간 영업상태 미확인,,전국은행연합회 공시 점포현황(2025.12말) 열람 집계,2026-08-10
JB-3866178ACB09,은행,IBK기업은행 군산,전북특별자치도 군산시 중앙로 191,전북특별자치도 군산시 중앙로 191,군산시,063-443-0413~6,Y,listed_assumed_open,공시 점포목록 등재; 실시간 영업상태 미확인,,전국은행연합회 공시 점포현황(2025.12말) 열람 집계,2026-08-10
JB-4EAC7779439A,은행,IBK기업은행 군산수송,전북특별자치도 군산시 수송북로 7,전북특별자치도 군산시 수송북로 7,군산시,"063-467-2262,6752~3",Y,listed_assumed_open,공시 점포목록 등재; 실시간 영업상태 미확인,,전국은행연합회 공시 점포현황(2025.12말) 열람 집계,2026-08-10
JB-049275EB4450,은행,IBK기업은행 새만금,전북특별자치도 군산시 산단남북로 169,전북특별자치도 군산시 산단남북로 169,군산시,063-471-9462~3,Y,listed_assumed_open,공시 점포목록 등재; 실시간 영업상태 미확인,,전국은행연합회 공시 점포현황(2025.12말) 열람 집계,2026-08-10
JB-53B4496AE3F8,은행,KB국민은행 군산,전북특별자치도 군산시 평화길 70,전북특별자치도 군산시 평화길 70,군산시,1588-9999,Y,listed_assumed_open,공시 점포목록 등재; 실시간 영업상태 미확인,,전국은행연합회 공시 점포현황(2025.12말) 열람 집계,2026-08-10
JB-0E9E8CF23E7B,은행,KB국민은행 수송동,전북특별자치도 군산시 수송로 188,전북특별자치도 군산시 수송로 188,군산시,1588-9999,Y,listed_assumed_open,공시 점포목록 등재; 실시간 영업상태 미확인,,전국은행연합회 공시 점포현황(2025.12말) 열람 집계,2026-08-10
JB-0CCFBC726609,은행,NH농협은행 군산시지부,전북특별자치도 군산시 조촌로 91,전북특별자치도 군산시 조촌로 91,군산시,063-452-3723,Y,listed_assumed_open,공시 점포목록 등재; 실시간 영업상태 미확인,,전국은행연합회 공시 점포현황(2025.12말) 열람 집계,2026-08-10
JB-5AB474A278D4,은행,NH농협은행 군산시청,전북특별자치도 군산시 시청로 17,전북특별자치도 군산시 시청로 17,군산시,063-442-9818,Y,listed_assumed_open,공시 점포목록 등재; 실시간 영업상태 미확인,,전국은행연합회 공시 점포현황(2025.12말) 열람 집계,2026-08-10
JB-8E53E6CDBF55,은행,NH농협은행 군산중앙로지점,전북특별자치도 군산시 중앙로 169,전북특별자치도 군산시 중앙로 169,군산시,063-446-3064,Y,listed_assumed_open,공시 점포목록 등재; 실시간 영업상태 미확인,,전국은행연합회 공시 점포현황(2025.12말) 열람 집계,2026-08-10
JB-DDAAD658D84F,은행,NH농협은행 나운센터지점,전북특별자치도 군산시 대학로 342,전북특별자치도 군산시 대학로 342,군산시,063-469-7730,Y,listed_assumed_open,공시 점포목록 등재; 실시간 영업상태 미확인,,전국은행연합회 공시 점포현황(2025.12말) 열람 집계,2026-08-10
JB-CE4BEA30EC7A,은행,NH농협은행 수송동지점,전북특별자치도 군산시 문화로 86,전북특별자치도 군산시 문화로 86,군산시,063-461-8802,Y,listed_assumed_open,공시 점포목록 등재; 실시간 영업상태 미확인,,전국은행연합회 공시 점포현황(2025.12말) 열람 집계,2026-08-10
JB-394E6F20048F,은행,SC제일은행 군산,전북특별자치도 군산시 월명로 213,전북특별자치도 군산시 월명로 213,군산시,063-445-2124,Y,listed_assumed_open,공시 점포목록 등재; 실시간 영업상태 미확인,,전국은행연합회 공시 점포현황(2025.12말) 열람 집계,2026-08-10
JB-EF74FC57DB19,은행,신한은행 군산,전북특별자치도 군산시 월명로 219,전북특별자치도 군산시 월명로 219,군산시,063-442-3101,Y,listed_assumed_open,공시 점포목록 등재; 실시간 영업상태 미확인,,전국은행연합회 공시 점포현황(2025.12말) 열람 집계,2026-08-10
JB-23D5FE1B006F,은행,신한은행 군산법원(출),전북특별자치도 군산시 법원로 68,전북특별자치도 군산시 법원로 68,군산시,063-452-3148,Y,listed_assumed_open,공시 점포목록 등재; 실시간 영업상태 미확인,,전국은행연합회 공시 점포현황(2025.12말) 열람 집계,2026-08-10
JB-CC06CF3D97BD,은행,신한은행 새만금금융센터,전북특별자치도 군산시 자유로 482,전북특별자치도 군산시 자유로 482,군산시,063-462-0054,Y,listed_assumed_open,공시 점포목록 등재; 실시간 영업상태 미확인,,전국은행연합회 공시 점포현황(2025.12말) 열람 집계,2026-08-10
JB-46CEB973FD07,은행,우리은행 군산금융센터,전북특별자치도 군산시 문화로 96,전북특별자치도 군산시 문화로 96,군산시,063-445-2171,Y,listed_assumed_open,공시 점포목록 등재; 실시간 영업상태 미확인,,전국은행연합회 공시 점포현황(2025.12말) 열람 집계,2026-08-10
JB-539700E2D2B1,은행,우리은행 군산나운동지점,전북특별자치도 군산시 백토로 119,전북특별자치도 군산시 백토로 119,군산시,063-468-2121,Y,listed_assumed_open,공시 점포목록 등재; 실시간 영업상태 미확인,,전국은행연합회 공시 점포현황(2025.12말) 열람 집계,2026-08-10
JB-43B4E3CC8C92,은행,우리은행 군산디오션시티(출),전북특별자치도 군산시 궁포1로 24-9,전북특별자치도 군산시 궁포1로 24-9,군산시,063-445-2171,Y,listed_assumed_open,공시 점포목록 등재; 실시간 영업상태 미확인,,전국은행연합회 공시 점포현황(2025.12말) 열람 집계,2026-08-10
JB-4ED18D6B504A,은행,전북은행 군산,전북특별자치도 군산시 동령길 30,전북특별자치도 군산시 동령길 30,군산시,063-445-7141,Y,listed_assumed_open,공시 점포목록 등재; 실시간 영업상태 미확인,,전국은행연합회 공시 점포현황(2025.12말) 열람 집계,2026-08-10
JB-93E202B1974F,은행,전북은행 군산대,전북특별자치도 군산시 대학로 558,전북특별자치도 군산시 대학로 558,군산시,063-464-1600,Y,listed_assumed_open,공시 점포목록 등재; 실시간 영업상태 미확인,,전국은행연합회 공시 점포현황(2025.12말) 열람 집계,2026-08-10
JB-497C8D9BDCAE,은행,전북은행 군산시청,전북특별자치도 군산시 시청로 17 군산시청 1층,전북특별자치도 군산시 시청로 17 군산시청 1층,군산시,063-451-9970,Y,listed_assumed_open,공시 점포목록 등재; 실시간 영업상태 미확인,,전국은행연합회 공시 점포현황(2025.12말) 열람 집계,2026-08-10
JB-51519796B00D,은행,전북은행 서나운,전북특별자치도 군산시 하나운로 72,전북특별자치도 군산시 하나운로 72,군산시,063-465-8151,Y,listed_assumed_open,공시 점포목록 등재; 실시간 영업상태 미확인,,전국은행연합회 공시 점포현황(2025.12말) 열람 집계,2026-08-10
JB-605D1DD5341D,은행,전북은행 소룡동,전북특별자치도 군산시 공단대로 593,전북특별자치도 군산시 공단대로 593,군산시,063-463-0014,Y,listed_assumed_open,공시 점포목록 등재; 실시간 영업상태 미확인,,전국은행연합회 공시 점포현황(2025.12말) 열람 집계,2026-08-10
JB-250A4BE3A4BA,은행,전북은행 수송동,전북특별자치도 군산시 월명로 205,전북특별자치도 군산시 월명로 205,군산시,063-464-5981,Y,listed_assumed_open,공시 점포목록 등재; 실시간 영업상태 미확인,,전국은행연합회 공시 점포현황(2025.12말) 열람 집계,2026-08-10
JB-2512CF009E8A,은행,전북은행 조촌디오션,전북특별자치도 군산시 궁포3로 5,전북특별자치도 군산시 궁포3로 5,군산시,063-442-9961,Y,listed_assumed_open,공시 점포목록 등재; 실시간 영업상태 미확인,,전국은행연합회 공시 점포현황(2025.12말) 열람 집계,2026-08-10
JB-9837F2AFBA92,은행,하나은행 군산,전북특별자치도 군산시 월명로 260,전북특별자치도 군산시 월명로 260,군산시,063-446-8111,Y,listed_assumed_open,공시 점포목록 등재; 실시간 영업상태 미확인,,전국은행연합회 공시 점포현황(2025.12말) 열람 집계,2026-08-10
JB-4C9E208B3507,은행,하나은행 나운동,전북특별자치도 군산시 하나운로 32,전북특별자치도 군산시 하나운로 32,군산시,063-442-1111,Y,listed_assumed_open,공시 점포목록 등재; 실시간 영업상태 미확인,,전국은행연합회 공시 점포현황(2025.12말) 열람 집계,2026-08-10
JB-DAB2A0BE1E9A,은행,한국산업은행 군산,전북특별자치도 군산시 월명로 206,전북특별자치도 군산시 월명로 206,군산시,063-440-3600,Y,listed_assumed_open,공시 점포목록 등재; 실시간 영업상태 미확인,,전국은행연합회 공시 점포현황(2025.12말) 열람 집계,2026-08-10
JB-23F2FDEEB8F2,은행,IBK기업은행 익산,전북특별자치도 익산시 무왕로 1195,전북특별자치도 익산시 무왕로 1195,익산시,"063-832-6907,6908",Y,listed_assumed_open,공시 점포목록 등재; 실시간 영업상태 미확인,,전국은행연합회 공시 점포현황(2025.12말) 열람 집계,2026-08-10
JB-5761E55229D6,은행,KB국민은행 영등동,전북특별자치도 익산시 무왕로 1052,전북특별자치도 익산시 무왕로 1052,익산시,1588-9999,Y,listed_assumed_open,공시 점포목록 등재; 실시간 영업상태 미확인,,전국은행연합회 공시 점포현황(2025.12말) 열람 집계,2026-08-10
JB-9E63997820D3,은행,KB국민은행 익산,전북특별자치도 익산시 중앙로 29,전북특별자치도 익산시 중앙로 29,익산시,1588-9999,Y,listed_assumed_open,공시 점포목록 등재; 실시간 영업상태 미확인,,전국은행연합회 공시 점포현황(2025.12말) 열람 집계,2026-08-10
JB-931F9F34B576,은행,NH농협은행 어양센트럴지점,전북특별자치도 익산시 하나로 337 1층,전북특별자치도 익산시 하나로 337 1층,익산시,063-837-9963,Y,listed_assumed_open,공시 점포목록 등재; 실시간 영업상태 미확인,,전국은행연합회 공시 점포현황(2025.12말) 열람 집계,2026-08-10
JB-315D142A1613,은행,NH농협은행 익산시지부,전북특별자치도 익산시 무왕로 1063,전북특별자치도 익산시 무왕로 1063,익산시,063-830-5678,Y,listed_assumed_open,공시 점포목록 등재; 실시간 영업상태 미확인,,전국은행연합회 공시 점포현황(2025.12말) 열람 집계,2026-08-10
JB-960964868063,은행,NH농협은행 익산시청,전북특별자치도 익산시 인북로32길 1 지하1층,전북특별자치도 익산시 인북로32길 1 지하1층,익산시,063-851-1257,Y,listed_assumed_open,공시 점포목록 등재; 실시간 영업상태 미확인,,전국은행연합회 공시 점포현황(2025.12말) 열람 집계,2026-08-10
JB-2F10740F5AB6,은행,NH농협은행 익산중앙지점,전북특별자치도 익산시 인북로3길 24,전북특별자치도 익산시 인북로3길 24,익산시,063-840-7114,Y,listed_assumed_open,공시 점포목록 등재; 실시간 영업상태 미확인,,전국은행연합회 공시 점포현황(2025.12말) 열람 집계,2026-08-10
JB-752DC5380895,은행,NH농협은행 함열,전북특별자치도 익산시 함열중앙로 21,전북특별자치도 익산시 함열중앙로 21,익산시,063-861-6132,Y,listed_assumed_open,공시 점포목록 등재; 실시간 영업상태 미확인,,전국은행연합회 공시 점포현황(2025.12말) 열람 집계,2026-08-10
JB-B12B6DBD3CD7,은행,신한은행 익산금융센터,전북특별자치도 익산시 무왕로 1052,전북특별자치도 익산시 무왕로 1052,익산시,063-833-2100,Y,listed_assumed_open,공시 점포목록 등재; 실시간 영업상태 미확인,,전국은행연합회 공시 점포현황(2025.12말) 열람 집계,2026-08-10
JB-38FD56E31787,은행,우리은행 익산영등동지점,전북특별자치도 익산시 무왕로 1078,전북특별자치도 익산시 무왕로 1078,익산시,063-838-0008,Y,listed_assumed_open,공시 점포목록 등재; 실시간 영업상태 미확인,,전국은행연합회 공시 점포현황(2025.12말) 열람 집계,2026-08-10
JB-D2476475B5D5,은행,우리은행 익산지점,전북특별자치도 익산시 익산대로16길 33,전북특별자치도 익산시 익산대로16길 33,익산시,063-853-2801,Y,listed_assumed_open,공시 점포목록 등재; 실시간 영업상태 미확인,,전국은행연합회 공시 점포현황(2025.12말) 열람 집계,2026-08-10
JB-43CEA6D3139B,은행,전북은행 모현동,전북특별자치도 익산시 배산로16길 36,전북특별자치도 익산시 배산로16길 36,익산시,063-841-8280,Y,listed_assumed_open,공시 점포목록 등재; 실시간 영업상태 미확인,,전국은행연합회 공시 점포현황(2025.12말) 열람 집계,2026-08-10
JB-1D42044F2C4C,은행,전북은행 영등동,전북특별자치도 익산시 무왕로13길 12 주차빌딩,전북특별자치도 익산시 무왕로13길 12 주차빌딩,익산시,063-834-0091,Y,listed_assumed_open,공시 점포목록 등재; 실시간 영업상태 미확인,,전국은행연합회 공시 점포현황(2025.12말) 열람 집계,2026-08-10
JB-8F0B2DFC2F22,은행,전북은행 원광,전북특별자치도 익산시 무왕로 893,전북특별자치도 익산시 무왕로 893,익산시,063-857-1586,Y,listed_assumed_open,공시 점포목록 등재; 실시간 영업상태 미확인,,전국은행연합회 공시 점포현황(2025.12말) 열람 집계,2026-08-10
JB-79807C0F1786,은행,전북은행 원광대,전북특별자치도 익산시 익산대로 460,전북특별자치도 익산시 익산대로 460,익산시,063-858-7338,Y,listed_assumed_open,공시 점포목록 등재; 실시간 영업상태 미확인,,전국은행연합회 공시 점포현황(2025.12말) 열람 집계,2026-08-10
JB-662A211D0250,은행,전북은행 익산,전북특별자치도 익산시 중앙로5길 10,전북특별자치도 익산시 중앙로5길 10,익산시,063-855-9891,Y,listed_assumed_open,공시 점포목록 등재; 실시간 영업상태 미확인,,전국은행연합회 공시 점포현황(2025.12말) 열람 집계,2026-08-10
JB-F2A67A06D052,은행,전북은행 익산공단,전북특별자치도 익산시 약촌로 156 수출자유지역 B-1,전북특별자치도 익산시 약촌로 156 수출자유지역 B-1,익산시,063-833-9116,Y,listed_assumed_open,공시 점포목록 등재; 실시간 영업상태 미확인,,전국은행연합회 공시 점포현황(2025.12말) 열람 집계,2026-08-10
JB-063E772DA64A,은행,전북은행 익산시청,전북특별자치도 익산시 인북로32길1 지하1층,전북특별자치도 익산시 인북로32길1 지하1층,익산시,063-841-0081,Y,listed_assumed_open,공시 점포목록 등재; 실시간 영업상태 미확인,,전국은행연합회 공시 점포현황(2025.12말) 열람 집계,2026-08-10
JB-431C7F8D8164,은행,전북은행 인화동,전북특별자치도 익산시 인북로 28-6,전북특별자치도 익산시 인북로 28-6,익산시,063-851-0811,Y,listed_assumed_open,공시 점포목록 등재; 실시간 영업상태 미확인,,전국은행연합회 공시 점포현황(2025.12말) 열람 집계,2026-08-10
JB-B970FADF9C0B,은행,하나은행 익산,전북특별자치도 익산시 무왕로 1073,전북특별자치도 익산시 무왕로 1073,익산시,063-836-1111,Y,listed_assumed_open,공시 점포목록 등재; 실시간 영업상태 미확인,,전국은행연합회 공시 점포현황(2025.12말) 열람 집계,2026-08-10
JB-413A603447E9,은행,하나은행 익산공단,전북특별자치도 익산시 선화로 418,전북특별자치도 익산시 선화로 418,익산시,063-834-2334,Y,listed_assumed_open,공시 점포목록 등재; 실시간 영업상태 미확인,,전국은행연합회 공시 점포현황(2025.12말) 열람 집계,2026-08-10
JB-E48FAE16DC88,은행,IBK기업은행 정읍,전북특별자치도 정읍시 중앙로 72,전북특별자치도 정읍시 중앙로 72,정읍시,063-531-4114~5,Y,listed_assumed_open,공시 점포목록 등재; 실시간 영업상태 미확인,,전국은행연합회 공시 점포현황(2025.12말) 열람 집계,2026-08-10
JB-0F4FE1813C1C,은행,KB국민은행 정읍,전북특별자치도 정읍시 중앙로 124,전북특별자치도 정읍시 중앙로 124,정읍시,1588-9999,Y,listed_assumed_open,공시 점포목록 등재; 실시간 영업상태 미확인,,전국은행연합회 공시 점포현황(2025.12말) 열람 집계,2026-08-10
JB-F0DD5BFAB485,은행,NH농협은행 정읍시지부,전북특별자치도 정읍시 중앙로 62,전북특별자치도 정읍시 중앙로 62,정읍시,063-535-2601,Y,listed_assumed_open,공시 점포목록 등재; 실시간 영업상태 미확인,,전국은행연합회 공시 점포현황(2025.12말) 열람 집계,2026-08-10
JB-F1E350AD3C80,은행,NH농협은행 정읍시청,전북특별자치도 정읍시 충정로 234,전북특별자치도 정읍시 충정로 234,정읍시,063-531-7192,Y,listed_assumed_open,공시 점포목록 등재; 실시간 영업상태 미확인,,전국은행연합회 공시 점포현황(2025.12말) 열람 집계,2026-08-10
JB-6B3829D85042,은행,NH농협은행 정읍지원,전북특별자치도 정읍시 수성6로 29,전북특별자치도 정읍시 수성6로 29,정읍시,063-534-7977,Y,listed_assumed_open,공시 점포목록 등재; 실시간 영업상태 미확인,,전국은행연합회 공시 점포현황(2025.12말) 열람 집계,2026-08-10
JB-DFCF74554CD5,은행,우리은행 정읍지점,전북특별자치도 정읍시 충정로 88,전북특별자치도 정읍시 충정로 88,정읍시,063-534-7076,Y,listed_assumed_open,공시 점포목록 등재; 실시간 영업상태 미확인,,전국은행연합회 공시 점포현황(2025.12말) 열람 집계,2026-08-10
JB-E8C1DEB6A39C,은행,전북은행 정읍,전북특별자치도 정읍시 새암길 1,전북특별자치도 정읍시 새암길 1,정읍시,063-535-4573,Y,listed_assumed_open,공시 점포목록 등재; 실시간 영업상태 미확인,,전국은행연합회 공시 점포현황(2025.12말) 열람 집계,2026-08-10
JB-A69686993B16,은행,전북은행 정읍시청,전북특별자치도 정읍시 충정로 234,전북특별자치도 정읍시 충정로 234,정읍시,063-533-2681,Y,listed_assumed_open,공시 점포목록 등재; 실시간 영업상태 미확인,,전국은행연합회 공시 점포현황(2025.12말) 열람 집계,2026-08-10
JB-7EEBE2128A8E,은행,IBK기업은행 남원,전북특별자치도 남원시 남문로 462,전북특별자치도 남원시 남문로 462,남원시,063-626-0143~4,Y,listed_assumed_open,공시 점포목록 등재; 실시간 영업상태 미확인,,전국은행연합회 공시 점포현황(2025.12말) 열람 집계,2026-08-10
JB-D23440B2EFA1,은행,KB국민은행 남원,전북특별자치도 남원시 광한서로 64,전북특별자치도 남원시 광한서로 64,남원시,1588-9999,Y,listed_assumed_open,공시 점포목록 등재; 실시간 영업상태 미확인,,전국은행연합회 공시 점포현황(2025.12말) 열람 집계,2026-08-10
JB-8F27AC6F03AF,은행,NH농협은행 남원시지부,전북특별자치도 남원시 광한북로 63,전북특별자치도 남원시 광한북로 63,남원시,063-633-2012,Y,listed_assumed_open,공시 점포목록 등재; 실시간 영업상태 미확인,,전국은행연합회 공시 점포현황(2025.12말) 열람 집계,2026-08-10
JB-DEC31B27913B,은행,NH농협은행 남원시청,전북특별자치도 남원시 시청로 60,전북특별자치도 남원시 시청로 60,남원시,063-632-5105,Y,listed_assumed_open,공시 점포목록 등재; 실시간 영업상태 미확인,,전국은행연합회 공시 점포현황(2025.12말) 열람 집계,2026-08-10
JB-9F78655F2045,은행,NH농협은행 남원지원,전북특별자치도 남원시 용성로 59,전북특별자치도 남원시 용성로 59,남원시,063-634-7289,Y,listed_assumed_open,공시 점포목록 등재; 실시간 영업상태 미확인,,전국은행연합회 공시 점포현황(2025.12말) 열람 집계,2026-08-10
JB-67CD9B276F4E,은행,전북은행 남원,전북특별자치도 남원시 시청로 50,전북특별자치도 남원시 시청로 50,남원시,063-632-2881,Y,listed_assumed_open,공시 점포목록 등재; 실시간 영업상태 미확인,,전국은행연합회 공시 점포현황(2025.12말) 열람 집계,2026-08-10
JB-536CF35BDF8B,은행,KB국민은행 김제,전북특별자치도 김제시 중앙로 110,전북특별자치도 김제시 중앙로 110,김제시,1588-9999,Y,listed_assumed_open,공시 점포목록 등재; 실시간 영업상태 미확인,,전국은행연합회 공시 점포현황(2025.12말) 열람 집계,2026-08-10
JB-E9DA67823BBE,은행,NH농협은행 김제시지부,전북특별자치도 김제시 중앙로 139,전북특별자치도 김제시 중앙로 139,김제시,063-547-3042,Y,listed_assumed_open,공시 점포목록 등재; 실시간 영업상태 미확인,,전국은행연합회 공시 점포현황(2025.12말) 열람 집계,2026-08-10
JB-DE4F0B8FEEAC,은행,NH농협은행 김제시청,전북특별자치도 김제시 중앙로 40,전북특별자치도 김제시 중앙로 40,김제시,063-547-0582,Y,listed_assumed_open,공시 점포목록 등재; 실시간 영업상태 미확인,,전국은행연합회 공시 점포현황(2025.12말) 열람 집계,2026-08-10
JB-776E52958245,은행,우리은행 김제지점,전북특별자치도 김제시 화동길 75,전북특별자치도 김제시 화동길 75,김제시,063-547-4131,Y,listed_assumed_open,공시 점포목록 등재; 실시간 영업상태 미확인,,전국은행연합회 공시 점포현황(2025.12말) 열람 집계,2026-08-10
JB-2339BAA7A873,은행,전북은행 김제,전북특별자치도 김제시 화동길 33,전북특별자치도 김제시 화동길 33,김제시,063-547-3171,Y,listed_assumed_open,공시 점포목록 등재; 실시간 영업상태 미확인,,전국은행연합회 공시 점포현황(2025.12말) 열람 집계,2026-08-10
JB-E6997B1F0A79,은행,IBK기업은행 완주산단,전북특별자치도 완주군 삼봉7로 22,전북특별자치도 완주군 삼봉7로 22,완주군,063-280-6390,Y,listed_assumed_open,공시 점포목록 등재; 실시간 영업상태 미확인,,전국은행연합회 공시 점포현황(2025.12말) 열람 집계,2026-08-10
JB-E26DEF01A904,은행,KB국민은행 전북혁신도시(점),전북특별자치도 완주군 기지로 35,전북특별자치도 완주군 기지로 35,완주군,1588-9999,Y,listed_assumed_open,공시 점포목록 등재; 실시간 영업상태 미확인,,전국은행연합회 공시 점포현황(2025.12말) 열람 집계,2026-08-10
JB-9916589B3D35,은행,NH농협은행 완주군지부,전북특별자치도 완주군 운곡2로 3,전북특별자치도 완주군 운곡2로 3,완주군,063-247-8471,Y,listed_assumed_open,공시 점포목록 등재; 실시간 영업상태 미확인,,전국은행연합회 공시 점포현황(2025.12말) 열람 집계,2026-08-10
JB-4F99B41FD49B,은행,NH농협은행 완주군청,전북특별자치도 완주군 지암로 61,전북특별자치도 완주군 지암로 61,완주군,063-247-5062,Y,listed_assumed_open,공시 점포목록 등재; 실시간 영업상태 미확인,,전국은행연합회 공시 점포현황(2025.12말) 열람 집계,2026-08-10
JB-0297B31A219A,은행,우리은행 전북혁신도시(출),전북특별자치도 완주군 안전로 135,전북특별자치도 완주군 안전로 135,완주군,063-715-1899,Y,listed_assumed_open,공시 점포목록 등재; 실시간 영업상태 미확인,,전국은행연합회 공시 점포현황(2025.12말) 열람 집계,2026-08-10
JB-13E721DAA5B5,은행,전북은행 완주군청,전북특별자치도 완주군 지암로 61,전북특별자치도 완주군 지암로 61,완주군,063-247-7310,Y,listed_assumed_open,공시 점포목록 등재; 실시간 영업상태 미확인,,전국은행연합회 공시 점포현황(2025.12말) 열람 집계,2026-08-10
JB-C4908EFBD25F,은행,전북은행 완주산단,전북특별자치도 완주군 과학로 1033 덕연빌딩 2층,전북특별자치도 완주군 과학로 1033 덕연빌딩 2층,완주군,063-263-8114,Y,listed_assumed_open,공시 점포목록 등재; 실시간 영업상태 미확인,,전국은행연합회 공시 점포현황(2025.12말) 열람 집계,2026-08-10
JB-9EF99DB2E93B,은행,전북은행 우석대,전북특별자치도 완주군 삼례로 443,전북특별자치도 완주군 삼례로 443,완주군,063-291-4142,Y,listed_assumed_open,공시 점포목록 등재; 실시간 영업상태 미확인,,전국은행연합회 공시 점포현황(2025.12말) 열람 집계,2026-08-10
JB-B5E06CE72376,은행,하나은행 전주공단,전북특별자치도 완주군 완주산단5로 83,전북특별자치도 완주군 완주산단5로 83,완주군,063-261-8000,Y,listed_assumed_open,공시 점포목록 등재; 실시간 영업상태 미확인,,전국은행연합회 공시 점포현황(2025.12말) 열람 집계,2026-08-10
JB-19038AF50725,은행,NH농협은행 진안군지부,전북특별자치도 진안군 중앙로 70,전북특별자치도 진안군 중앙로 70,진안군,063-433-0392,Y,listed_assumed_open,공시 점포목록 등재; 실시간 영업상태 미확인,,전국은행연합회 공시 점포현황(2025.12말) 열람 집계,2026-08-10
JB-2E10CADC091A,은행,NH농협은행 진안군청,전북특별자치도 진안군 중앙로 67,전북특별자치도 진안군 중앙로 67,진안군,063-433-1051,Y,listed_assumed_open,공시 점포목록 등재; 실시간 영업상태 미확인,,전국은행연합회 공시 점포현황(2025.12말) 열람 집계,2026-08-10
JB-C22FFB665F18,은행,전북은행 진안,전북특별자치도 진안군 진무로 1098,전북특별자치도 진안군 진무로 1098,진안군,063-433-5955,Y,listed_assumed_open,공시 점포목록 등재; 실시간 영업상태 미확인,,전국은행연합회 공시 점포현황(2025.12말) 열람 집계,2026-08-10
JB-3285E6D97490,은행,NH농협은행 무주군지부,전북특별자치도 무주군 주계로 106,전북특별자치도 무주군 주계로 106,무주군,063-320-3100,Y,listed_assumed_open,공시 점포목록 등재; 실시간 영업상태 미확인,,전국은행연합회 공시 점포현황(2025.12말) 열람 집계,2026-08-10
JB-3E50BA01DAD0,은행,NH농협은행 무주군청,전북특별자치도 무주군 주계로 97,전북특별자치도 무주군 주계로 97,무주군,063-324-1573,Y,listed_assumed_open,공시 점포목록 등재; 실시간 영업상태 미확인,,전국은행연합회 공시 점포현황(2025.12말) 열람 집계,2026-08-10
JB-CBCAEFD4DD04,은행,전북은행 무주,전북특별자치도 무주군 주계로7길 10,전북특별자치도 무주군 주계로7길 10,무주군,063-324-5210,Y,listed_assumed_open,공시 점포목록 등재; 실시간 영업상태 미확인,,전국은행연합회 공시 점포현황(2025.12말) 열람 집계,2026-08-10
JB-D12BBEF9984A,은행,NH농협은행 장수군지부,전북특별자치도 장수군 호비로 9,전북특별자치도 장수군 호비로 9,장수군,063-351-2842,Y,listed_assumed_open,공시 점포목록 등재; 실시간 영업상태 미확인,,전국은행연합회 공시 점포현황(2025.12말) 열람 집계,2026-08-10
JB-71CECD6F751F,은행,NH농협은행 장수군청,전북특별자치도 장수군 호비로 10,전북특별자치도 장수군 호비로 10,장수군,063-351-5090,Y,listed_assumed_open,공시 점포목록 등재; 실시간 영업상태 미확인,,전국은행연합회 공시 점포현황(2025.12말) 열람 집계,2026-08-10
JB-362E45982A5C,은행,NH농협은행 임실군지부,전북특별자치도 임실군 봉황로 135,전북특별자치도 임실군 봉황로 135,임실군,063-642-2143,Y,listed_assumed_open,공시 점포목록 등재; 실시간 영업상태 미확인,,전국은행연합회 공시 점포현황(2025.12말) 열람 집계,2026-08-10
JB-C0D9B12EFC69,은행,NH농협은행 임실군청,전북특별자치도 임실군 수정로 30,전북특별자치도 임실군 수정로 30,임실군,063-642-8215,Y,listed_assumed_open,공시 점포목록 등재; 실시간 영업상태 미확인,,전국은행연합회 공시 점포현황(2025.12말) 열람 집계,2026-08-10
JB-B3C811BFDACC,은행,NH농협은행 순창군지부,전북특별자치도 순창군 순창로 214,전북특별자치도 순창군 순창로 214,순창군,063-652-0724,Y,listed_assumed_open,공시 점포목록 등재; 실시간 영업상태 미확인,,전국은행연합회 공시 점포현황(2025.12말) 열람 집계,2026-08-10
JB-972EAED20C51,은행,NH농협은행 순창군청,전북특별자치도 순창군 경천로 33 순창군청 1층,전북특별자치도 순창군 경천로 33 순창군청 1층,순창군,063-653-0774,Y,listed_assumed_open,공시 점포목록 등재; 실시간 영업상태 미확인,,전국은행연합회 공시 점포현황(2025.12말) 열람 집계,2026-08-10
JB-833352106075,은행,전북은행 순창,전북특별자치도 순창군 순창로 218,전북특별자치도 순창군 순창로 218,순창군,063-653-9911,Y,listed_assumed_open,공시 점포목록 등재; 실시간 영업상태 미확인,,전국은행연합회 공시 점포현황(2025.12말) 열람 집계,2026-08-10
JB-BFA592A47AEA,은행,NH농협은행 고창군지부,전북특별자치도 고창군 중앙로 232 3층,전북특별자치도 고창군 중앙로 232 3층,고창군,063-564-2142,Y,listed_assumed_open,공시 점포목록 등재; 실시간 영업상태 미확인,,전국은행연합회 공시 점포현황(2025.12말) 열람 집계,2026-08-10
JB-640295149153,은행,NH농협은행 고창군청,전북특별자치도 고창군 중앙로 245,전북특별자치도 고창군 중앙로 245,고창군,063-564-6548,Y,listed_assumed_open,공시 점포목록 등재; 실시간 영업상태 미확인,,전국은행연합회 공시 점포현황(2025.12말) 열람 집계,2026-08-10
JB-27313764A912,은행,전북은행 고창,전북특별자치도 고창군 중앙로 202,전북특별자치도 고창군 중앙로 202,고창군,063-564-2555,Y,listed_assumed_open,공시 점포목록 등재; 실시간 영업상태 미확인,,전국은행연합회 공시 점포현황(2025.12말) 열람 집계,2026-08-10
JB-E8206CD42849,은행,KB국민은행 부안(점),전북특별자치도 부안군 석정로 224,전북특별자치도 부안군 석정로 224,부안군,1588-9999,Y,listed_assumed_open,공시 점포목록 등재; 실시간 영업상태 미확인,,전국은행연합회 공시 점포현황(2025.12말) 열람 집계,2026-08-10
JB-5A5725BB32B6,은행,NH농협은행 부안군지부,전북특별자치도 부안군 석정로 255,전북특별자치도 부안군 석정로 255,부안군,063-584-2137,Y,listed_assumed_open,공시 점포목록 등재; 실시간 영업상태 미확인,,전국은행연합회 공시 점포현황(2025.12말) 열람 집계,2026-08-10
JB-E9BDA2A9B27D,은행,NH농협은행 부안군청,전북특별자치도 부안군 당산로 91,전북특별자치도 부안군 당산로 91,부안군,063-581-0226,Y,listed_assumed_open,공시 점포목록 등재; 실시간 영업상태 미확인,,전국은행연합회 공시 점포현황(2025.12말) 열람 집계,2026-08-10
JB-207E5F3E13F6,은행,전북은행 부안,전북특별자치도 부안군 석정로 200,전북특별자치도 부안군 석정로 200,부안군,063-583-5121,Y,listed_assumed_open,공시 점포목록 등재; 실시간 영업상태 미확인,,전국은행연합회 공시 점포현황(2025.12말) 열람 집계,2026-08-10
JB-681E3399F4DE,신협,고창신용협동조합 본점,전북특별자치도 고창군 고창읍 동리로 46 고창신협,전북특별자치도 고창군 고창읍 동리로 46,고창군,지역,Y,listed_assumed_open,중앙회 점포조회 등재; 실시간 영업상태 미확인,,신협중앙회 점포 조회,2026-08-10
JB-3C9ABD2CC34E,신협,고창신용협동조합 지점,전북특별자치도 고창군 해리면 해리중앙로 93-1,전북특별자치도 고창군 해리면 해리중앙로 93-1,고창군,지역,Y,listed_assumed_open,중앙회 점포조회 등재; 실시간 영업상태 미확인,,신협중앙회 점포 조회,2026-08-10
JB-F3E62925877A,신협,군산대건신용협동조합 본점,전북특별자치도 군산시 중앙로 101-1,전북특별자치도 군산시 중앙로 101-1,군산시,지역,Y,listed_assumed_open,중앙회 점포조회 등재; 실시간 영업상태 미확인,,신협중앙회 점포 조회,2026-08-10
JB-892BF4A4383F,신협,군산대건신용협동조합 지점,전북특별자치도 군산시 대학로 267 군산대건신협 나운지점,전북특별자치도 군산시 대학로 267 군산대건신협,군산시,지역,Y,listed_assumed_open,중앙회 점포조회 등재; 실시간 영업상태 미확인,,신협중앙회 점포 조회,2026-08-10
JB-CE2F42288432,신협,군산대건신용협동조합 지점,전북특별자치도 군산시 정자로 64,전북특별자치도 군산시 정자로 64,군산시,지역,Y,listed_assumed_open,중앙회 점포조회 등재; 실시간 영업상태 미확인,,신협중앙회 점포 조회,2026-08-10
JB-0E539AF3B2DC,신협,군산반석신용협동조합 본점,전북특별자치도 군산시 백토로 192 군산반석신협,전북특별자치도 군산시 백토로 192,군산시,지역,Y,listed_assumed_open,중앙회 점포조회 등재; 실시간 영업상태 미확인,,신협중앙회 점포 조회,2026-08-10
JB-C6E087336036,신협,군산반석신용협동조합 지점,전북특별자치도 군산시 월명로 466 군산반석신협,전북특별자치도 군산시 월명로 466,군산시,지역,Y,listed_assumed_open,중앙회 점포조회 등재; 실시간 영업상태 미확인,,신협중앙회 점포 조회,2026-08-10
JB-A43FA05D348B,신협,군산월명신용협동조합 본점,전북특별자치도 군산시 축동안3길 34-1,전북특별자치도 군산시 축동안3길 34-1,군산시,지역,Y,listed_assumed_open,중앙회 점포조회 등재; 실시간 영업상태 미확인,,신협중앙회 점포 조회,2026-08-10
JB-B54EA05265F3,신협,군산월명신용협동조합 지점,전북특별자치도 군산시 월명로 482,전북특별자치도 군산시 월명로 482,군산시,지역,Y,listed_assumed_open,중앙회 점포조회 등재; 실시간 영업상태 미확인,,신협중앙회 점포 조회,2026-08-10
JB-735B999C2E3E,신협,군산월명신용협동조합 지점,전북특별자치도 군산시 계산로 55 메가플레이스3 상가,전북특별자치도 군산시 계산로 55 메가플레이스3 상가,군산시,지역,Y,listed_assumed_open,중앙회 점포조회 등재; 실시간 영업상태 미확인,,신협중앙회 점포 조회,2026-08-10
JB-A97895C3E2A5,신협,군산제일신용협동조합 본점,전북특별자치도 군산시 하나운로 71,전북특별자치도 군산시 하나운로 71,군산시,지역,Y,listed_assumed_open,중앙회 점포조회 등재; 실시간 영업상태 미확인,,신협중앙회 점포 조회,2026-08-10
JB-D4F7AC9BF442,신협,군산제일신용협동조합 지점,전북특별자치도 군산시 공항로 57,전북특별자치도 군산시 공항로 57,군산시,지역,Y,listed_assumed_open,중앙회 점포조회 등재; 실시간 영업상태 미확인,,신협중앙회 점포 조회,2026-08-10
JB-E38B5B750406,신협,군산제일신용협동조합 지점,전북특별자치도 군산시 조촌로 131 105호,전북특별자치도 군산시 조촌로 131 105호,군산시,지역,Y,listed_assumed_open,중앙회 점포조회 등재; 실시간 영업상태 미확인,,신협중앙회 점포 조회,2026-08-10
JB-3170EBDB4837,신협,군산중앙신용협동조합 본점,전북특별자치도 군산시 한밭2길 1 군산중앙신협,전북특별자치도 군산시 한밭2길 1,군산시,지역,Y,listed_assumed_open,중앙회 점포조회 등재; 실시간 영업상태 미확인,,신협중앙회 점포 조회,2026-08-10
JB-6B343FAF63F6,신협,군산중앙신용협동조합 지점,전북특별자치도 군산시 수송로 174 군산중앙신협,전북특별자치도 군산시 수송로 174,군산시,지역,Y,listed_assumed_open,중앙회 점포조회 등재; 실시간 영업상태 미확인,,신협중앙회 점포 조회,2026-08-10
JB-CDF21316BB35,신협,군산타타신용협동조합 본점,전북특별자치도 군산시 동장산로 172 지하1층,전북특별자치도 군산시 동장산로 172 지하1층,군산시,지역,Y,listed_assumed_open,중앙회 점포조회 등재; 실시간 영업상태 미확인,,신협중앙회 점포 조회,2026-08-10
JB-F6D4F57B5BD2,신협,군산타타신용협동조합 지점,전북특별자치도 군산시 수송로 336 1층 군산타타신협 미장지점,전북특별자치도 군산시 수송로 336 1층 군산타타신협,군산시,지역,Y,listed_assumed_open,중앙회 점포조회 등재; 실시간 영업상태 미확인,,신협중앙회 점포 조회,2026-08-10
JB-AB6B34908314,신협,군산팔마신용협동조합 본점,전북특별자치도 군산시 경암로 16 군산팔마신협,전북특별자치도 군산시 경암로 16,군산시,지역,Y,listed_assumed_open,중앙회 점포조회 등재; 실시간 영업상태 미확인,,신협중앙회 점포 조회,2026-08-10
JB-A85FC9937603,신협,군산팔마신용협동조합 지점,전북특별자치도 군산시 궁포1로 24-3 세종빌딩 1층 110호,전북특별자치도 군산시 궁포1로 24-3 세종빌딩 1층 110호,군산시,지역,Y,listed_assumed_open,중앙회 점포조회 등재; 실시간 영업상태 미확인,,신협중앙회 점포 조회,2026-08-10
JB-3B23565B5174,신협,군산해성신용협동조합 본점,전북특별자치도 군산시 미원로 7 군산해성신협,전북특별자치도 군산시 미원로 7,군산시,지역,Y,listed_assumed_open,중앙회 점포조회 등재; 실시간 영업상태 미확인,,신협중앙회 점포 조회,2026-08-10
JB-7683A926CCA1,신협,군산해성신용협동조합 지점,전북특별자치도 군산시 문화로 127 102호 군산해성신협,전북특별자치도 군산시 문화로 127 102호,군산시,지역,Y,listed_assumed_open,중앙회 점포조회 등재; 실시간 영업상태 미확인,,신협중앙회 점포 조회,2026-08-10
JB-530E67D2015F,신협,금마신용협동조합 본점,전북특별자치도 익산시 금마면 고도길 55-1,전북특별자치도 익산시 금마면 고도길 55-1,익산시,지역,Y,listed_assumed_open,중앙회 점포조회 등재; 실시간 영업상태 미확인,,신협중앙회 점포 조회,2026-08-10
JB-413DD6BC5B00,신협,김제신용협동조합 본점,전북특별자치도 김제시 도작로 59,전북특별자치도 김제시 도작로 59,김제시,지역,Y,listed_assumed_open,중앙회 점포조회 등재; 실시간 영업상태 미확인,,신협중앙회 점포 조회,2026-08-10
JB-620E7DB84425,신협,김제신용협동조합 지점,전북특별자치도 김제시 서낭당길 124,전북특별자치도 김제시 서낭당길 124,김제시,지역,Y,listed_assumed_open,중앙회 점포조회 등재; 실시간 영업상태 미확인,,신협중앙회 점포 조회,2026-08-10
JB-4BC2AC6E5AAD,신협,노송신용협동조합 본점,전북특별자치도 전주시 덕진구 무삼지로 85 노송신협,전북특별자치도 전주시 덕진구 무삼지로 85,전주시,지역,Y,listed_assumed_open,중앙회 점포조회 등재; 실시간 영업상태 미확인,,신협중앙회 점포 조회,2026-08-10
JB-004E8AC79549,신협,노송신용협동조합 지점,전북특별자치도 전주시 덕진구 석소로 31 108동 101호-1,전북특별자치도 전주시 덕진구 석소로 31 108동 101호-1,전주시,지역,Y,listed_assumed_open,중앙회 점포조회 등재; 실시간 영업상태 미확인,,신협중앙회 점포 조회,2026-08-10
JB-980A3FF611D0,신협,대산신용협동조합 본점,전북특별자치도 고창군 대산면 신방길 1 대산신협,전북특별자치도 고창군 대산면 신방길 1,고창군,지역,Y,listed_assumed_open,중앙회 점포조회 등재; 실시간 영업상태 미확인,,신협중앙회 점포 조회,2026-08-10
JB-8586DDA9FFC9,신협,동계신용협동조합 본점,전북특별자치도 순창군 동계면 동계로 24,전북특별자치도 순창군 동계면 동계로 24,순창군,지역,Y,listed_assumed_open,중앙회 점포조회 등재; 실시간 영업상태 미확인,,신협중앙회 점포 조회,2026-08-10
JB-7760890D77A7,신협,무궁화신용협동조합 본점,전북특별자치도 장수군 장계면 장무로 236 장무로 236,전북특별자치도 장수군 장계면 장무로 236 장무로 236,장수군,지역,Y,listed_assumed_open,중앙회 점포조회 등재; 실시간 영업상태 미확인,,신협중앙회 점포 조회,2026-08-10
JB-14B74DB27F8C,신협,무장신용협동조합 본점,전북특별자치도 고창군 무장면무장읍 성길 11,전북특별자치도 고창군 무장면무장읍 성길 11,고창군,지역,Y,listed_assumed_open,중앙회 점포조회 등재; 실시간 영업상태 미확인,,신협중앙회 점포 조회,2026-08-10
JB-1BE07762F564,신협,무주반딧불신용협동조합 본점,전북특별자치도 무주군 무주읍 향학로 33 무주반딧불신협,전북특별자치도 무주군 무주읍 향학로 33,무주군,지역,Y,listed_assumed_open,중앙회 점포조회 등재; 실시간 영업상태 미확인,,신협중앙회 점포 조회,2026-08-10
JB-0D8434D7E671,신협,무주안성신용협동조합 본점,전북특별자치도 무주군 안성면 안성로 275 무주안성신협,전북특별자치도 무주군 안성면 안성로 275,무주군,지역,Y,listed_assumed_open,중앙회 점포조회 등재; 실시간 영업상태 미확인,,신협중앙회 점포 조회,2026-08-10
JB-A18D8E378229,신협,봉상신용협동조합 본점,전북특별자치도 완주군 봉동읍 봉동로 140,전북특별자치도 완주군 봉동읍 봉동로 140,완주군,지역,Y,listed_assumed_open,중앙회 점포조회 등재; 실시간 영업상태 미확인,,신협중앙회 점포 조회,2026-08-10
JB-385B38991F2E,신협,부안신용협동조합 본점,전북특별자치도 부안군 부안읍 석정로 242 부안신협,전북특별자치도 부안군 부안읍 석정로 242,부안군,지역,Y,listed_assumed_open,중앙회 점포조회 등재; 실시간 영업상태 미확인,,신협중앙회 점포 조회,2026-08-10
JB-908DF2F73ED2,신협,삼광신용협동조합 본점,전북특별자치도 고창군 공음면 공음길 40 삼광신협,전북특별자치도 고창군 공음면 공음길 40,고창군,지역,Y,listed_assumed_open,중앙회 점포조회 등재; 실시간 영업상태 미확인,,신협중앙회 점포 조회,2026-08-10
JB-647CD6611FBC,신협,삼례신용협동조합 본점,전북특별자치도 완주군 삼례읍 삼례로 356,전북특별자치도 완주군 삼례읍 삼례로 356,완주군,지역,Y,listed_assumed_open,중앙회 점포조회 등재; 실시간 영업상태 미확인,,신협중앙회 점포 조회,2026-08-10
JB-002062F71483,신협,삼례신용협동조합 지점,전북특별자치도 완주군 삼례읍삼봉1로 2 삼례신협 삼봉지점,전북특별자치도 완주군 삼례읍삼봉1로 2 삼례신협,완주군,지역,Y,listed_assumed_open,중앙회 점포조회 등재; 실시간 영업상태 미확인,,신협중앙회 점포 조회,2026-08-10
JB-618FF1C5DE8D,신협,서신신용협동조합 본점,전북특별자치도 전주시 완산구 서신로 24 서신신용협동조합,전북특별자치도 전주시 완산구 서신로 24,전주시,지역,Y,listed_assumed_open,중앙회 점포조회 등재; 실시간 영업상태 미확인,,신협중앙회 점포 조회,2026-08-10
JB-EA658E5AFA93,신협,서신신용협동조합 지점,전북특별자치도 전주시 완산구 백제대로 424 1층,전북특별자치도 전주시 완산구 백제대로 424 1층,전주시,지역,Y,listed_assumed_open,중앙회 점포조회 등재; 실시간 영업상태 미확인,,신협중앙회 점포 조회,2026-08-10
JB-08D41B353D2A,신협,설천신용협동조합 본점,전북특별자치도 무주군 설천면 무설로 1583 설천신용협동조합,전북특별자치도 무주군 설천면 무설로 1583,무주군,지역,Y,listed_assumed_open,중앙회 점포조회 등재; 실시간 영업상태 미확인,,신협중앙회 점포 조회,2026-08-10
JB-E416648D793B,신협,송천신용협동조합 본점,전북특별자치도 전주시 덕진구 붓내3길 38 송천신협,전북특별자치도 전주시 덕진구 붓내3길 38,전주시,지역,Y,listed_assumed_open,중앙회 점포조회 등재; 실시간 영업상태 미확인,,신협중앙회 점포 조회,2026-08-10
JB-14CF657A378F,신협,순창신용협동조합 본점,전북특별자치도 순창군 순창읍 순창로 194,전북특별자치도 순창군 순창읍 순창로 194,순창군,지역,Y,listed_assumed_open,중앙회 점포조회 등재; 실시간 영업상태 미확인,,신협중앙회 점포 조회,2026-08-10
JB-C3594536482A,신협,양우신용협동조합 본점,전북특별자치도 전주시 덕진구 견훤로 383,전북특별자치도 전주시 덕진구 견훤로 383,전주시,지역,Y,listed_assumed_open,중앙회 점포조회 등재; 실시간 영업상태 미확인,,신협중앙회 점포 조회,2026-08-10
JB-FF44C93A5F87,신협,양우신용협동조합 지점,전북특별자치도 전주시 덕진구 무삼지로 33,전북특별자치도 전주시 덕진구 무삼지로 33,전주시,지역,Y,listed_assumed_open,중앙회 점포조회 등재; 실시간 영업상태 미확인,,신협중앙회 점포 조회,2026-08-10
JB-BC7685CD1413,신협,여산일심신용협동조합 본점,전북특별자치도 익산시 여산면 영전길 2-1,전북특별자치도 익산시 여산면 영전길 2-1,익산시,지역,Y,listed_assumed_open,중앙회 점포조회 등재; 실시간 영업상태 미확인,,신협중앙회 점포 조회,2026-08-10
JB-77D307E84A14,신협,옥서신용협동조합 본점,전북특별자치도 군산시 옥서면 옥구저수지로 238,전북특별자치도 군산시 옥서면 옥구저수지로 238,군산시,지역,Y,listed_assumed_open,중앙회 점포조회 등재; 실시간 영업상태 미확인,,신협중앙회 점포 조회,2026-08-10
JB-8B8149066CB6,신협,온고을신용협동조합 본점,전북특별자치도 전주시 완산구 팔달로 203,전북특별자치도 전주시 완산구 팔달로 203,전주시,지역,Y,listed_assumed_open,중앙회 점포조회 등재; 실시간 영업상태 미확인,,신협중앙회 점포 조회,2026-08-10
JB-306ADC882292,신협,온누리신용협동조합 본점,전북특별자치도 남원시 붕맛길 105,전북특별자치도 남원시 붕맛길 105,남원시,지역,Y,listed_assumed_open,중앙회 점포조회 등재; 실시간 영업상태 미확인,,신협중앙회 점포 조회,2026-08-10
JB-E1D6C6309E19,신협,온누리신용협동조합 지점,전북특별자치도 남원시 의총로 45,전북특별자치도 남원시 의총로 45,남원시,지역,Y,listed_assumed_open,중앙회 점포조회 등재; 실시간 영업상태 미확인,,신협중앙회 점포 조회,2026-08-10
JB-B49A7A243926,신협,온누리신용협동조합 지점,전북특별자치도 남원시 큰들길 37,전북특별자치도 남원시 큰들길 37,남원시,지역,Y,listed_assumed_open,중앙회 점포조회 등재; 실시간 영업상태 미확인,,신협중앙회 점포 조회,2026-08-10
JB-A421A23DBD7E,신협,온누리신용협동조합 지점,전북특별자치도 남원시 인월면 인월로 71,전북특별자치도 남원시 인월면 인월로 71,남원시,지역,Y,listed_assumed_open,중앙회 점포조회 등재; 실시간 영업상태 미확인,,신협중앙회 점포 조회,2026-08-10
JB-376F4BF9BE10,신협,완주신용협동조합 본점,전북특별자치도 완주군 고산면 남봉로 139,전북특별자치도 완주군 고산면 남봉로 139,완주군,지역,Y,listed_assumed_open,중앙회 점포조회 등재; 실시간 영업상태 미확인,,신협중앙회 점포 조회,2026-08-10
JB-3B6F3B9C1F8F,신협,용안신용협동조합 본점,전북특별자치도 익산시 용안면현내1로 104,전북특별자치도 익산시 용안면현내1로 104,익산시,지역,Y,listed_assumed_open,중앙회 점포조회 등재; 실시간 영업상태 미확인,,신협중앙회 점포 조회,2026-08-10
JB-A98BDCFB32B8,신협,용안신용협동조합 지점,전북특별자치도 익산시 망성면 나바위길 46,전북특별자치도 익산시 망성면 나바위길 46,익산시,지역,Y,listed_assumed_open,중앙회 점포조회 등재; 실시간 영업상태 미확인,,신협중앙회 점포 조회,2026-08-10
JB-C9E925E8655E,신협,용진신용협동조합 본점,전북특별자치도 완주군 용진읍 상운길 9,전북특별자치도 완주군 용진읍 상운길 9,완주군,지역,Y,listed_assumed_open,중앙회 점포조회 등재; 실시간 영업상태 미확인,,신협중앙회 점포 조회,2026-08-10
JB-D7FD4E2E93B4,신협,우리신용협동조합 본점,전북특별자치도 익산시 고봉로 179,전북특별자치도 익산시 고봉로 179,익산시,지역,Y,listed_assumed_open,중앙회 점포조회 등재; 실시간 영업상태 미확인,,신협중앙회 점포 조회,2026-08-10
JB-CD999B61CFD5,신협,우리신용협동조합 지점,전북특별자치도 익산시 선화로 137,전북특별자치도 익산시 선화로 137,익산시,지역,Y,listed_assumed_open,중앙회 점포조회 등재; 실시간 영업상태 미확인,,신협중앙회 점포 조회,2026-08-10
JB-FAB58CCF3FA5,신협,원광중앙신용협동조합 본점,전북특별자치도 익산시 무왕로 858-2 원광중앙신협 본점,전북특별자치도 익산시 무왕로 858-2 원광중앙신협,익산시,지역,Y,listed_assumed_open,중앙회 점포조회 등재; 실시간 영업상태 미확인,,신협중앙회 점포 조회,2026-08-10
JB-4676956BF486,신협,원광중앙신용협동조합 지점,전북특별자치도 익산시 부송1로 70 원광중앙신협 부송지점,전북특별자치도 익산시 부송1로 70 원광중앙신협,익산시,지역,Y,listed_assumed_open,중앙회 점포조회 등재; 실시간 영업상태 미확인,,신협중앙회 점포 조회,2026-08-10
JB-5138D941DB96,신협,이리신용협동조합 본점,전북특별자치도 익산시 인북로 138 이리신용협동조합,전북특별자치도 익산시 인북로 138,익산시,지역,Y,listed_assumed_open,중앙회 점포조회 등재; 실시간 영업상태 미확인,,신협중앙회 점포 조회,2026-08-10
JB-970C0E737774,신협,이리신용협동조합 지점,전북특별자치도 익산시 인북로 255-20 이리신용협동조합,전북특별자치도 익산시 인북로 255-20,익산시,지역,Y,listed_assumed_open,중앙회 점포조회 등재; 실시간 영업상태 미확인,,신협중앙회 점포 조회,2026-08-10
JB-082F806B8158,신협,이리신용협동조합 지점,전북특별자치도 익산시 무왕로20길 14 이리신용협동조합,전북특별자치도 익산시 무왕로20길 14,익산시,지역,Y,listed_assumed_open,중앙회 점포조회 등재; 실시간 영업상태 미확인,,신협중앙회 점포 조회,2026-08-10
JB-9FB045FE4A08,신협,이리주현신용협동조합 본점,전북특별자치도 익산시 서동로 64,전북특별자치도 익산시 서동로 64,익산시,지역,Y,listed_assumed_open,중앙회 점포조회 등재; 실시간 영업상태 미확인,,신협중앙회 점포 조회,2026-08-10
JB-4A6CC8D3F2DA,신협,익산믿음신용협동조합 본점,전북특별자치도 익산시 황등면 황등로 77,전북특별자치도 익산시 황등면 황등로 77,익산시,지역,Y,listed_assumed_open,중앙회 점포조회 등재; 실시간 영업상태 미확인,,신협중앙회 점포 조회,2026-08-10
JB-759344274FBA,신협,익산신용협동조합 본점,전북특별자치도 익산시 함열읍 함열중앙로 46,전북특별자치도 익산시 함열읍 함열중앙로 46,익산시,지역,Y,listed_assumed_open,중앙회 점포조회 등재; 실시간 영업상태 미확인,,신협중앙회 점포 조회,2026-08-10
JB-78AD9B5C3A40,신협,인후신용협동조합 본점,전북특별자치도 전주시 덕진구 견훤로 297,전북특별자치도 전주시 덕진구 견훤로 297,전주시,지역,Y,listed_assumed_open,중앙회 점포조회 등재; 실시간 영업상태 미확인,,신협중앙회 점포 조회,2026-08-10
JB-126F603C6862,신협,인후신용협동조합 지점,전북특별자치도 전주시 덕진구 가련산로 13 청목빌딩1층 하가지점,전북특별자치도 전주시 덕진구 가련산로 13 청목빌딩1층,전주시,지역,Y,listed_assumed_open,중앙회 점포조회 등재; 실시간 영업상태 미확인,,신협중앙회 점포 조회,2026-08-10
JB-C13F570A1835,신협,인후신용협동조합 지점,전북특별자치도 전주시 덕진구 안전로 199 나눔빌딩 1층 혁신지점,전북특별자치도 전주시 덕진구 안전로 199 나눔빌딩 1층,전주시,지역,Y,listed_assumed_open,중앙회 점포조회 등재; 실시간 영업상태 미확인,,신협중앙회 점포 조회,2026-08-10
JB-C7A2D4EA39E8,신협,인후신용협동조합 지점,전북특별자치도 전주시 덕진구 동부대로 1014 1층 동부대로지점,전북특별자치도 전주시 덕진구 동부대로 1014 1층,전주시,지역,Y,listed_assumed_open,중앙회 점포조회 등재; 실시간 영업상태 미확인,,신협중앙회 점포 조회,2026-08-10
JB-E714FC68AF2F,신협,인후신용협동조합 지점,전북특별자치도 전주시 덕진구 기린대로 408 1층,전북특별자치도 전주시 덕진구 기린대로 408 1층,전주시,지역,Y,listed_assumed_open,중앙회 점포조회 등재; 실시간 영업상태 미확인,,신협중앙회 점포 조회,2026-08-10
JB-263862B704FC,신협,장수신용협동조합 본점,전북특별자치도 장수군 장수읍 장천로 179 장수신협,전북특별자치도 장수군 장수읍 장천로 179,장수군,지역,Y,listed_assumed_open,중앙회 점포조회 등재; 실시간 영업상태 미확인,,신협중앙회 점포 조회,2026-08-10
JB-2DC713F6C87B,신협,전주가나안신용협동조합 본점,"전북특별자치도 전주시 덕진구 세병로 174-21 105호,","전북특별자치도 전주시 덕진구 세병로 174-21 105호,",전주시,지역,Y,listed_assumed_open,중앙회 점포조회 등재; 실시간 영업상태 미확인,,신협중앙회 점포 조회,2026-08-10
JB-72376B6F33B2,신협,전주가나안신용협동조합 지점,전북특별자치도 전주시 덕진구 호성1길 39,전북특별자치도 전주시 덕진구 호성1길 39,전주시,지역,Y,listed_assumed_open,중앙회 점포조회 등재; 실시간 영업상태 미확인,,신협중앙회 점포 조회,2026-08-10
JB-1BCF463EEA78,신협,전주대건신용협동조합 본점,전북특별자치도 전주시 완산구 팔달로 129,전북특별자치도 전주시 완산구 팔달로 129,전주시,지역,Y,listed_assumed_open,중앙회 점포조회 등재; 실시간 영업상태 미확인,,신협중앙회 점포 조회,2026-08-10
JB-CA96139F8D40,신협,전주대건신용협동조합 지점,전북특별자치도 전주시 완산구 용머리로 57 클리닉센터 1층,전북특별자치도 전주시 완산구 용머리로 57 클리닉센터 1층,전주시,지역,Y,listed_assumed_open,중앙회 점포조회 등재; 실시간 영업상태 미확인,,신협중앙회 점포 조회,2026-08-10
JB-E5B0FCDEABBB,신협,전주대건신용협동조합 지점,전북특별자치도 전주시 완산구 평화로 135,전북특별자치도 전주시 완산구 평화로 135,전주시,지역,Y,listed_assumed_open,중앙회 점포조회 등재; 실시간 영업상태 미확인,,신협중앙회 점포 조회,2026-08-10
JB-FF64B6BE6E7A,신협,전주대건신용협동조합 지점,전북특별자치도 전주시 덕진구 만성동로 72 1층,전북특별자치도 전주시 덕진구 만성동로 72 1층,전주시,지역,Y,listed_assumed_open,중앙회 점포조회 등재; 실시간 영업상태 미확인,,신협중앙회 점포 조회,2026-08-10
JB-BE3A44E7D4F1,신협,전주덕진신용협동조합 본점,전북특별자치도 전주시 덕진구 세병로 14 101호,전북특별자치도 전주시 덕진구 세병로 14 101호,전주시,지역,Y,listed_assumed_open,중앙회 점포조회 등재; 실시간 영업상태 미확인,,신협중앙회 점포 조회,2026-08-10
JB-FDF4A2457EDA,신협,전주덕진신용협동조합 지점,전북특별자치도 전주시 덕진구 기린대로 703,전북특별자치도 전주시 덕진구 기린대로 703,전주시,지역,Y,listed_assumed_open,중앙회 점포조회 등재; 실시간 영업상태 미확인,,신협중앙회 점포 조회,2026-08-10
JB-DA295C706211,신협,전주덕진신용협동조합 지점,전북특별자치도 전주시 덕진구 명륜4길 15 덕진지점,전북특별자치도 전주시 덕진구 명륜4길 15,전주시,지역,Y,listed_assumed_open,중앙회 점포조회 등재; 실시간 영업상태 미확인,,신협중앙회 점포 조회,2026-08-10
JB-D0B836CD5870,신협,전주동부신용협동조합 본점,전북특별자치도 전주시 완산구 홍산북로 83 코오롱스카이타워106호,전북특별자치도 전주시 완산구 홍산북로 83 코오롱스카이타워106호,전주시,지역,Y,listed_assumed_open,중앙회 점포조회 등재; 실시간 영업상태 미확인,,신협중앙회 점포 조회,2026-08-10
JB-01DBDC50B60B,신협,전주동부신용협동조합 지점,전북특별자치도 전주시 완산구 천잠로 570 1층,전북특별자치도 전주시 완산구 천잠로 570 1층,전주시,지역,Y,listed_assumed_open,중앙회 점포조회 등재; 실시간 영업상태 미확인,,신협중앙회 점포 조회,2026-08-10
JB-38EED017464B,신협,전주동부신용협동조합 지점,전북특별자치도 전주시 완산구 화산천변로 26,전북특별자치도 전주시 완산구 화산천변로 26,전주시,지역,Y,listed_assumed_open,중앙회 점포조회 등재; 실시간 영업상태 미확인,,신협중앙회 점포 조회,2026-08-10
JB-38B7D66EC47E,신협,전주동부신용협동조합 지점,"전북특별자치도 전주시 완산구 홍산로 2 102호,103호,104호","전북특별자치도 전주시 완산구 홍산로 2 102호,103호,104호",전주시,지역,Y,listed_assumed_open,중앙회 점포조회 등재; 실시간 영업상태 미확인,,신협중앙회 점포 조회,2026-08-10
JB-1229F8BA5811,신협,전주삼천신용협동조합 본점,전북특별자치도 전주시 완산구 용리로 8,전북특별자치도 전주시 완산구 용리로 8,전주시,지역,Y,listed_assumed_open,중앙회 점포조회 등재; 실시간 영업상태 미확인,,신협중앙회 점포 조회,2026-08-10
JB-2541C7AC6007,신협,전주삼천신용협동조합 지점,전북특별자치도 전주시 완산구 용리로 143,전북특별자치도 전주시 완산구 용리로 143,전주시,지역,Y,listed_assumed_open,중앙회 점포조회 등재; 실시간 영업상태 미확인,,신협중앙회 점포 조회,2026-08-10
JB-B2FEF71942C7,신협,전주상진신용협동조합 본점,전북특별자치도 전주시 완산구 대동로 67,전북특별자치도 전주시 완산구 대동로 67,전주시,지역,Y,listed_assumed_open,중앙회 점포조회 등재; 실시간 영업상태 미확인,,신협중앙회 점포 조회,2026-08-10
JB-B4CD158D8091,신협,전주상진신용협동조합 지점,전북특별자치도 전주시 덕진구 숲정이로 55,전북특별자치도 전주시 덕진구 숲정이로 55,전주시,지역,Y,listed_assumed_open,중앙회 점포조회 등재; 실시간 영업상태 미확인,,신협중앙회 점포 조회,2026-08-10
JB-963D7AD96A93,신협,전주상진신용협동조합 지점,전북특별자치도 전주시 완산구 산월2길 44,전북특별자치도 전주시 완산구 산월2길 44,전주시,지역,Y,listed_assumed_open,중앙회 점포조회 등재; 실시간 영업상태 미확인,,신협중앙회 점포 조회,2026-08-10
JB-46F0E8E7DDDB,신협,전주성가신용협동조합 본점,전북특별자치도 전주시 완산구 모악로 4774 전주성가신협,전북특별자치도 전주시 완산구 모악로 4774,전주시,지역,Y,listed_assumed_open,중앙회 점포조회 등재; 실시간 영업상태 미확인,,신협중앙회 점포 조회,2026-08-10
JB-E0DD5EE272D4,신협,전주성가신용협동조합 지점,전북특별자치도 전주시 완산구 공수내로 9 성가신협 서학지점,전북특별자치도 전주시 완산구 공수내로 9 성가신협,전주시,지역,Y,listed_assumed_open,중앙회 점포조회 등재; 실시간 영업상태 미확인,,신협중앙회 점포 조회,2026-08-10
JB-ED46408DE346,신협,전주성가신용협동조합 지점,전북특별자치도 전주시 완산구 쑥고개로 351 전주성가신협 효자지점,전북특별자치도 전주시 완산구 쑥고개로 351 전주성가신협,전주시,지역,Y,listed_assumed_open,중앙회 점포조회 등재; 실시간 영업상태 미확인,,신협중앙회 점포 조회,2026-08-10
JB-95554A04340F,신협,전주성가신용협동조합 지점,전북특별자치도 전주시 완산구 소대배기로 5,전북특별자치도 전주시 완산구 소대배기로 5,전주시,지역,Y,listed_assumed_open,중앙회 점포조회 등재; 실시간 영업상태 미확인,,신협중앙회 점포 조회,2026-08-10
JB-A6D6BCD81213,신협,전주중산신용협동조합 본점,전북특별자치도 전주시 완산구 공북로 47 전주중산신협 태평본점,전북특별자치도 전주시 완산구 공북로 47 전주중산신협,전주시,지역,Y,listed_assumed_open,중앙회 점포조회 등재; 실시간 영업상태 미확인,,신협중앙회 점포 조회,2026-08-10
JB-77A3F0FC8E06,신협,전주중산신용협동조합 지점,전북특별자치도 전주시 완산구 효천중앙로 17,전북특별자치도 전주시 완산구 효천중앙로 17,전주시,지역,Y,listed_assumed_open,중앙회 점포조회 등재; 실시간 영업상태 미확인,,신협중앙회 점포 조회,2026-08-10
JB-1D7A3BBABD8C,신협,전주중산신용협동조합 지점,전북특별자치도 전주시 완산구 서원로 298,전북특별자치도 전주시 완산구 서원로 298,전주시,지역,Y,listed_assumed_open,중앙회 점포조회 등재; 실시간 영업상태 미확인,,신협중앙회 점포 조회,2026-08-10
JB-7BA6AD8DE80D,신협,전주중앙신용협동조합 본점,전북특별자치도 전주시 완산구 팔달로 269,전북특별자치도 전주시 완산구 팔달로 269,전주시,지역,Y,listed_assumed_open,중앙회 점포조회 등재; 실시간 영업상태 미확인,,신협중앙회 점포 조회,2026-08-10
JB-EC32663F8758,신협,전주중앙신용협동조합 지점,전북특별자치도 전주시 덕진구 조경단로 54,전북특별자치도 전주시 덕진구 조경단로 54,전주시,지역,Y,listed_assumed_open,중앙회 점포조회 등재; 실시간 영업상태 미확인,,신협중앙회 점포 조회,2026-08-10
JB-F0127103B5A0,신협,전주중앙신용협동조합 지점,전북특별자치도 전주시 완산구 당산로 96 1층,전북특별자치도 전주시 완산구 당산로 96 1층,전주시,지역,Y,listed_assumed_open,중앙회 점포조회 등재; 실시간 영업상태 미확인,,신협중앙회 점포 조회,2026-08-10
JB-B4F3C8E9EFD9,신협,전주파티마신용협동조합 본점,전북특별자치도 전주시 완산구 홍산로 250 효자동 3가),전북특별자치도 전주시 완산구 홍산로 250 효자동 3가),전주시,지역,Y,listed_assumed_open,중앙회 점포조회 등재; 실시간 영업상태 미확인,,신협중앙회 점포 조회,2026-08-10
JB-5DFA5699BEF4,신협,전주파티마신용협동조합 지점,전북특별자치도 전주시 완산구 용머리로 32 203호,전북특별자치도 전주시 완산구 용머리로 32 203호,전주시,지역,Y,listed_assumed_open,중앙회 점포조회 등재; 실시간 영업상태 미확인,,신협중앙회 점포 조회,2026-08-10
JB-4DF2E9811758,신협,전주파티마신용협동조합 지점,전북특별자치도 전주시 완산구 용머리로 154,전북특별자치도 전주시 완산구 용머리로 154,전주시,지역,Y,listed_assumed_open,중앙회 점포조회 등재; 실시간 영업상태 미확인,,신협중앙회 점포 조회,2026-08-10
JB-1EE143D57BCA,신협,전주파티마신용협동조합 지점,전북특별자치도 전주시 덕진구 오공로 43,전북특별자치도 전주시 덕진구 오공로 43,전주시,지역,Y,listed_assumed_open,중앙회 점포조회 등재; 실시간 영업상태 미확인,,신협중앙회 점포 조회,2026-08-10
JB-32BB77C75641,신협,전주행복신용협동조합 본점,전북특별자치도 전주시 덕진구 쪽구름2길 4 전주행복신협,전북특별자치도 전주시 덕진구 쪽구름2길 4,전주시,지역,Y,listed_assumed_open,중앙회 점포조회 등재; 실시간 영업상태 미확인,,신협중앙회 점포 조회,2026-08-10
JB-5CD7D69BF5BD,신협,전주혁신신용협동조합 본점,전북특별자치도 전주시 덕진구 만성북로 71 혁신동,전북특별자치도 전주시 덕진구 만성북로 71,전주시,지역,Y,listed_assumed_open,중앙회 점포조회 등재; 실시간 영업상태 미확인,,신협중앙회 점포 조회,2026-08-10
JB-449799AAB0C8,신협,전주혁신신용협동조합 지점,"전북특별자치도 전주시 덕진구 건산로 254-1 1층,","전북특별자치도 전주시 덕진구 건산로 254-1 1층,",전주시,지역,Y,listed_assumed_open,중앙회 점포조회 등재; 실시간 영업상태 미확인,,신협중앙회 점포 조회,2026-08-10
JB-08014536C004,신협,전주혁신신용협동조합 지점,전북특별자치도 전주시 덕진구 안덕원로 143 진북동,전북특별자치도 전주시 덕진구 안덕원로 143 진북동,전주시,지역,Y,listed_assumed_open,중앙회 점포조회 등재; 실시간 영업상태 미확인,,신협중앙회 점포 조회,2026-08-10
JB-AC458661087E,신협,전주호성신용협동조합 본점,전북특별자치도 전주시 덕진구 견훤로 499,전북특별자치도 전주시 덕진구 견훤로 499,전주시,지역,Y,listed_assumed_open,중앙회 점포조회 등재; 실시간 영업상태 미확인,,신협중앙회 점포 조회,2026-08-10
JB-F5F092E5EA20,신협,전평신용협동조합 본점,전북특별자치도 전주시 덕진구 천마산로 65 1층 103호,전북특별자치도 전주시 덕진구 천마산로 65 1층 103호,전주시,지역,Y,listed_assumed_open,중앙회 점포조회 등재; 실시간 영업상태 미확인,,신협중앙회 점포 조회,2026-08-10
JB-627B5E8DFF2C,신협,정읍애신용협동조합 본점,전북특별자치도 정읍시 신태인읍 정신로 1143-1 정읍애신협,전북특별자치도 정읍시 신태인읍 정신로 1143-1,정읍시,지역,Y,listed_assumed_open,중앙회 점포조회 등재; 실시간 영업상태 미확인,,신협중앙회 점포 조회,2026-08-10
JB-E7FF2BD476F1,신협,정읍애신용협동조합 지점,전북특별자치도 정읍시 초산로 80 정읍애신협 중앙지점,전북특별자치도 정읍시 초산로 80 정읍애신협,정읍시,지역,Y,listed_assumed_open,중앙회 점포조회 등재; 실시간 영업상태 미확인,,신협중앙회 점포 조회,2026-08-10
JB-2F30EAF7C8D7,신협,함열신용협동조합 본점,전북특별자치도 익산시 함열읍 함열로 58 함열신협,전북특별자치도 익산시 함열읍 함열로 58,익산시,지역,Y,listed_assumed_open,중앙회 점포조회 등재; 실시간 영업상태 미확인,,신협중앙회 점포 조회,2026-08-10
JB-50EABAFE94AA,신협,함열신용협동조합 지점,전북특별자치도 익산시 무왕로 1060 함열신협 영등지점,전북특별자치도 익산시 무왕로 1060 함열신협,익산시,지역,Y,listed_assumed_open,중앙회 점포조회 등재; 실시간 영업상태 미확인,,신협중앙회 점포 조회,2026-08-10
JB-18A16BF0406B,신협,호남제일신용협동조합 본점,전북특별자치도 완주군 소양면 소양로 235 소양신용협동조합,전북특별자치도 완주군 소양면 소양로 235 소양신용협동조합,완주군,지역,Y,listed_assumed_open,중앙회 점포조회 등재; 실시간 영업상태 미확인,,신협중앙회 점포 조회,2026-08-10
JB-6FF4809B0B4F,신협,호남제일신용협동조합 지점,전북특별자치도 완주군 이서면 기지로 43 호남제일신협 혁신도시지점,전북특별자치도 완주군 이서면 기지로 43 호남제일신협,완주군,지역,Y,listed_assumed_open,중앙회 점포조회 등재; 실시간 영업상태 미확인,,신협중앙회 점포 조회,2026-08-10
JB-CAE22F9806F6,신협,황등신용협동조합 본점,전북특별자치도 익산시 황등면 황등로 171,전북특별자치도 익산시 황등면 황등로 171,익산시,지역,Y,listed_assumed_open,중앙회 점포조회 등재; 실시간 영업상태 미확인,,신협중앙회 점포 조회,2026-08-10
JB-4AA2B6A83CA1,신협,황등신용협동조합 지점,전북특별자치도 익산시 약촌로 241,전북특별자치도 익산시 약촌로 241,익산시,지역,Y,listed_assumed_open,중앙회 점포조회 등재; 실시간 영업상태 미확인,,신협중앙회 점포 조회,2026-08-10
JB-5589BA0567FC,신협,원광신용협동조합 본점,전북특별자치도 전주시 완산구 팔달로 192-4,전북특별자치도 전주시 완산구 팔달로 192-4,전주시,단체,Y,listed_assumed_open,중앙회 점포조회 등재; 실시간 영업상태 미확인,,신협중앙회 점포 조회,2026-08-10
JB-50D44ED89916,신협,원광신용협동조합 지점,전북특별자치도 전주시 덕진구 팔달로 340,전북특별자치도 전주시 덕진구 팔달로 340,전주시,단체,Y,listed_assumed_open,중앙회 점포조회 등재; 실시간 영업상태 미확인,,신협중앙회 점포 조회,2026-08-10
JB-4772FFD81652,신협,전북서부항운노조신용협동조합 본점,전북특별자치도 군산시 해망로 251,전북특별자치도 군산시 해망로 251,군산시,단체,Y,listed_assumed_open,중앙회 점포조회 등재; 실시간 영업상태 미확인,,신협중앙회 점포 조회,2026-08-10
JB-054AC160E892,신협,전북치과의사신용협동조합 본점,전북특별자치도 전주시 완산구 천잠로 247 전북치과의사신협 사옥 1층,전북특별자치도 전주시 완산구 천잠로 247 전북치과의사신협 사옥 1층,전주시,단체,Y,listed_assumed_open,중앙회 점포조회 등재; 실시간 영업상태 미확인,,신협중앙회 점포 조회,2026-08-10
JB-F321FD29A895,신협,전주개인택시신용협동조합 본점,전북특별자치도 전주시 완산구 온고을로 170-15 전주개인택시신협,전북특별자치도 전주시 완산구 온고을로 170-15,전주시,단체,Y,listed_assumed_open,중앙회 점포조회 등재; 실시간 영업상태 미확인,,신협중앙회 점포 조회,2026-08-10
JB-26E66F90AFB8,신협,셰플러코리아신용협동조합 본점,전북특별자치도 전주시 덕진구 팔과정로 17 셰플러코리아 신협,전북특별자치도 전주시 덕진구 팔과정로 17 셰플러코리아,전주시,직장,Y,listed_assumed_open,중앙회 점포조회 등재; 실시간 영업상태 미확인,,신협중앙회 점포 조회,2026-08-10
JB-8B2ED058B5F1,신협,예수병원신용협동조합 본점,전북특별자치도 전주시 완산구 서원로 365 예수병원신협,전북특별자치도 전주시 완산구 서원로 365,전주시,직장,Y,listed_assumed_open,중앙회 점포조회 등재; 실시간 영업상태 미확인,,신협중앙회 점포 조회,2026-08-10
JB-BA731D0B1A18,신협,전북고속신용협동조합 본점,전북특별자치도 전주시 덕진구 가리내로 30 2층 전북고속신협,전북특별자치도 전주시 덕진구 가리내로 30 2층,전주시,직장,Y,listed_assumed_open,중앙회 점포조회 등재; 실시간 영업상태 미확인,,신협중앙회 점포 조회,2026-08-10
JB-403D3EEA9DF2,신협,전주대학교신용협동조합 본점,전북특별자치도 전주시 완산구 천잠로 303 학생회관 1층 전주대학교신협,전북특별자치도 전주시 완산구 천잠로 303 학생회관 1층,전주시,직장,Y,listed_assumed_open,중앙회 점포조회 등재; 실시간 영업상태 미확인,,신협중앙회 점포 조회,2026-08-10
JB-7E620A0AFE28,신협,전주페이퍼신용협동조합 본점,전북특별자치도 전주시 덕진구 팔복로 59 전주페이퍼신협,전북특별자치도 전주시 덕진구 팔복로 59,전주시,직장,Y,listed_assumed_open,중앙회 점포조회 등재; 실시간 영업상태 미확인,,신협중앙회 점포 조회,2026-08-10
JB-77E650777507,신협,진안군청신용협동조합 본점,전북특별자치도 진안군 진안읍 중앙로 67 진안군청 별관1층,전북특별자치도 진안군 진안읍 중앙로 67 진안군청 별관1층,진안군,직장,Y,listed_assumed_open,중앙회 점포조회 등재; 실시간 영업상태 미확인,,신협중앙회 점포 조회,2026-08-10
JB-1532B4B7A998,새마을금고,남전주 (본점) 새마을금고,전북특별자치도 전주시 완산구 향교길 6,전북특별자치도 전주시 완산구 향교길 6,전주시,지역,Y,listed_assumed_open,중앙회 공개 목록 등재; 실시간 영업상태 미확인,,새마을금고중앙회 금고위치안내 (2026-08-11 조회),2026-08-11
JB-E0CB4EF44599,새마을금고,남전주 (삼천용리로) 새마을금고,전북특별자치도 전주시 완산구 용리로 177,전북특별자치도 전주시 완산구 용리로 177,전주시,지역,Y,listed_assumed_open,중앙회 공개 목록 등재; 실시간 영업상태 미확인,,새마을금고중앙회 금고위치안내 (2026-08-11 조회),2026-08-11
JB-CEE2C63E0A04,새마을금고,남전주 (효천) 새마을금고,전북특별자치도 전주시 완산구 홍산로 16,전북특별자치도 전주시 완산구 홍산로 16,전주시,지역,Y,listed_assumed_open,중앙회 공개 목록 등재; 실시간 영업상태 미확인,,새마을금고중앙회 금고위치안내 (2026-08-11 조회),2026-08-11
JB-A2F407C8AB48,새마을금고,열린 (본점) 새마을금고,전북특별자치도 전주시 완산구 전주객사3길 53,전북특별자치도 전주시 완산구 전주객사3길 53,전주시,지역,Y,listed_assumed_open,중앙회 공개 목록 등재; 실시간 영업상태 미확인,,새마을금고중앙회 금고위치안내 (2026-08-11 조회),2026-08-11
JB-7B210E6E026E,새마을금고,열린 (희망) 새마을금고,전북특별자치도 전주시 완산구 세내로 257,전북특별자치도 전주시 완산구 세내로 257,전주시,지역,Y,listed_assumed_open,중앙회 공개 목록 등재; 실시간 영업상태 미확인,,새마을금고중앙회 금고위치안내 (2026-08-11 조회),2026-08-11
JB-3CCA745CE321,새마을금고,열린 (행복) 새마을금고,전북특별자치도 전주시 완산구 유연로 217-29,전북특별자치도 전주시 완산구 유연로 217-29,전주시,지역,Y,listed_assumed_open,중앙회 공개 목록 등재; 실시간 영업상태 미확인,,새마을금고중앙회 금고위치안내 (2026-08-11 조회),2026-08-11
JB-3235EA21CFE0,새마을금고,열린 (미소) 새마을금고,전북특별자치도 전주시 완산구 호암로 59,전북특별자치도 전주시 완산구 호암로 59,전주시,지역,Y,listed_assumed_open,중앙회 공개 목록 등재; 실시간 영업상태 미확인,,새마을금고중앙회 금고위치안내 (2026-08-11 조회),2026-08-11
JB-0BD8B39EB746,새마을금고,열린 (보람) 새마을금고,전북특별자치도 전주시 덕진구 기지로 91,전북특별자치도 전주시 덕진구 기지로 91,전주시,지역,Y,listed_assumed_open,중앙회 공개 목록 등재; 실시간 영업상태 미확인,,새마을금고중앙회 금고위치안내 (2026-08-11 조회),2026-08-11
JB-DA9E2E211372,새마을금고,늘푸른 (본점) 새마을금고,전북특별자치도 전주시 완산구 권삼득로 72,전북특별자치도 전주시 완산구 권삼득로 72,전주시,지역,Y,listed_assumed_open,중앙회 공개 목록 등재; 실시간 영업상태 미확인,,새마을금고중앙회 금고위치안내 (2026-08-11 조회),2026-08-11
JB-B4DDC6758313,새마을금고,늘푸른 (어울림) 새마을금고,전북특별자치도 전주시 덕진구 심방죽로 73,전북특별자치도 전주시 덕진구 심방죽로 73,전주시,지역,Y,listed_assumed_open,중앙회 공개 목록 등재; 실시간 영업상태 미확인,,새마을금고중앙회 금고위치안내 (2026-08-11 조회),2026-08-11
JB-FFD12DF9FC48,새마을금고,늘푸른 (안골) 새마을금고,전북특별자치도 전주시 덕진구 안덕원로 241,전북특별자치도 전주시 덕진구 안덕원로 241,전주시,지역,Y,listed_assumed_open,중앙회 공개 목록 등재; 실시간 영업상태 미확인,,새마을금고중앙회 금고위치안내 (2026-08-11 조회),2026-08-11
JB-1847E50422E2,새마을금고,늘푸른 (우아) 새마을금고,전북특별자치도 전주시 덕진구 견훤로 487-1,전북특별자치도 전주시 덕진구 견훤로 487-1,전주시,지역,Y,listed_assumed_open,중앙회 공개 목록 등재; 실시간 영업상태 미확인,,새마을금고중앙회 금고위치안내 (2026-08-11 조회),2026-08-11
JB-B7F69A6DBC9F,새마을금고,중부 (본점) 새마을금고,전북특별자치도 전주시 완산구 용머리로 151,전북특별자치도 전주시 완산구 용머리로 151,전주시,지역,Y,listed_assumed_open,중앙회 공개 목록 등재; 실시간 영업상태 미확인,,새마을금고중앙회 금고위치안내 (2026-08-11 조회),2026-08-11
JB-9270F2F08C4C,새마을금고,중부 (서원로) 새마을금고,전북특별자치도 전주시 완산구 서원로 325,전북특별자치도 전주시 완산구 서원로 325,전주시,지역,Y,listed_assumed_open,중앙회 공개 목록 등재; 실시간 영업상태 미확인,,새마을금고중앙회 금고위치안내 (2026-08-11 조회),2026-08-11
JB-4854CAAAC892,새마을금고,중부 (벚꽃) 새마을금고,전북특별자치도 전주시 덕진구 벚꽃3길 1,전북특별자치도 전주시 덕진구 벚꽃3길 1,전주시,지역,Y,listed_assumed_open,중앙회 공개 목록 등재; 실시간 영업상태 미확인,,새마을금고중앙회 금고위치안내 (2026-08-11 조회),2026-08-11
JB-3B468E0B52B1,새마을금고,동부 (본점) 새마을금고,전북특별자치도 전주시 덕진구 기린대로 533,전북특별자치도 전주시 덕진구 기린대로 533,전주시,지역,Y,listed_assumed_open,중앙회 공개 목록 등재; 실시간 영업상태 미확인,,새마을금고중앙회 금고위치안내 (2026-08-11 조회),2026-08-11
JB-E90A565876E2,새마을금고,동부 (문화로) 새마을금고,전북특별자치도 전주시 덕진구 아중로 189,전북특별자치도 전주시 덕진구 아중로 189,전주시,지역,Y,listed_assumed_open,중앙회 공개 목록 등재; 실시간 영업상태 미확인,,새마을금고중앙회 금고위치안내 (2026-08-11 조회),2026-08-11
JB-3262E37C4471,새마을금고,동부 (호성) 새마을금고,전북특별자치도 전주시 덕진구 호성3길 19,전북특별자치도 전주시 덕진구 호성3길 19,전주시,지역,Y,listed_assumed_open,중앙회 공개 목록 등재; 실시간 영업상태 미확인,,새마을금고중앙회 금고위치안내 (2026-08-11 조회),2026-08-11
JB-AA2C8FE46935,새마을금고,동부 (인후) 새마을금고,전북특별자치도 전주시 덕진구 무삼지로 72,전북특별자치도 전주시 덕진구 무삼지로 72,전주시,지역,Y,listed_assumed_open,중앙회 공개 목록 등재; 실시간 영업상태 미확인,,새마을금고중앙회 금고위치안내 (2026-08-11 조회),2026-08-11
JB-7F9FA35651DD,새마을금고,동부 (하가) 새마을금고,전북특별자치도 전주시 덕진구 추탄로 22,전북특별자치도 전주시 덕진구 추탄로 22,전주시,지역,Y,listed_assumed_open,중앙회 공개 목록 등재; 실시간 영업상태 미확인,,새마을금고중앙회 금고위치안내 (2026-08-11 조회),2026-08-11
JB-2B684154A3EC,새마을금고,동부 (에코세병로) 새마을금고,전북특별자치도 전주시 덕진구 세병로 93,전북특별자치도 전주시 덕진구 세병로 93,전주시,지역,Y,listed_assumed_open,중앙회 공개 목록 등재; 실시간 영업상태 미확인,,새마을금고중앙회 금고위치안내 (2026-08-11 조회),2026-08-11
JB-C27FE1903985,새마을금고,금암 (본점) 새마을금고,전북특별자치도 전주시 덕진구 기린대로 364,전북특별자치도 전주시 덕진구 기린대로 364,전주시,지역,Y,listed_assumed_open,중앙회 공개 목록 등재; 실시간 영업상태 미확인,,새마을금고중앙회 금고위치안내 (2026-08-11 조회),2026-08-11
JB-5D7BEE5D526B,새마을금고,금암 (천마) 새마을금고,전북특별자치도 전주시 덕진구 사근1길 57,전북특별자치도 전주시 덕진구 사근1길 57,전주시,지역,Y,listed_assumed_open,중앙회 공개 목록 등재; 실시간 영업상태 미확인,,새마을금고중앙회 금고위치안내 (2026-08-11 조회),2026-08-11
JB-45B87D665B89,새마을금고,금암 (북부) 새마을금고,전북특별자치도 전주시 덕진구 조경단로 92,전북특별자치도 전주시 덕진구 조경단로 92,전주시,지역,Y,listed_assumed_open,중앙회 공개 목록 등재; 실시간 영업상태 미확인,,새마을금고중앙회 금고위치안내 (2026-08-11 조회),2026-08-11
JB-2AFDD392BD8F,새마을금고,신도 (본점) 새마을금고,전북특별자치도 전주시 덕진구 기린대로 683,전북특별자치도 전주시 덕진구 기린대로 683,전주시,지역,Y,listed_assumed_open,중앙회 공개 목록 등재; 실시간 영업상태 미확인,,새마을금고중앙회 금고위치안내 (2026-08-11 조회),2026-08-11
JB-2FE68D86044C,새마을금고,신도 (서곡) 새마을금고,전북특별자치도 전주시 완산구 세내로 560,전북특별자치도 전주시 완산구 세내로 560,전주시,지역,Y,listed_assumed_open,중앙회 공개 목록 등재; 실시간 영업상태 미확인,,새마을금고중앙회 금고위치안내 (2026-08-11 조회),2026-08-11
JB-4070C53A6866,새마을금고,신도 (아중) 새마을금고,전북특별자치도 전주시 덕진구 석소로 88,전북특별자치도 전주시 덕진구 석소로 88,전주시,지역,Y,listed_assumed_open,중앙회 공개 목록 등재; 실시간 영업상태 미확인,,새마을금고중앙회 금고위치안내 (2026-08-11 조회),2026-08-11
JB-10761FA250DB,새마을금고,전주송천 (본점) 새마을금고,전북특별자치도 전주시 덕진구 동부대로 1142,전북특별자치도 전주시 덕진구 동부대로 1142,전주시,지역,Y,listed_assumed_open,중앙회 공개 목록 등재; 실시간 영업상태 미확인,,새마을금고중앙회 금고위치안내 (2026-08-11 조회),2026-08-11
JB-B7DD0A953FDE,새마을금고,전주송천 (주공.현대3차) 새마을금고,전북특별자치도 전주시 덕진구 붓내3길 50,전북특별자치도 전주시 덕진구 붓내3길 50,전주시,지역,Y,listed_assumed_open,중앙회 공개 목록 등재; 실시간 영업상태 미확인,,새마을금고중앙회 금고위치안내 (2026-08-11 조회),2026-08-11
JB-B7A58729CE13,새마을금고,전주송천 (대명) 새마을금고,전북특별자치도 전주시 덕진구 시천로 49,전북특별자치도 전주시 덕진구 시천로 49,전주시,지역,Y,listed_assumed_open,중앙회 공개 목록 등재; 실시간 영업상태 미확인,,새마을금고중앙회 금고위치안내 (2026-08-11 조회),2026-08-11
JB-DE623218277A,새마을금고,전주송천 (송천삼거리) 새마을금고,전북특별자치도 전주시 덕진구 송천로 12,전북특별자치도 전주시 덕진구 송천로 12,전주시,지역,Y,listed_assumed_open,중앙회 공개 목록 등재; 실시간 영업상태 미확인,,새마을금고중앙회 금고위치안내 (2026-08-11 조회),2026-08-11
JB-BFC37B9BC337,새마을금고,전주송천 (신일) 새마을금고,전북특별자치도 전주시 덕진구 솔내로 139,전북특별자치도 전주시 덕진구 솔내로 139,전주시,지역,Y,listed_assumed_open,중앙회 공개 목록 등재; 실시간 영업상태 미확인,,새마을금고중앙회 금고위치안내 (2026-08-11 조회),2026-08-11
JB-91EE8817BFA1,새마을금고,전주송천 (더샵2차) 새마을금고,전북특별자치도 전주시 덕진구 세병로 171,전북특별자치도 전주시 덕진구 세병로 171,전주시,지역,Y,listed_assumed_open,중앙회 공개 목록 등재; 실시간 영업상태 미확인,,새마을금고중앙회 금고위치안내 (2026-08-11 조회),2026-08-11
JB-5D2861919A08,새마을금고,조촌 (본점) 새마을금고,전북특별자치도 전주시 덕진구 쪽구름로 73,전북특별자치도 전주시 덕진구 쪽구름로 73,전주시,지역,Y,listed_assumed_open,중앙회 공개 목록 등재; 실시간 영업상태 미확인,,새마을금고중앙회 금고위치안내 (2026-08-11 조회),2026-08-11
JB-170E11D215CF,새마을금고,조촌 (만성) 새마을금고,전북특별자치도 전주시 덕진구 만성중앙로 50,전북특별자치도 전주시 덕진구 만성중앙로 50,전주시,지역,Y,listed_assumed_open,중앙회 공개 목록 등재; 실시간 영업상태 미확인,,새마을금고중앙회 금고위치안내 (2026-08-11 조회),2026-08-11
JB-0067FECE4FF6,새마을금고,서전주 (본점) 새마을금고,전북특별자치도 전주시 완산구 백제대로 391,전북특별자치도 전주시 완산구 백제대로 391,전주시,지역,Y,listed_assumed_open,중앙회 공개 목록 등재; 실시간 영업상태 미확인,,새마을금고중앙회 금고위치안내 (2026-08-11 조회),2026-08-11
JB-345CCB9A43AF,새마을금고,서전주 (어은로) 새마을금고,전북특별자치도 전주시 완산구 백제대로 274,전북특별자치도 전주시 완산구 백제대로 274,전주시,지역,Y,listed_assumed_open,중앙회 공개 목록 등재; 실시간 영업상태 미확인,,새마을금고중앙회 금고위치안내 (2026-08-11 조회),2026-08-11
JB-979F36B1C430,새마을금고,서전주 (평화) 새마을금고,전북특별자치도 전주시 완산구 모악로 4651-8,전북특별자치도 전주시 완산구 모악로 4651-8,전주시,지역,Y,listed_assumed_open,중앙회 공개 목록 등재; 실시간 영업상태 미확인,,새마을금고중앙회 금고위치안내 (2026-08-11 조회),2026-08-11
JB-4D50CD7F7145,새마을금고,서전주 (선수촌) 새마을금고,전북특별자치도 전주시 완산구 서신로 110,전북특별자치도 전주시 완산구 서신로 110,전주시,지역,Y,listed_assumed_open,중앙회 공개 목록 등재; 실시간 영업상태 미확인,,새마을금고중앙회 금고위치안내 (2026-08-11 조회),2026-08-11
JB-846CFF161F16,새마을금고,서전주 (서천) 새마을금고,전북특별자치도 전주시 완산구 당산로 39,전북특별자치도 전주시 완산구 당산로 39,전주시,지역,Y,listed_assumed_open,중앙회 공개 목록 등재; 실시간 영업상태 미확인,,새마을금고중앙회 금고위치안내 (2026-08-11 조회),2026-08-11
JB-25C4CABE8CD3,새마을금고,신전주 (본점) 새마을금고,전북특별자치도 전주시 완산구 난전들로 266,전북특별자치도 전주시 완산구 난전들로 266,전주시,지역,Y,listed_assumed_open,중앙회 공개 목록 등재; 실시간 영업상태 미확인,,새마을금고중앙회 금고위치안내 (2026-08-11 조회),2026-08-11
JB-398D4E0E8C68,새마을금고,신전주 (평화) 새마을금고,전북특별자치도 전주시 완산구 장승배기로 262,전북특별자치도 전주시 완산구 장승배기로 262,전주시,지역,Y,listed_assumed_open,중앙회 공개 목록 등재; 실시간 영업상태 미확인,,새마을금고중앙회 금고위치안내 (2026-08-11 조회),2026-08-11
JB-7AE61A43413D,새마을금고,신전주 (삼천) 새마을금고,전북특별자치도 전주시 완산구 용리로 39,전북특별자치도 전주시 완산구 용리로 39,전주시,지역,Y,listed_assumed_open,중앙회 공개 목록 등재; 실시간 영업상태 미확인,,새마을금고중앙회 금고위치안내 (2026-08-11 조회),2026-08-11
JB-E92E3D58D8BB,새마을금고,신전주 (대한고속) 새마을금고,전북특별자치도 전주시 완산구 쑥고개로 267,전북특별자치도 전주시 완산구 쑥고개로 267,전주시,지역,Y,listed_assumed_open,중앙회 공개 목록 등재; 실시간 영업상태 미확인,,새마을금고중앙회 금고위치안내 (2026-08-11 조회),2026-08-11
JB-EB35C9C948D1,새마을금고,남부 (본점) 새마을금고,전북특별자치도 전주시 완산구 풍남문2길 57,전북특별자치도 전주시 완산구 풍남문2길 57,전주시,지역,Y,listed_assumed_open,중앙회 공개 목록 등재; 실시간 영업상태 미확인,,새마을금고중앙회 금고위치안내 (2026-08-11 조회),2026-08-11
JB-037D330C8C7B,새마을금고,남부 (평화중앙) 새마을금고,전북특별자치도 전주시 완산구 모악로 4746,전북특별자치도 전주시 완산구 모악로 4746,전주시,지역,Y,listed_assumed_open,중앙회 공개 목록 등재; 실시간 영업상태 미확인,,새마을금고중앙회 금고위치안내 (2026-08-11 조회),2026-08-11
JB-5B0541DDA01F,새마을금고,남부 (홍산로) 새마을금고,전북특별자치도 전주시 완산구 홍산로 238,전북특별자치도 전주시 완산구 홍산로 238,전주시,지역,Y,listed_assumed_open,중앙회 공개 목록 등재; 실시간 영업상태 미확인,,새마을금고중앙회 금고위치안내 (2026-08-11 조회),2026-08-11
JB-2CA137774D9C,새마을금고,군산중부 (본점) 새마을금고,전북특별자치도 군산시 구영7길 105,전북특별자치도 군산시 구영7길 105,군산시,지역,Y,listed_assumed_open,중앙회 공개 목록 등재; 실시간 영업상태 미확인,,새마을금고중앙회 금고위치안내 (2026-08-11 조회),2026-08-11
JB-0AF96F58D672,새마을금고,군산중부 (소룡) 새마을금고,전북특별자치도 군산시 동아로 163,전북특별자치도 군산시 동아로 163,군산시,지역,Y,listed_assumed_open,중앙회 공개 목록 등재; 실시간 영업상태 미확인,,새마을금고중앙회 금고위치안내 (2026-08-11 조회),2026-08-11
JB-0C06D875A7EE,새마을금고,동군산 (본점) 새마을금고,전북특별자치도 군산시 대야면 번영로 914,전북특별자치도 군산시 대야면 번영로 914,군산시,지역,Y,listed_assumed_open,중앙회 공개 목록 등재; 실시간 영업상태 미확인,,새마을금고중앙회 금고위치안내 (2026-08-11 조회),2026-08-11
JB-8C45AF012DC3,새마을금고,동군산 (양안) 새마을금고,전북특별자치도 군산시 부골1길 47,전북특별자치도 군산시 부골1길 47,군산시,지역,Y,listed_assumed_open,중앙회 공개 목록 등재; 실시간 영업상태 미확인,,새마을금고중앙회 금고위치안내 (2026-08-11 조회),2026-08-11
JB-0430706C8B03,새마을금고,동군산 (발산) 새마을금고,전북특별자치도 군산시 개정면 바르메길 39,전북특별자치도 군산시 개정면 바르메길 39,군산시,지역,Y,listed_assumed_open,중앙회 공개 목록 등재; 실시간 영업상태 미확인,,새마을금고중앙회 금고위치안내 (2026-08-11 조회),2026-08-11
JB-B9A27CAAC291,새마을금고,금강 (본점) 새마을금고,전북특별자치도 군산시 구시장로 31,전북특별자치도 군산시 구시장로 31,군산시,지역,Y,listed_assumed_open,중앙회 공개 목록 등재; 실시간 영업상태 미확인,,새마을금고중앙회 금고위치안내 (2026-08-11 조회),2026-08-11
JB-ECE42C5F0E1D,새마을금고,금강 (성산) 새마을금고,전북특별자치도 군산시 성산면 동군산로 32,전북특별자치도 군산시 성산면 동군산로 32,군산시,지역,Y,listed_assumed_open,중앙회 공개 목록 등재; 실시간 영업상태 미확인,,새마을금고중앙회 금고위치안내 (2026-08-11 조회),2026-08-11
JB-9267B5081A5C,새마을금고,금강 (조촌) 새마을금고,전북특별자치도 군산시 백릉로 64,전북특별자치도 군산시 백릉로 64,군산시,지역,Y,listed_assumed_open,중앙회 공개 목록 등재; 실시간 영업상태 미확인,,새마을금고중앙회 금고위치안내 (2026-08-11 조회),2026-08-11
JB-F706AB3E15D6,새마을금고,금강 (미장) 새마을금고,전북특별자치도 군산시 수송로 257,전북특별자치도 군산시 수송로 257,군산시,지역,Y,listed_assumed_open,중앙회 공개 목록 등재; 실시간 영업상태 미확인,,새마을금고중앙회 금고위치안내 (2026-08-11 조회),2026-08-11
JB-A486AC969130,새마을금고,남군산 (본점) 새마을금고,전북특별자치도 군산시 미룡로 30,전북특별자치도 군산시 미룡로 30,군산시,지역,Y,listed_assumed_open,중앙회 공개 목록 등재; 실시간 영업상태 미확인,,새마을금고중앙회 금고위치안내 (2026-08-11 조회),2026-08-11
JB-B0E18C549DE4,새마을금고,남군산 (옥구) 새마을금고,전북특별자치도 군산시 옥구읍 옥구로 26,전북특별자치도 군산시 옥구읍 옥구로 26,군산시,지역,Y,listed_assumed_open,중앙회 공개 목록 등재; 실시간 영업상태 미확인,,새마을금고중앙회 금고위치안내 (2026-08-11 조회),2026-08-11
JB-30893E5170CD,새마을금고,남군산 (나운) 새마을금고,전북특별자치도 군산시 백토로 140,전북특별자치도 군산시 백토로 140,군산시,지역,Y,listed_assumed_open,중앙회 공개 목록 등재; 실시간 영업상태 미확인,,새마을금고중앙회 금고위치안내 (2026-08-11 조회),2026-08-11
JB-D046F68CF2BF,새마을금고,남군산 (지곡) 새마을금고,전북특별자치도 군산시 계산로 96-13,전북특별자치도 군산시 계산로 96-13,군산시,지역,Y,listed_assumed_open,중앙회 공개 목록 등재; 실시간 영업상태 미확인,,새마을금고중앙회 금고위치안내 (2026-08-11 조회),2026-08-11
JB-4801AE183F50,새마을금고,이리평화 (본점) 새마을금고,전북특별자치도 익산시 평동로1길 19,전북특별자치도 익산시 평동로1길 19,익산시,지역,Y,listed_assumed_open,중앙회 공개 목록 등재; 실시간 영업상태 미확인,,새마을금고중앙회 금고위치안내 (2026-08-11 조회),2026-08-11
JB-E7C8600E89E4,새마을금고,이리평화 (영등) 새마을금고,전북특별자치도 익산시 하나로 457,전북특별자치도 익산시 하나로 457,익산시,지역,Y,listed_assumed_open,중앙회 공개 목록 등재; 실시간 영업상태 미확인,,새마을금고중앙회 금고위치안내 (2026-08-11 조회),2026-08-11
JB-67DE8F5139EB,새마을금고,인화 (본점) 새마을금고,전북특별자치도 익산시 평동로11길 9,전북특별자치도 익산시 평동로11길 9,익산시,지역,Y,listed_assumed_open,중앙회 공개 목록 등재; 실시간 영업상태 미확인,,새마을금고중앙회 금고위치안내 (2026-08-11 조회),2026-08-11
JB-879A0480372D,새마을금고,인화 (동산) 새마을금고,전북특별자치도 익산시 평동로 727,전북특별자치도 익산시 평동로 727,익산시,지역,Y,listed_assumed_open,중앙회 공개 목록 등재; 실시간 영업상태 미확인,,새마을금고중앙회 금고위치안내 (2026-08-11 조회),2026-08-11
JB-097A746A8DFF,새마을금고,익산서부 (본점) 새마을금고,전북특별자치도 익산시 배산로4길 9-23,전북특별자치도 익산시 배산로4길 9-23,익산시,지역,Y,listed_assumed_open,중앙회 공개 목록 등재; 실시간 영업상태 미확인,,새마을금고중앙회 금고위치안내 (2026-08-11 조회),2026-08-11
JB-2F4D4B52C7F9,새마을금고,익산서부 (모현) 새마을금고,전북특별자치도 익산시 고현로 90,전북특별자치도 익산시 고현로 90,익산시,지역,Y,listed_assumed_open,중앙회 공개 목록 등재; 실시간 영업상태 미확인,,새마을금고중앙회 금고위치안내 (2026-08-11 조회),2026-08-11
JB-331655D4DCE7,새마을금고,신익산 (본점) 새마을금고,전북특별자치도 익산시 황등면 황등로 162-1,전북특별자치도 익산시 황등면 황등로 162-1,익산시,지역,Y,listed_assumed_open,중앙회 공개 목록 등재; 실시간 영업상태 미확인,,새마을금고중앙회 금고위치안내 (2026-08-11 조회),2026-08-11
JB-E749707FF082,새마을금고,신익산 (삼성) 새마을금고,전북특별자치도 익산시 무왕로23길 13,전북특별자치도 익산시 무왕로23길 13,익산시,지역,Y,listed_assumed_open,중앙회 공개 목록 등재; 실시간 영업상태 미확인,,새마을금고중앙회 금고위치안내 (2026-08-11 조회),2026-08-11
JB-0EF58EF1730B,새마을금고,익산중앙 (본점) 새마을금고,전북특별자치도 익산시 익산대로20길 9,전북특별자치도 익산시 익산대로20길 9,익산시,지역,Y,listed_assumed_open,중앙회 공개 목록 등재; 실시간 영업상태 미확인,,새마을금고중앙회 금고위치안내 (2026-08-11 조회),2026-08-11
JB-4949E64C5B6E,새마을금고,익산중앙 (부송) 새마을금고,전북특별자치도 익산시 부송로 75,전북특별자치도 익산시 부송로 75,익산시,지역,Y,listed_assumed_open,중앙회 공개 목록 등재; 실시간 영업상태 미확인,,새마을금고중앙회 금고위치안내 (2026-08-11 조회),2026-08-11
JB-2733485B5A46,새마을금고,익산중앙 (어양) 새마을금고,전북특별자치도 익산시 무왕로18길 27,전북특별자치도 익산시 무왕로18길 27,익산시,지역,Y,listed_assumed_open,중앙회 공개 목록 등재; 실시간 영업상태 미확인,,새마을금고중앙회 금고위치안내 (2026-08-11 조회),2026-08-11
JB-3DF679C913F6,새마을금고,원광 (본점) 새마을금고,전북특별자치도 익산시 무왕로 1066,전북특별자치도 익산시 무왕로 1066,익산시,지역,Y,listed_assumed_open,중앙회 공개 목록 등재; 실시간 영업상태 미확인,,새마을금고중앙회 금고위치안내 (2026-08-11 조회),2026-08-11
JB-692CB95B67C8,새마을금고,원광 (원대병원) 새마을금고,전북특별자치도 익산시 무왕로 895,전북특별자치도 익산시 무왕로 895,익산시,지역,Y,listed_assumed_open,중앙회 공개 목록 등재; 실시간 영업상태 미확인,,새마을금고중앙회 금고위치안내 (2026-08-11 조회),2026-08-11
JB-2DDF557B6C5E,새마을금고,원광 (역전) 새마을금고,전북특별자치도 익산시 중앙로 43,전북특별자치도 익산시 중앙로 43,익산시,지역,Y,listed_assumed_open,중앙회 공개 목록 등재; 실시간 영업상태 미확인,,새마을금고중앙회 금고위치안내 (2026-08-11 조회),2026-08-11
JB-DE324DE7658F,새마을금고,원광 (모현) 새마을금고,전북특별자치도 익산시 배산로 139,전북특별자치도 익산시 배산로 139,익산시,지역,Y,listed_assumed_open,중앙회 공개 목록 등재; 실시간 영업상태 미확인,,새마을금고중앙회 금고위치안내 (2026-08-11 조회),2026-08-11
JB-60B758DAAE92,새마을금고,북부 (본점) 새마을금고,전북특별자치도 익산시 인북로 250,전북특별자치도 익산시 인북로 250,익산시,지역,Y,listed_assumed_open,중앙회 공개 목록 등재; 실시간 영업상태 미확인,,새마을금고중앙회 금고위치안내 (2026-08-11 조회),2026-08-11
JB-C92C988BA295,새마을금고,정읍 (본점) 새마을금고,전북특별자치도 정읍시 중앙1길 76,전북특별자치도 정읍시 중앙1길 76,정읍시,지역,Y,listed_assumed_open,중앙회 공개 목록 등재; 실시간 영업상태 미확인,,새마을금고중앙회 금고위치안내 (2026-08-11 조회),2026-08-11
JB-2C0CDC4B0049,새마을금고,정읍 (시기) 새마을금고,전북특별자치도 정읍시 초산로 59,전북특별자치도 정읍시 초산로 59,정읍시,지역,Y,listed_assumed_open,중앙회 공개 목록 등재; 실시간 영업상태 미확인,,새마을금고중앙회 금고위치안내 (2026-08-11 조회),2026-08-11
JB-A43BD6787268,새마을금고,정읍 (수성) 새마을금고,전북특별자치도 정읍시 수성로 51,전북특별자치도 정읍시 수성로 51,정읍시,지역,Y,listed_assumed_open,중앙회 공개 목록 등재; 실시간 영업상태 미확인,,새마을금고중앙회 금고위치안내 (2026-08-11 조회),2026-08-11
JB-A9FD78260605,새마을금고,연지 (본점) 새마을금고,전북특별자치도 정읍시 중앙로 54,전북특별자치도 정읍시 중앙로 54,정읍시,지역,Y,listed_assumed_open,중앙회 공개 목록 등재; 실시간 영업상태 미확인,,새마을금고중앙회 금고위치안내 (2026-08-11 조회),2026-08-11
JB-9F843EF76284,새마을금고,연지 (수성) 새마을금고,전북특별자치도 정읍시 수성택지4길 4,전북특별자치도 정읍시 수성택지4길 4,정읍시,지역,Y,listed_assumed_open,중앙회 공개 목록 등재; 실시간 영업상태 미확인,,새마을금고중앙회 금고위치안내 (2026-08-11 조회),2026-08-11
JB-25A92C07BA13,새마을금고,상명 (본점) 새마을금고,전북특별자치도 정읍시 충정로 175-1,전북특별자치도 정읍시 충정로 175-1,정읍시,지역,Y,listed_assumed_open,중앙회 공개 목록 등재; 실시간 영업상태 미확인,,새마을금고중앙회 금고위치안내 (2026-08-11 조회),2026-08-11
JB-401F2496C800,새마을금고,상명 (시기) 새마을금고,전북특별자치도 정읍시 태평5길 5-2,전북특별자치도 정읍시 태평5길 5-2,정읍시,지역,Y,listed_assumed_open,중앙회 공개 목록 등재; 실시간 영업상태 미확인,,새마을금고중앙회 금고위치안내 (2026-08-11 조회),2026-08-11
JB-9AD3F5E854C8,새마을금고,상명 (상동) 새마을금고,전북특별자치도 정읍시 학산로 102,전북특별자치도 정읍시 학산로 102,정읍시,지역,Y,listed_assumed_open,중앙회 공개 목록 등재; 실시간 영업상태 미확인,,새마을금고중앙회 금고위치안내 (2026-08-11 조회),2026-08-11
JB-B933FACE195F,새마을금고,태인 (본점) 새마을금고,전북특별자치도 정읍시 태인면 태인로 10-1,전북특별자치도 정읍시 태인면 태인로 10-1,정읍시,지역,Y,listed_assumed_open,중앙회 공개 목록 등재; 실시간 영업상태 미확인,,새마을금고중앙회 금고위치안내 (2026-08-11 조회),2026-08-11
JB-3B01663C5CDE,새마을금고,산외 (본점) 새마을금고,전북특별자치도 정읍시 산외면 산외로 455,전북특별자치도 정읍시 산외면 산외로 455,정읍시,지역,Y,listed_assumed_open,중앙회 공개 목록 등재; 실시간 영업상태 미확인,,새마을금고중앙회 금고위치안내 (2026-08-11 조회),2026-08-11
JB-AA67A8B0AAFD,새마을금고,신태인 (본점) 새마을금고,전북특별자치도 정읍시 신태인읍 신태인중앙로 17,전북특별자치도 정읍시 신태인읍 신태인중앙로 17,정읍시,지역,Y,listed_assumed_open,중앙회 공개 목록 등재; 실시간 영업상태 미확인,,새마을금고중앙회 금고위치안내 (2026-08-11 조회),2026-08-11
JB-CFC37446BB38,새마을금고,감곡 (본점) 새마을금고,전북특별자치도 정읍시 감곡면 원삼1길 47,전북특별자치도 정읍시 감곡면 원삼1길 47,정읍시,지역,Y,listed_assumed_open,중앙회 공개 목록 등재; 실시간 영업상태 미확인,,새마을금고중앙회 금고위치안내 (2026-08-11 조회),2026-08-11
JB-A0E197C81856,새마을금고,남원 (본점) 새마을금고,전북특별자치도 남원시 남문로 445,전북특별자치도 남원시 남문로 445,남원시,지역,Y,listed_assumed_open,중앙회 공개 목록 등재; 실시간 영업상태 미확인,,새마을금고중앙회 금고위치안내 (2026-08-11 조회),2026-08-11
JB-ADB8E0A15822,새마을금고,남원 (동부) 새마을금고,전북특별자치도 남원시 춘향로 24,전북특별자치도 남원시 춘향로 24,남원시,지역,Y,listed_assumed_open,중앙회 공개 목록 등재; 실시간 영업상태 미확인,,새마을금고중앙회 금고위치안내 (2026-08-11 조회),2026-08-11
JB-D69D237088F5,새마을금고,남원 (남부) 새마을금고,전북특별자치도 남원시 쑥고개로 51,전북특별자치도 남원시 쑥고개로 51,남원시,지역,Y,listed_assumed_open,중앙회 공개 목록 등재; 실시간 영업상태 미확인,,새마을금고중앙회 금고위치안내 (2026-08-11 조회),2026-08-11
JB-A46EB8A939C7,새마을금고,남원 (서부) 새마을금고,전북특별자치도 남원시 남문로 378,전북특별자치도 남원시 남문로 378,남원시,지역,Y,listed_assumed_open,중앙회 공개 목록 등재; 실시간 영업상태 미확인,,새마을금고중앙회 금고위치안내 (2026-08-11 조회),2026-08-11
JB-87040599A362,새마을금고,남원 (산내) 새마을금고,전북특별자치도 남원시 산내면 대정길 86,전북특별자치도 남원시 산내면 대정길 86,남원시,지역,Y,listed_assumed_open,중앙회 공개 목록 등재; 실시간 영업상태 미확인,,새마을금고중앙회 금고위치안내 (2026-08-11 조회),2026-08-11
JB-7E2446FD5A61,새마을금고,남원중앙 (본점) 새마을금고,전북특별자치도 남원시 동림로 26,전북특별자치도 남원시 동림로 26,남원시,지역,Y,listed_assumed_open,중앙회 공개 목록 등재; 실시간 영업상태 미확인,,새마을금고중앙회 금고위치안내 (2026-08-11 조회),2026-08-11
JB-23689A201B4A,새마을금고,남원중앙 (서부) 새마을금고,전북특별자치도 남원시 남문로 413,전북특별자치도 남원시 남문로 413,남원시,지역,Y,listed_assumed_open,중앙회 공개 목록 등재; 실시간 영업상태 미확인,,새마을금고중앙회 금고위치안내 (2026-08-11 조회),2026-08-11
JB-91183789C5DD,새마을금고,운봉 (본점) 새마을금고,전북특별자치도 남원시 운봉읍 운봉로 688-1,전북특별자치도 남원시 운봉읍 운봉로 688-1,남원시,지역,Y,listed_assumed_open,중앙회 공개 목록 등재; 실시간 영업상태 미확인,,새마을금고중앙회 금고위치안내 (2026-08-11 조회),2026-08-11
JB-91B88B739CF8,새마을금고,지리산 (본점) 새마을금고,전북특별자치도 남원시 인월면 인월로 64,전북특별자치도 남원시 인월면 인월로 64,남원시,지역,Y,listed_assumed_open,중앙회 공개 목록 등재; 실시간 영업상태 미확인,,새마을금고중앙회 금고위치안내 (2026-08-11 조회),2026-08-11
JB-1812A9FA6F3F,새마을금고,지리산 (아영) 새마을금고,전북특별자치도 남원시 아영면 아백로 353-1,전북특별자치도 남원시 아영면 아백로 353-1,남원시,지역,Y,listed_assumed_open,중앙회 공개 목록 등재; 실시간 영업상태 미확인,,새마을금고중앙회 금고위치안내 (2026-08-11 조회),2026-08-11
JB-2265A94F8C13,새마을금고,지리산 (시청로) 새마을금고,전북특별자치도 남원시 시청로 51,전북특별자치도 남원시 시청로 51,남원시,지역,Y,listed_assumed_open,중앙회 공개 목록 등재; 실시간 영업상태 미확인,,새마을금고중앙회 금고위치안내 (2026-08-11 조회),2026-08-11
JB-96EA029AAACA,새마을금고,동남원 (본점) 새마을금고,전북특별자치도 남원시 용성로 348,전북특별자치도 남원시 용성로 348,남원시,지역,Y,listed_assumed_open,중앙회 공개 목록 등재; 실시간 영업상태 미확인,,새마을금고중앙회 금고위치안내 (2026-08-11 조회),2026-08-11
JB-8ED71419D3CA,새마을금고,동남원 (도통) 새마을금고,전북특별자치도 남원시 용성로 199,전북특별자치도 남원시 용성로 199,남원시,지역,Y,listed_assumed_open,중앙회 공개 목록 등재; 실시간 영업상태 미확인,,새마을금고중앙회 금고위치안내 (2026-08-11 조회),2026-08-11
JB-CF6FA3F9C3B5,새마을금고,동남원 (산동) 새마을금고,전북특별자치도 남원시 산동면 요천로 2914,전북특별자치도 남원시 산동면 요천로 2914,남원시,지역,Y,listed_assumed_open,중앙회 공개 목록 등재; 실시간 영업상태 미확인,,새마을금고중앙회 금고위치안내 (2026-08-11 조회),2026-08-11
JB-075D90B32C24,새마을금고,김제하나 (본점) 새마을금고,전북특별자치도 김제시 서낭당길 36,전북특별자치도 김제시 서낭당길 36,김제시,지역,Y,listed_assumed_open,중앙회 공개 목록 등재; 실시간 영업상태 미확인,,새마을금고중앙회 금고위치안내 (2026-08-11 조회),2026-08-11
JB-4AE0863FE2F4,새마을금고,김제하나 (신풍) 새마을금고,전북특별자치도 김제시 도작로 27,전북특별자치도 김제시 도작로 27,김제시,지역,Y,listed_assumed_open,중앙회 공개 목록 등재; 실시간 영업상태 미확인,,새마을금고중앙회 금고위치안내 (2026-08-11 조회),2026-08-11
JB-3086DD70BB0B,새마을금고,만경 (본점) 새마을금고,전북특별자치도 김제시 만경읍 만경4길 48,전북특별자치도 김제시 만경읍 만경4길 48,김제시,지역,Y,listed_assumed_open,중앙회 공개 목록 등재; 실시간 영업상태 미확인,,새마을금고중앙회 금고위치안내 (2026-08-11 조회),2026-08-11
JB-A026A3E8D6C6,새마을금고,지평선 (본점) 새마을금고,전북특별자치도 김제시 금산면 모악로 11,전북특별자치도 김제시 금산면 모악로 11,김제시,지역,Y,listed_assumed_open,중앙회 공개 목록 등재; 실시간 영업상태 미확인,,새마을금고중앙회 금고위치안내 (2026-08-11 조회),2026-08-11
JB-ADA4A92023C2,새마을금고,지평선 (교월) 새마을금고,전북특별자치도 김제시 동서로 79,전북특별자치도 김제시 동서로 79,김제시,지역,Y,listed_assumed_open,중앙회 공개 목록 등재; 실시간 영업상태 미확인,,새마을금고중앙회 금고위치안내 (2026-08-11 조회),2026-08-11
JB-9C819D6EBA95,새마을금고,새만금 (본점) 새마을금고,전북특별자치도 김제시 검산택지4길 45,전북특별자치도 김제시 검산택지4길 45,김제시,지역,Y,listed_assumed_open,중앙회 공개 목록 등재; 실시간 영업상태 미확인,,새마을금고중앙회 금고위치안내 (2026-08-11 조회),2026-08-11
JB-D85B86074298,새마을금고,새만금 (요촌) 새마을금고,전북특별자치도 김제시 동서로 150,전북특별자치도 김제시 동서로 150,김제시,지역,Y,listed_assumed_open,중앙회 공개 목록 등재; 실시간 영업상태 미확인,,새마을금고중앙회 금고위치안내 (2026-08-11 조회),2026-08-11
JB-6F8C1307C298,새마을금고,완주 (본점) 새마을금고,전북특별자치도 완주군 봉동읍 봉동동서로 123,전북특별자치도 완주군 봉동읍 봉동동서로 123,완주군,지역,Y,listed_assumed_open,중앙회 공개 목록 등재; 실시간 영업상태 미확인,,새마을금고중앙회 금고위치안내 (2026-08-11 조회),2026-08-11
JB-351534D3C3BF,새마을금고,완주 (삼례) 새마을금고,전북특별자치도 완주군 삼례읍 왕궁로 10,전북특별자치도 완주군 삼례읍 왕궁로 10,완주군,지역,Y,listed_assumed_open,중앙회 공개 목록 등재; 실시간 영업상태 미확인,,새마을금고중앙회 금고위치안내 (2026-08-11 조회),2026-08-11
JB-C5A132D84861,새마을금고,한누리 (본점) 새마을금고,전북특별자치도 완주군 고산면 고산로 114,전북특별자치도 완주군 고산면 고산로 114,완주군,지역,Y,listed_assumed_open,중앙회 공개 목록 등재; 실시간 영업상태 미확인,,새마을금고중앙회 금고위치안내 (2026-08-11 조회),2026-08-11
JB-4718F6E9EDAC,새마을금고,한누리 (둔산) 새마을금고,전북특별자치도 완주군 봉동읍 둔산1로 121,전북특별자치도 완주군 봉동읍 둔산1로 121,완주군,지역,Y,listed_assumed_open,중앙회 공개 목록 등재; 실시간 영업상태 미확인,,새마을금고중앙회 금고위치안내 (2026-08-11 조회),2026-08-11
JB-6DDDB5F484A1,새마을금고,진안 (본점) 새마을금고,전북특별자치도 진안군 진안읍 중앙로 37,전북특별자치도 진안군 진안읍 중앙로 37,진안군,지역,Y,listed_assumed_open,중앙회 공개 목록 등재; 실시간 영업상태 미확인,,새마을금고중앙회 금고위치안내 (2026-08-11 조회),2026-08-11
JB-EA7DD26419ED,새마을금고,진안 (마령) 새마을금고,전북특별자치도 진안군 마령면 임진로 2103,전북특별자치도 진안군 마령면 임진로 2103,진안군,지역,Y,listed_assumed_open,중앙회 공개 목록 등재; 실시간 영업상태 미확인,,새마을금고중앙회 금고위치안내 (2026-08-11 조회),2026-08-11
JB-6CA33291D4AC,새마을금고,진안동부 (본점) 새마을금고,전북특별자치도 진안군 진안읍 진무로 1106,전북특별자치도 진안군 진안읍 진무로 1106,진안군,지역,Y,listed_assumed_open,중앙회 공개 목록 등재; 실시간 영업상태 미확인,,새마을금고중앙회 금고위치안내 (2026-08-11 조회),2026-08-11
JB-77165D6C4824,새마을금고,설천 (본점) 새마을금고,전북특별자치도 무주군 설천면 무설로 1589-1,전북특별자치도 무주군 설천면 무설로 1589-1,무주군,지역,Y,listed_assumed_open,중앙회 공개 목록 등재; 실시간 영업상태 미확인,,새마을금고중앙회 금고위치안내 (2026-08-11 조회),2026-08-11
JB-DF2374D52321,새마을금고,설천 (무주덕유산리조트) 새마을금고,전북특별자치도 무주군 설천면 만선로 185,전북특별자치도 무주군 설천면 만선로 185,무주군,지역,Y,listed_assumed_open,중앙회 공개 목록 등재; 실시간 영업상태 미확인,,새마을금고중앙회 금고위치안내 (2026-08-11 조회),2026-08-11
JB-8EA566BA0772,새마을금고,무주 (본점) 새마을금고,전북특별자치도 무주군 무주읍 주계로 77,전북특별자치도 무주군 무주읍 주계로 77,무주군,지역,Y,listed_assumed_open,중앙회 공개 목록 등재; 실시간 영업상태 미확인,,새마을금고중앙회 금고위치안내 (2026-08-11 조회),2026-08-11
JB-4A8AF7D4B53D,새마을금고,장수 (본점) 새마을금고,전북특별자치도 장수군 장수읍 장천로 174-1,전북특별자치도 장수군 장수읍 장천로 174-1,장수군,지역,Y,listed_assumed_open,중앙회 공개 목록 등재; 실시간 영업상태 미확인,,새마을금고중앙회 금고위치안내 (2026-08-11 조회),2026-08-11
JB-6508517980DC,새마을금고,장계 (본점) 새마을금고,전북특별자치도 장수군 장계면 한들로 95,전북특별자치도 장수군 장계면 한들로 95,장수군,지역,Y,listed_assumed_open,중앙회 공개 목록 등재; 실시간 영업상태 미확인,,새마을금고중앙회 금고위치안내 (2026-08-11 조회),2026-08-11
JB-1BEC2861CB47,새마을금고,산서 (본점) 새마을금고,전북특별자치도 장수군 산서면 보산로 1872,전북특별자치도 장수군 산서면 보산로 1872,장수군,지역,Y,listed_assumed_open,중앙회 공개 목록 등재; 실시간 영업상태 미확인,,새마을금고중앙회 금고위치안내 (2026-08-11 조회),2026-08-11
JB-34D417E43A39,새마을금고,임실 (본점) 새마을금고,전북특별자치도 임실군 임실읍 운수로 27,전북특별자치도 임실군 임실읍 운수로 27,임실군,지역,Y,listed_assumed_open,중앙회 공개 목록 등재; 실시간 영업상태 미확인,,새마을금고중앙회 금고위치안내 (2026-08-11 조회),2026-08-11
JB-40F938E32A4A,새마을금고,임실 (강덕) 새마을금고,전북특별자치도 임실군 강진면 호국로 28,전북특별자치도 임실군 강진면 호국로 28,임실군,지역,Y,listed_assumed_open,중앙회 공개 목록 등재; 실시간 영업상태 미확인,,새마을금고중앙회 금고위치안내 (2026-08-11 조회),2026-08-11
JB-6470AD8E9087,새마을금고,임실 (오수) 새마을금고,전북특별자치도 임실군 오수면 오수로 152,전북특별자치도 임실군 오수면 오수로 152,임실군,지역,Y,listed_assumed_open,중앙회 공개 목록 등재; 실시간 영업상태 미확인,,새마을금고중앙회 금고위치안내 (2026-08-11 조회),2026-08-11
JB-7D64EEA0045C,새마을금고,임실 (관촌) 새마을금고,전북특별자치도 임실군 관촌면 사선로 45,전북특별자치도 임실군 관촌면 사선로 45,임실군,지역,Y,listed_assumed_open,중앙회 공개 목록 등재; 실시간 영업상태 미확인,,새마을금고중앙회 금고위치안내 (2026-08-11 조회),2026-08-11
JB-0E0298EF2C36,새마을금고,순창 (본점) 새마을금고,전북특별자치도 순창군 순창읍 장류로 347,전북특별자치도 순창군 순창읍 장류로 347,순창군,지역,Y,listed_assumed_open,중앙회 공개 목록 등재; 실시간 영업상태 미확인,,새마을금고중앙회 금고위치안내 (2026-08-11 조회),2026-08-11
JB-2DBB452C1A05,새마을금고,쌍치 (본점) 새마을금고,전북특별자치도 순창군 쌍치면 쌍계로 29,전북특별자치도 순창군 쌍치면 쌍계로 29,순창군,지역,Y,listed_assumed_open,중앙회 공개 목록 등재; 실시간 영업상태 미확인,,새마을금고중앙회 금고위치안내 (2026-08-11 조회),2026-08-11
JB-B3FF48974FD9,새마을금고,고창 (본점) 새마을금고,전북특별자치도 고창군 고창읍 중앙로 226,전북특별자치도 고창군 고창읍 중앙로 226,고창군,지역,Y,listed_assumed_open,중앙회 공개 목록 등재; 실시간 영업상태 미확인,,새마을금고중앙회 금고위치안내 (2026-08-11 조회),2026-08-11
JB-030A736227D0,새마을금고,고창 (해리) 새마을금고,전북특별자치도 고창군 해리면 해리중앙로 77,전북특별자치도 고창군 해리면 해리중앙로 77,고창군,지역,Y,listed_assumed_open,중앙회 공개 목록 등재; 실시간 영업상태 미확인,,새마을금고중앙회 금고위치안내 (2026-08-11 조회),2026-08-11
JB-85AFDF9BD622,새마을금고,고창 (상하) 새마을금고,전북특별자치도 고창군 상하면 상하1길 8-1,전북특별자치도 고창군 상하면 상하1길 8-1,고창군,지역,Y,listed_assumed_open,중앙회 공개 목록 등재; 실시간 영업상태 미확인,,새마을금고중앙회 금고위치안내 (2026-08-11 조회),2026-08-11
JB-859A86FA5E47,새마을금고,부령 (본점) 새마을금고,전북특별자치도 부안군 부안읍 부풍로 35,전북특별자치도 부안군 부안읍 부풍로 35,부안군,지역,Y,listed_assumed_open,중앙회 공개 목록 등재; 실시간 영업상태 미확인,,새마을금고중앙회 금고위치안내 (2026-08-11 조회),2026-08-11
JB-2832AF83AEE0,새마을금고,부령 (봉덕) 새마을금고,전북특별자치도 부안군 부안읍 석정로 223,전북특별자치도 부안군 부안읍 석정로 223,부안군,지역,Y,listed_assumed_open,중앙회 공개 목록 등재; 실시간 영업상태 미확인,,새마을금고중앙회 금고위치안내 (2026-08-11 조회),2026-08-11
JB-A1FAAAD3A45D,새마을금고,남부안 (본점) 새마을금고,전북특별자치도 부안군 진서면 청자로 953,전북특별자치도 부안군 진서면 청자로 953,부안군,지역,Y,listed_assumed_open,중앙회 공개 목록 등재; 실시간 영업상태 미확인,,새마을금고중앙회 금고위치안내 (2026-08-11 조회),2026-08-11
JB-464C1AE531AF,새마을금고,남부안 (줄포) 새마을금고,전북특별자치도 부안군 줄포면 줄포중앙로 31,전북특별자치도 부안군 줄포면 줄포중앙로 31,부안군,지역,Y,listed_assumed_open,중앙회 공개 목록 등재; 실시간 영업상태 미확인,,새마을금고중앙회 금고위치안내 (2026-08-11 조회),2026-08-11
JB-8E2AC86F8F66,새마을금고,남부안 (보안) 새마을금고,전북특별자치도 부안군 보안면 영전길 11,전북특별자치도 부안군 보안면 영전길 11,부안군,지역,Y,listed_assumed_open,중앙회 공개 목록 등재; 실시간 영업상태 미확인,,새마을금고중앙회 금고위치안내 (2026-08-11 조회),2026-08-11
