code,sigungu,dong,lat,lon,point_method,admin_area_km2,pop_total,pop_65plus,ratio_65plus,nearest_km,nearest_outlet_id,nearest_name,nearest_type,nearest_open_km,nearest_open_name,nearest_any_km,nearest_any_outlet_id,nearest_any_name,nearest_any_type,distance_model,distance_scope,population_exposure_valid,near_우체국_km,near_은행_km,near_신협_km,near_새마을금고_km,cnt_1km,cnt_any_1km,cnt_3km,cnt_any_3km,cnt_5km,cnt_any_5km,road_km,network_km,admin_snap_km,outlet_snap_km,road_outlet_id,road_nearest_name,road_nearest_type,route_straight_km,detour,route_status,routing_method,oneway_respected,max_snap_km,admin_snap_strategy,route_quality,road_distance_primary
5211151000,전주시완산구,중앙동,35.8204783,127.1404173,largest_component_centroid_inside,1.285,9421,2763,29.3,0.15,JB-A2F407C8AB48,열린 (본점) 새마을금고,새마을금고,0.15,열린 (본점) 새마을금고,0.15,JB-A2F407C8AB48,열린 (본점) 새마을금고,새마을금고,largest_polygon_interior_point_straight_line,finance_open_proxy_Y,N,0.392,0.477,0.352,0.15,25,27,108,120,172,187,0.543,0.474,0.027,0.042,JB-A2F407C8AB48,열린 (본점) 새마을금고,새마을금고,0.15,3.623,ok,directed_all_outlet_reverse_multisource_dijkstra,Y,2.0,exact_nearest_node,standard_proxy,Y
5211153000,전주시완산구,풍남동,35.8144134,127.1577015,largest_component_centroid_inside,2.112,3321,1521,45.8,0.77,JB-1532B4B7A998,남전주 (본점) 새마을금고,새마을금고,0.77,남전주 (본점) 새마을금고,0.375,JB-AA54854492DA,전주교동우편취급국,우체국,largest_polygon_interior_point_straight_line,finance_open_proxy_Y,N,1.095,0.847,0.863,0.77,5,7,59,65,138,152,1.288,1.257,0.008,0.023,JB-07B1AE987D33,전북은행 전주한옥마을,은행,0.847,1.52,ok,directed_all_outlet_reverse_multisource_dijkstra,Y,2.0,exact_nearest_node,standard_proxy,Y
5211160500,전주시완산구,노송동,35.8234841,127.1546251,largest_component_centroid_inside,1.957,9816,3405,34.7,0.372,JB-29A53FCC0325,전주중노송동우체국,우체국,0.372,전주중노송동우체국,0.372,JB-29A53FCC0325,전주중노송동우체국,우체국,largest_polygon_interior_point_straight_line,finance_open_proxy_Y,N,0.372,0.597,0.816,0.917,14,15,75,84,151,165,0.715,0.658,0.033,0.024,JB-29A53FCC0325,전주중노송동우체국,우체국,0.372,1.922,ok,directed_all_outlet_reverse_multisource_dijkstra,Y,2.0,exact_nearest_node,standard_proxy,Y
5211163500,전주시완산구,완산동,35.8087095,127.1406732,largest_component_centroid_inside,1.114,4673,1652,35.4,0.696,JB-EB35C9C948D1,남부 (본점) 새마을금고,새마을금고,0.696,남부 (본점) 새마을금고,0.664,JB-BAFC3F838AC1,전주광진우편취급국,우체국,largest_polygon_interior_point_straight_line,finance_open_proxy_Y,N,1.115,0.874,0.838,0.696,6,8,81,89,155,170,0.972,0.818,0.116,0.038,JB-EB35C9C948D1,남부 (본점) 새마을금고,새마을금고,0.696,1.396,ok,directed_all_outlet_reverse_multisource_dijkstra,Y,2.0,exact_nearest_node,standard_proxy,Y
5211165000,전주시완산구,동서학동,35.7949285,127.1830666,largest_component_centroid_inside,15.559,5532,2237,40.4,3.301,JB-E0DD5EE272D4,전주성가신용협동조합 지점,신협,3.301,전주성가신용협동조합 지점,3.155,JB-AA54854492DA,전주교동우편취급국,우체국,largest_polygon_interior_point_straight_line,finance_open_proxy_Y,N,3.816,3.551,3.301,3.516,0,0,0,0,44,49,4.249,3.829,0.391,0.029,JB-1532B4B7A998,남전주 (본점) 새마을금고,새마을금고,3.516,1.208,ok,directed_all_outlet_reverse_multisource_dijkstra,Y,2.0,exact_nearest_node,standard_proxy,Y
5211166000,전주시완산구,서서학동,35.7928366,127.1531725,largest_component_centroid_inside,2.829,7569,2839,37.5,1.096,JB-A962543DBDE1,전북은행 장승로,은행,1.096,전북은행 장승로,1.096,JB-A962543DBDE1,전북은행 장승로,은행,largest_polygon_interior_point_straight_line,finance_open_proxy_Y,N,1.531,1.096,1.376,1.255,0,0,29,33,102,112,1.684,1.553,0.098,0.033,JB-E0DD5EE272D4,전주성가신용협동조합 지점,신협,1.376,1.223,ok,directed_all_outlet_reverse_multisource_dijkstra,Y,2.0,exact_nearest_node,standard_proxy,Y
5211167100,전주시완산구,중화산1동,35.8139392,127.1302438,largest_component_centroid_inside,1.219,13162,3422,26.0,0.172,JB-9270F2F08C4C,중부 (서원로) 새마을금고,새마을금고,0.172,중부 (서원로) 새마을금고,0.172,JB-9270F2F08C4C,중부 (서원로) 새마을금고,새마을금고,largest_polygon_interior_point_straight_line,finance_open_proxy_Y,N,0.76,0.669,0.217,0.172,9,11,113,125,165,180,0.324,0.285,0.015,0.025,JB-9270F2F08C4C,중부 (서원로) 새마을금고,새마을금고,0.172,1.884,ok,directed_all_outlet_reverse_multisource_dijkstra,Y,2.0,exact_nearest_node,standard_proxy,Y
5211167200,전주시완산구,중화산2동,35.8195591,127.12034,largest_component_centroid_inside,1.537,18549,2860,15.4,0.333,JB-F6C44BB77238,전주중화산동우체국,우체국,0.333,전주중화산동우체국,0.19,JB-064A0494C99A,전주근영우편취급국,우체국,largest_polygon_interior_point_straight_line,finance_open_proxy_Y,N,0.333,0.402,0.412,0.345,12,13,120,132,177,192,0.458,0.42,0.011,0.027,JB-EA28EB112425,NH농협은행 중화산동지점,은행,0.402,1.139,ok,directed_all_outlet_reverse_multisource_dijkstra,Y,2.0,exact_nearest_node,standard_proxy,Y
5211168000,전주시완산구,서신동,35.8324178,127.1161932,largest_component_centroid_inside,2.369,37842,6525,17.2,0.168,JB-2B764B501208,전북은행 서신동,은행,0.168,전북은행 서신동,0.168,JB-2B764B501208,전북은행 서신동,은행,largest_polygon_interior_point_straight_line,finance_open_proxy_Y,N,0.209,0.168,0.24,0.3,16,16,94,102,195,210,0.516,0.435,0.038,0.042,JB-7EEC3E6E4AE2,IBK기업은행 전주서신동,은행,0.397,1.298,ok,directed_all_outlet_reverse_multisource_dijkstra,Y,2.0,exact_nearest_node,standard_proxy,Y
5211169100,전주시완산구,평화1동,35.7932692,127.1431177,largest_component_centroid_inside,1.407,11418,4260,37.3,0.578,JB-398D4E0E8C68,신전주 (평화) 새마을금고,새마을금고,0.578,신전주 (평화) 새마을금고,0.578,JB-398D4E0E8C68,신전주 (평화) 새마을금고,새마을금고,largest_polygon_interior_point_straight_line,finance_open_proxy_Y,N,0.654,0.683,0.889,0.578,6,6,43,49,122,132,0.852,0.689,0.131,0.033,JB-398D4E0E8C68,신전주 (평화) 새마을금고,새마을금고,0.578,1.474,ok,directed_all_outlet_reverse_multisource_dijkstra,Y,2.0,exact_nearest_node,standard_proxy,Y
5211169200,전주시완산구,평화2동,35.7725521,127.1262835,largest_component_centroid_inside,15.477,41689,9549,22.9,1.408,JB-979F36B1C430,서전주 (평화) 새마을금고,새마을금고,1.408,서전주 (평화) 새마을금고,1.408,JB-979F36B1C430,서전주 (평화) 새마을금고,새마을금고,largest_polygon_interior_point_straight_line,finance_open_proxy_Y,N,2.266,1.778,1.735,1.408,0,0,12,13,48,52,1.726,1.64,0.073,0.013,JB-979F36B1C430,서전주 (평화) 새마을금고,새마을금고,1.408,1.226,ok,directed_all_outlet_reverse_multisource_dijkstra,Y,2.0,exact_nearest_node,standard_proxy,Y
5211170100,전주시완산구,삼천1동,35.8002189,127.1256678,largest_component_centroid_inside,0.687,10581,2748,26.0,0.243,JB-E0CB4EF44599,남전주 (삼천용리로) 새마을금고,새마을금고,0.243,남전주 (삼천용리로) 새마을금고,0.243,JB-E0CB4EF44599,남전주 (삼천용리로) 새마을금고,새마을금고,largest_polygon_interior_point_straight_line,finance_open_proxy_Y,N,0.545,0.356,0.328,0.243,11,12,79,87,140,155,0.359,0.322,0.012,0.026,JB-E0CB4EF44599,남전주 (삼천용리로) 새마을금고,새마을금고,0.243,1.476,ok,directed_all_outlet_reverse_multisource_dijkstra,Y,2.0,exact_nearest_node,standard_proxy,Y
5211170200,전주시완산구,삼천2동,35.795525,127.1228538,largest_component_centroid_inside,0.735,11364,3361,29.6,0.111,JB-6217CB620D51,전주삼천동우체국,우체국,0.111,전주삼천동우체국,0.111,JB-6217CB620D51,전주삼천동우체국,우체국,largest_polygon_interior_point_straight_line,finance_open_proxy_Y,N,0.111,0.243,0.292,0.568,9,10,58,65,125,136,0.268,0.205,0.045,0.018,JB-6217CB620D51,전주삼천동우체국,우체국,0.111,2.421,ok,directed_all_outlet_reverse_multisource_dijkstra,Y,2.0,exact_nearest_node,standard_proxy,Y
5211170300,전주시완산구,삼천3동,35.7713879,127.0856197,largest_component_centroid_inside,25.887,19931,4823,24.2,3.172,JB-38B7D66EC47E,전주동부신용협동조합 지점,신협,3.172,전주동부신용협동조합 지점,3.172,JB-38B7D66EC47E,전주동부신용협동조합 지점,신협,largest_polygon_interior_point_straight_line,finance_open_proxy_Y,N,4.297,3.983,3.172,3.306,0,0,0,0,29,31,4.208,4.136,0.046,0.027,JB-25C4CABE8CD3,신전주 (본점) 새마을금고,새마을금고,3.661,1.15,ok,directed_all_outlet_reverse_multisource_dijkstra,Y,2.0,exact_nearest_node,standard_proxy,Y
5211171100,전주시완산구,효자1동,35.804773,127.1323466,largest_component_centroid_inside,1.026,11668,3176,27.2,0.399,JB-79B669E4346B,전북은행 효자동,은행,0.399,전북은행 효자동,0.205,JB-BAFC3F838AC1,전주광진우편취급국,우체국,largest_polygon_interior_point_straight_line,finance_open_proxy_Y,N,0.748,0.399,0.487,0.519,8,9,90,99,154,169,0.68,0.617,0.036,0.027,JB-79B669E4346B,전북은행 효자동,은행,0.399,1.707,ok,directed_all_outlet_reverse_multisource_dijkstra,Y,2.0,exact_nearest_node,standard_proxy,Y
5211171200,전주시완산구,효자2동,35.8080791,127.1192958,largest_component_centroid_inside,0.842,8538,2577,30.2,0.284,JB-D8DBDBF14705,전북은행 안행교,은행,0.284,전북은행 안행교,0.284,JB-D8DBDBF14705,전북은행 안행교,은행,largest_polygon_interior_point_straight_line,finance_open_proxy_Y,N,0.496,0.284,0.296,0.714,15,16,101,109,150,165,0.416,0.398,0.002,0.015,JB-CA96139F8D40,전주대건신용협동조합 지점,신협,0.296,1.403,ok,directed_all_outlet_reverse_multisource_dijkstra,Y,2.0,exact_nearest_node,standard_proxy,Y
5211171300,전주시완산구,효자3동,35.805893,127.1134333,largest_component_centroid_inside,0.745,13466,3632,27.0,0.046,JB-5DFA5699BEF4,전주파티마신용협동조합 지점,신협,0.046,전주파티마신용협동조합 지점,0.046,JB-5DFA5699BEF4,전주파티마신용협동조합 지점,신협,largest_polygon_interior_point_straight_line,finance_open_proxy_Y,N,0.157,0.061,0.046,0.788,14,15,75,82,136,151,0.046,0.0,0.012,0.034,JB-5DFA5699BEF4,전주파티마신용협동조합 지점,신협,0.046,1.003,ok,directed_all_outlet_reverse_multisource_dijkstra,Y,2.0,exact_nearest_node,standard_proxy,Y
5211171400,전주시완산구,효자4동,35.8107711,127.0864799,largest_component_centroid_inside,8.621,38823,5069,13.1,0.637,JB-70B2782DD9ED,우리은행 전주대학교(출),은행,0.637,우리은행 전주대학교(출),0.637,JB-B0AD5BB2C6C7,전주대학교우편취급국,우체국,largest_polygon_interior_point_straight_line,finance_open_proxy_Y,N,1.758,0.637,0.637,1.257,4,5,41,44,110,118,0.922,0.868,0.027,0.027,JB-403D3EEA9DF2,전주대학교신용협동조합 본점,신협,0.637,1.448,ok,directed_all_outlet_reverse_multisource_dijkstra,Y,2.0,exact_nearest_node,standard_proxy,Y
5211173000,전주시완산구,효자5동,35.8261856,127.0971617,largest_component_centroid_inside,6.523,36166,3029,8.4,0.816,JB-0C35784B6D7F,NH농협은행 전북영업부,은행,0.816,NH농협은행 전북영업부,0.816,JB-0C35784B6D7F,NH농협은행 전북영업부,은행,largest_polygon_interior_point_straight_line,finance_open_proxy_Y,N,1.119,0.816,0.977,0.962,4,4,68,73,159,172,1.859,1.713,0.085,0.06,JB-0C35784B6D7F,NH농협은행 전북영업부,은행,0.816,2.279,ok,directed_all_outlet_reverse_multisource_dijkstra,Y,2.0,exact_nearest_node,standard_proxy,Y
5211352500,전주시덕진구,진북동,35.8277046,127.1341004,largest_component_centroid_inside,1.616,11878,4464,37.6,0.03,JB-4854CAAAC892,중부 (벚꽃) 새마을금고,새마을금고,0.03,중부 (벚꽃) 새마을금고,0.03,JB-4854CAAAC892,중부 (벚꽃) 새마을금고,새마을금고,largest_polygon_interior_point_straight_line,finance_open_proxy_Y,N,0.197,0.184,0.35,0.03,14,14,116,129,181,196,0.064,0.035,0.011,0.019,JB-4854CAAAC892,중부 (벚꽃) 새마을금고,새마을금고,0.03,2.157,ok,directed_all_outlet_reverse_multisource_dijkstra,Y,2.0,exact_nearest_node,standard_proxy,Y
5211354000,전주시덕진구,인후1동,35.838101,127.1559816,largest_component_centroid_inside,1.09,16641,4025,24.2,0.027,JB-78AD9B5C3A40,인후신용협동조합 본점,신협,0.027,인후신용협동조합 본점,0.027,JB-78AD9B5C3A40,인후신용협동조합 본점,신협,largest_polygon_interior_point_straight_line,finance_open_proxy_Y,N,0.132,0.107,0.027,0.271,12,13,71,78,150,162,0.096,0.038,0.037,0.021,JB-78AD9B5C3A40,인후신용협동조합 본점,신협,0.027,3.609,ok,directed_all_outlet_reverse_multisource_dijkstra,Y,2.0,exact_nearest_node,standard_proxy,Y
5211355000,전주시덕진구,인후2동,35.8406398,127.1478349,largest_component_centroid_inside,1.442,9869,3263,33.1,0.425,JB-B4DDC6758313,늘푸른 (어울림) 새마을금고,새마을금고,0.425,늘푸른 (어울림) 새마을금고,0.425,JB-B4DDC6758313,늘푸른 (어울림) 새마을금고,새마을금고,largest_polygon_interior_point_straight_line,finance_open_proxy_Y,N,0.439,0.713,0.688,0.425,13,15,81,88,165,178,0.529,0.444,0.044,0.041,JB-6788495B4FF0,동전주우체국,우체국,0.439,1.206,ok,directed_all_outlet_reverse_multisource_dijkstra,Y,2.0,exact_nearest_node,standard_proxy,Y
5211356000,전주시덕진구,인후3동,35.8294844,127.1631921,largest_component_centroid_inside,1.711,29063,5098,17.5,0.119,JB-FF44C93A5F87,양우신용협동조합 지점,신협,0.119,양우신용협동조합 지점,0.119,JB-FF44C93A5F87,양우신용협동조합 지점,신협,largest_polygon_interior_point_straight_line,finance_open_proxy_Y,N,0.424,0.536,0.119,0.272,11,11,63,68,124,136,0.257,0.213,0.026,0.017,JB-FF44C93A5F87,양우신용협동조합 지점,신협,0.119,2.158,ok,directed_all_outlet_reverse_multisource_dijkstra,Y,2.0,exact_nearest_node,standard_proxy,Y
5211357000,전주시덕진구,덕진동,35.8473424,127.1258868,largest_component_centroid_inside,5.105,19776,3241,16.4,0.46,JB-DA295C706211,전주덕진신용협동조합 지점,신협,0.46,전주덕진신용협동조합 지점,0.46,JB-DA295C706211,전주덕진신용협동조합 지점,신협,largest_polygon_interior_point_straight_line,finance_open_proxy_Y,N,1.546,0.86,0.46,0.499,7,10,91,96,175,188,0.694,0.639,0.034,0.02,JB-DA295C706211,전주덕진신용협동조합 지점,신협,0.46,1.51,ok,directed_all_outlet_reverse_multisource_dijkstra,Y,2.0,exact_nearest_node,standard_proxy,Y
5211357500,전주시덕진구,금암동,35.8408006,127.1375666,largest_component_centroid_inside,2.217,17943,4461,24.9,0.215,JB-EC32663F8758,전주중앙신용협동조합 지점,신협,0.215,전주중앙신용협동조합 지점,0.194,JB-288F8934CA56,전주금암2동우편취급국,우체국,largest_polygon_interior_point_straight_line,finance_open_proxy_Y,N,0.953,0.54,0.215,0.24,14,17,100,108,170,183,0.422,0.389,0.016,0.017,JB-45B87D665B89,금암 (북부) 새마을금고,새마을금고,0.24,1.757,ok,directed_all_outlet_reverse_multisource_dijkstra,Y,2.0,exact_nearest_node,standard_proxy,Y
5211360000,전주시덕진구,팔복동,35.8545698,127.0975673,largest_component_centroid_inside,6.885,7089,2295,32.4,0.657,JB-FDF4A2457EDA,전주덕진신용협동조합 지점,신협,0.657,전주덕진신용협동조합 지점,0.657,JB-FDF4A2457EDA,전주덕진신용협동조합 지점,신협,largest_polygon_interior_point_straight_line,finance_open_proxy_Y,N,0.794,0.749,0.657,0.843,5,5,45,47,126,134,1.144,1.021,0.091,0.031,JB-D42DC161E11A,전북은행 전주공단,은행,0.749,1.527,ok,directed_all_outlet_reverse_multisource_dijkstra,Y,2.0,exact_nearest_node,standard_proxy,Y
5211361100,전주시덕진구,우아1동,35.8501904,127.1600961,largest_component_centroid_inside,2.166,11406,2526,22.1,0.233,JB-475101C71716,전북은행 전주첫마중길,은행,0.233,전북은행 전주첫마중길,0.233,JB-475101C71716,전북은행 전주첫마중길,은행,largest_polygon_interior_point_straight_line,finance_open_proxy_Y,N,1.269,0.233,0.678,0.643,7,7,42,46,123,131,0.729,0.678,0.031,0.021,JB-475101C71716,전북은행 전주첫마중길,은행,0.233,3.127,ok,directed_all_outlet_reverse_multisource_dijkstra,Y,2.0,exact_nearest_node,standard_proxy,Y
5211361200,전주시덕진구,우아2동,35.8289647,127.1929593,largest_component_centroid_inside,22.386,13470,3064,22.7,2.082,JB-E90A565876E2,동부 (문화로) 새마을금고,새마을금고,2.082,동부 (문화로) 새마을금고,2.082,JB-E90A565876E2,동부 (문화로) 새마을금고,새마을금고,largest_polygon_interior_point_straight_line,finance_open_proxy_Y,N,2.513,2.158,2.189,2.082,0,0,10,10,56,60,5.773,5.585,0.163,0.025,JB-4070C53A6866,신도 (아중) 새마을금고,새마을금고,2.378,2.427,ok,directed_all_outlet_reverse_multisource_dijkstra,Y,2.0,exact_nearest_node,standard_proxy,Y
5211362000,전주시덕진구,호성동,35.8758889,127.1471065,largest_component_centroid_inside,7.535,17815,4409,24.7,0.906,JB-C9E925E8655E,용진신용협동조합 본점,신협,0.906,용진신용협동조합 본점,0.906,JB-C9E925E8655E,용진신용협동조합 본점,신협,largest_polygon_interior_point_straight_line,finance_open_proxy_Y,N,0.975,1.706,0.906,1.245,2,2,26,26,70,75,1.397,1.21,0.168,0.018,JB-B541EA8692B2,완주용진우체국,우체국,0.975,1.432,ok,directed_all_outlet_reverse_multisource_dijkstra,Y,2.0,exact_nearest_node,standard_proxy,Y
5211364100,전주시덕진구,송천1동,35.8619068,127.1305334,largest_component_centroid_inside,3.083,32242,4886,15.2,0.36,JB-BFC37B9BC337,전주송천 (신일) 새마을금고,새마을금고,0.36,전주송천 (신일) 새마을금고,0.36,JB-BFC37B9BC337,전주송천 (신일) 새마을금고,새마을금고,largest_polygon_interior_point_straight_line,finance_open_proxy_Y,N,0.79,0.843,0.393,0.36,7,7,53,57,125,132,0.594,0.53,0.037,0.027,JB-BFC37B9BC337,전주송천 (신일) 새마을금고,새마을금고,0.36,1.647,ok,directed_all_outlet_reverse_multisource_dijkstra,Y,2.0,exact_nearest_node,standard_proxy,Y
5211364200,전주시덕진구,송천2동,35.8822498,127.1128854,largest_component_centroid_inside,11.322,23941,4995,20.9,1.437,JB-9BF08520D4F1,신한은행 전주에코시티,은행,1.437,신한은행 전주에코시티,1.437,JB-9BF08520D4F1,신한은행 전주에코시티,은행,largest_polygon_interior_point_straight_line,finance_open_proxy_Y,N,2.471,1.437,1.519,1.576,0,0,21,21,58,61,2.677,2.489,0.168,0.02,JB-B7A58729CE13,전주송천 (대명) 새마을금고,새마을금고,2.072,1.292,ok,directed_all_outlet_reverse_multisource_dijkstra,Y,2.0,exact_nearest_node,standard_proxy,Y
5211364300,전주시덕진구,송천3동,35.8750791,127.1297686,largest_component_centroid_inside,2.129,32937,1966,6.0,0.142,JB-C42C3F56FFF1,Sh수협은행 전주,은행,0.142,Sh수협은행 전주,0.142,JB-C42C3F56FFF1,Sh수협은행 전주,은행,largest_polygon_interior_point_straight_line,finance_open_proxy_Y,N,1.698,0.142,0.232,0.438,12,12,29,29,86,92,0.369,0.319,0.03,0.02,JB-FE24170625D7,전북은행 에코시티,은행,0.317,1.164,ok,directed_all_outlet_reverse_multisource_dijkstra,Y,2.0,exact_nearest_node,standard_proxy,Y
5211365000,전주시덕진구,조촌동,35.8782837,127.0385915,largest_component_centroid_inside,24.659,12123,3123,25.8,3.398,JB-32BB77C75641,전주행복신용협동조합 본점,신협,3.398,전주행복신용협동조합 본점,0.754,JB-E6DF10384BF4,전주성덕우편취급국,우체국,largest_polygon_interior_point_straight_line,finance_open_proxy_Y,N,3.887,3.613,3.398,3.45,0,1,0,1,15,18,7.402,7.325,0.056,0.022,JB-167AAFB4AB48,김제백구우체국,우체국,6.58,1.125,ok,directed_all_outlet_reverse_multisource_dijkstra,Y,2.0,exact_nearest_node,standard_proxy,Y
5211366500,전주시덕진구,여의동,35.8594876,127.0741212,largest_component_centroid_inside,17.057,15284,3372,22.1,0.787,JB-1C80CE3317D2,전북은행 테크노파크,은행,0.787,전북은행 테크노파크,0.787,JB-1C80CE3317D2,전북은행 테크노파크,은행,largest_polygon_interior_point_straight_line,finance_open_proxy_Y,N,1.888,0.787,1.31,1.398,1,1,26,27,61,65,1.107,1.016,0.021,0.07,JB-1C80CE3317D2,전북은행 테크노파크,은행,0.787,1.406,ok,directed_all_outlet_reverse_multisource_dijkstra,Y,2.0,exact_nearest_node,standard_proxy,Y
5211367000,전주시덕진구,혁신동,35.8308297,127.0619113,largest_component_centroid_inside,1.912,35868,2353,6.6,0.464,JB-F755329E1DC3,NH농협은행 농촌진흥청,은행,0.464,NH농협은행 농촌진흥청,0.464,JB-F755329E1DC3,NH농협은행 농촌진흥청,은행,largest_polygon_interior_point_straight_line,finance_open_proxy_Y,N,0.948,0.464,0.633,0.869,8,8,20,21,68,71,1.368,1.331,0.012,0.024,JB-0297B31A219A,우리은행 전북혁신도시(출),은행,0.671,2.039,ok,directed_all_outlet_reverse_multisource_dijkstra,Y,2.0,exact_nearest_node,standard_proxy,Y
5213025000,군산시,옥구읍,35.9128086,126.6889561,largest_component_centroid_inside,31.033,2777,1353,48.7,1.173,JB-B0E18C549DE4,남군산 (옥구) 새마을금고,새마을금고,1.173,남군산 (옥구) 새마을금고,1.173,JB-B0E18C549DE4,남군산 (옥구) 새마을금고,새마을금고,largest_polygon_interior_point_straight_line,finance_open_proxy_Y,N,1.235,4.246,4.407,1.173,0,0,2,2,8,9,1.871,1.787,0.065,0.018,JB-B0E18C549DE4,남군산 (옥구) 새마을금고,새마을금고,1.173,1.595,ok,directed_all_outlet_reverse_multisource_dijkstra,Y,2.0,exact_nearest_node,standard_proxy,Y
5213031000,군산시,옥산면,35.9409656,126.7401061,largest_component_centroid_inside,16.538,4159,1072,25.8,0.797,JB-33207E596DFC,군산옥산우체국,우체국,0.797,군산옥산우체국,0.797,JB-33207E596DFC,군산옥산우체국,우체국,largest_polygon_interior_point_straight_line,finance_open_proxy_Y,N,0.797,2.976,2.635,2.477,1,1,8,8,48,50,1.116,0.887,0.216,0.013,JB-33207E596DFC,군산옥산우체국,우체국,0.797,1.4,ok,directed_all_outlet_reverse_multisource_dijkstra,Y,2.0,exact_nearest_node,standard_proxy,Y
5213032000,군산시,회현면,35.9100974,126.7594708,largest_component_centroid_inside,25.722,2957,1177,39.8,3.655,JB-33207E596DFC,군산옥산우체국,우체국,3.655,군산옥산우체국,0.436,JB-B7EEB5F2E9E4,군산회현우편취급국,우체국,largest_polygon_interior_point_straight_line,finance_open_proxy_Y,N,3.655,6.678,6.447,5.998,0,1,0,1,1,2,4.918,4.825,0.081,0.013,JB-33207E596DFC,군산옥산우체국,우체국,3.655,1.346,ok,directed_all_outlet_reverse_multisource_dijkstra,Y,2.0,exact_nearest_node,standard_proxy,Y
5213033000,군산시,임피면,35.9724024,126.8598147,largest_component_centroid_inside,21.811,2337,1180,50.5,1.899,JB-8C220EA9BFA1,군산서수우체국,우체국,1.899,군산서수우체국,1.64,JB-31BB9F123946,군산임피우편취급국,우체국,largest_polygon_interior_point_straight_line,finance_open_proxy_Y,N,1.899,8.041,8.221,5.26,0,0,1,2,1,2,3.139,3.015,0.096,0.029,JB-8C220EA9BFA1,군산서수우체국,우체국,1.899,1.653,ok,directed_all_outlet_reverse_multisource_dijkstra,Y,2.0,exact_nearest_node,standard_proxy,Y
5213034000,군산시,서수면,36.0005977,126.8791784,largest_component_centroid_inside,24.023,2260,1188,52.6,2.062,JB-8C220EA9BFA1,군산서수우체국,우체국,2.062,군산서수우체국,2.062,JB-8C220EA9BFA1,군산서수우체국,우체국,largest_polygon_interior_point_straight_line,finance_open_proxy_Y,N,2.062,7.968,5.9,5.94,0,0,1,1,1,2,3.507,3.277,0.201,0.029,JB-8C220EA9BFA1,군산서수우체국,우체국,2.062,1.701,ok,directed_all_outlet_reverse_multisource_dijkstra,Y,2.0,exact_nearest_node,standard_proxy,Y
5213035000,군산시,대야면,35.9372633,126.8317506,largest_component_centroid_inside,36.407,4304,2212,51.4,1.992,JB-0C06D875A7EE,동군산 (본점) 새마을금고,새마을금고,1.992,동군산 (본점) 새마을금고,1.992,JB-0C06D875A7EE,동군산 (본점) 새마을금고,새마을금고,largest_polygon_interior_point_straight_line,finance_open_proxy_Y,N,2.284,8.867,9.312,1.992,0,0,2,2,4,4,16.473,16.327,0.133,0.013,JB-3086DD70BB0B,만경 (본점) 새마을금고,새마을금고,9.486,1.737,ok,directed_all_outlet_reverse_multisource_dijkstra,Y,2.0,exact_nearest_node,standard_proxy,Y
5213036000,군산시,개정면,35.960546,126.7861566,largest_component_centroid_inside,16.737,2647,1285,48.5,0.908,JB-0430706C8B03,동군산 (발산) 새마을금고,새마을금고,0.908,동군산 (발산) 새마을금고,0.908,JB-0430706C8B03,동군산 (발산) 새마을금고,새마을금고,largest_polygon_interior_point_straight_line,finance_open_proxy_Y,N,1.73,4.155,4.485,0.908,1,1,4,4,19,20,1.484,1.113,0.346,0.026,JB-0430706C8B03,동군산 (발산) 새마을금고,새마을금고,0.908,1.635,ok,directed_all_outlet_reverse_multisource_dijkstra,Y,2.0,exact_nearest_node,standard_proxy,Y
5213037000,군산시,성산면,36.000422,126.791392,largest_component_centroid_inside,27.146,2453,1193,48.6,1.247,JB-045C4746C34E,군산성산우체국,우체국,1.247,군산성산우체국,1.247,JB-045C4746C34E,군산성산우체국,우체국,largest_polygon_interior_point_straight_line,finance_open_proxy_Y,N,1.247,5.275,3.339,1.304,0,0,2,2,5,5,1.815,1.771,0.02,0.024,JB-ECE42C5F0E1D,금강 (성산) 새마을금고,새마을금고,1.304,1.392,ok,directed_all_outlet_reverse_multisource_dijkstra,Y,2.0,exact_nearest_node,standard_proxy,Y
5213038000,군산시,나포면,36.0274912,126.8342512,largest_component_centroid_inside,28.384,1967,1065,54.1,0.493,JB-A490D94501DE,군산나포우체국,우체국,0.493,군산나포우체국,0.493,JB-A490D94501DE,군산나포우체국,우체국,largest_polygon_interior_point_straight_line,finance_open_proxy_Y,N,0.493,10.146,7.892,6.099,1,1,1,1,1,2,0.857,0.805,0.029,0.023,JB-A490D94501DE,군산나포우체국,우체국,0.493,1.738,ok,directed_all_outlet_reverse_multisource_dijkstra,Y,2.0,exact_nearest_node,standard_proxy,Y
5213039000,군산시,옥도면,35.822337,126.4652847,largest_component_scanline_inside,28.247,2672,1058,39.6,4.678,JB-1DFA12972C69,군산선유도우체국,우체국,4.678,군산선유도우체국,4.678,JB-1DFA12972C69,군산선유도우체국,우체국,largest_polygon_interior_point_straight_line,finance_open_proxy_Y,N,4.678,17.165,19.164,22.594,0,0,0,0,1,1,7.341,7.121,0.198,0.022,JB-1DFA12972C69,군산선유도우체국,우체국,4.678,1.569,ok,directed_all_outlet_reverse_multisource_dijkstra,Y,2.0,exact_nearest_node,standard_proxy,Y
5213040000,군산시,옥서면,35.911922,126.6317597,largest_component_centroid_inside,21.149,2493,1175,47.1,1.635,JB-77D307E84A14,옥서신용협동조합 본점,신협,1.635,옥서신용협동조합 본점,1.635,JB-77D307E84A14,옥서신용협동조합 본점,신협,largest_polygon_interior_point_straight_line,finance_open_proxy_Y,N,1.912,6.116,1.635,4.805,0,0,2,2,3,3,1.957,0.842,1.095,0.021,JB-77D307E84A14,옥서신용협동조합 본점,신협,1.635,1.197,fallback_nearest_reachable,directed_all_outlet_reverse_multisource_dijkstra,Y,2.0,nearest_directed_reachable_node_fallback,low_large_connector_fallback,N
5213051500,군산시,해신동,35.9932708,126.6981791,largest_component_centroid_inside,3.338,1874,904,48.2,1.127,JB-4772FFD81652,전북서부항운노조신용협동조합 본점,신협,1.127,전북서부항운노조신용협동조합 본점,1.127,JB-4772FFD81652,전북서부항운노조신용협동조합 본점,신협,largest_polygon_interior_point_straight_line,finance_open_proxy_Y,N,1.499,1.232,1.127,1.323,0,0,21,21,59,60,1.48,1.19,0.268,0.021,JB-4772FFD81652,전북서부항운노조신용협동조합 본점,신협,1.127,1.313,ok,directed_all_outlet_reverse_multisource_dijkstra,Y,2.0,exact_nearest_node,standard_proxy,Y
5213053000,군산시,월명동,35.9881402,126.7126676,largest_component_centroid_inside,1.643,4349,1914,44.0,0.108,JB-2CA137774D9C,군산중부 (본점) 새마을금고,새마을금고,0.108,군산중부 (본점) 새마을금고,0.108,JB-2CA137774D9C,군산중부 (본점) 새마을금고,새마을금고,largest_polygon_interior_point_straight_line,finance_open_proxy_Y,N,0.203,0.138,0.353,0.108,11,11,42,42,61,62,0.167,0.124,0.018,0.025,JB-4ED18D6B504A,전북은행 군산,은행,0.138,1.212,ok,directed_all_outlet_reverse_multisource_dijkstra,Y,2.0,exact_nearest_node,standard_proxy,Y
5213055000,군산시,신풍동,35.9767029,126.7020593,largest_component_centroid_inside,1.251,5667,2262,39.9,0.365,JB-605E93196113,군산문화동우체국,우체국,0.365,군산문화동우체국,0.365,JB-605E93196113,군산문화동우체국,우체국,largest_polygon_interior_point_straight_line,finance_open_proxy_Y,N,0.365,0.997,0.405,1.156,5,5,47,47,62,64,0.471,0.441,0.009,0.022,JB-3B23565B5174,군산해성신용협동조합 본점,신협,0.405,1.163,ok,directed_all_outlet_reverse_multisource_dijkstra,Y,2.0,exact_nearest_node,standard_proxy,Y
5213056000,군산시,삼학동,35.9784977,126.7095822,largest_component_centroid_inside,0.56,4831,2298,47.6,0.343,JB-3B23565B5174,군산해성신용협동조합 본점,신협,0.343,군산해성신용협동조합 본점,0.343,JB-3B23565B5174,군산해성신용협동조합 본점,신협,largest_polygon_interior_point_straight_line,finance_open_proxy_Y,N,0.844,0.944,0.343,1.027,8,8,56,56,63,65,0.636,0.578,0.046,0.013,JB-C6E087336036,군산반석신용협동조합 지점,신협,0.564,1.128,ok,directed_all_outlet_reverse_multisource_dijkstra,Y,2.0,exact_nearest_node,standard_proxy,Y
5213060500,군산시,중앙동,35.9878374,126.7230971,largest_component_centroid_inside,1.4,3886,1397,35.9,0.609,JB-53B4496AE3F8,KB국민은행 군산,은행,0.609,KB국민은행 군산,0.609,JB-53B4496AE3F8,KB국민은행 군산,은행,largest_polygon_interior_point_straight_line,finance_open_proxy_Y,N,0.972,0.609,0.786,0.621,5,5,45,46,62,63,0.732,0.662,0.057,0.013,JB-B9A27CAAC291,금강 (본점) 새마을금고,새마을금고,0.621,1.178,ok,directed_all_outlet_reverse_multisource_dijkstra,Y,2.0,exact_nearest_node,standard_proxy,Y
5213064000,군산시,흥남동,35.9762123,126.7178245,largest_component_centroid_inside,0.968,10987,3168,28.8,0.668,JB-275F09C709C6,군산경암동우체국,우체국,0.668,군산경암동우체국,0.668,JB-275F09C709C6,군산경암동우체국,우체국,largest_polygon_interior_point_straight_line,finance_open_proxy_Y,N,0.668,0.758,0.701,0.777,8,8,56,57,65,67,0.848,0.777,0.042,0.028,JB-7683A926CCA1,군산해성신용협동조합 지점,신협,0.701,1.21,ok,directed_all_outlet_reverse_multisource_dijkstra,Y,2.0,exact_nearest_node,standard_proxy,Y
5213065000,군산시,조촌동,35.9724121,126.739339,largest_component_centroid_inside,3.073,26483,4327,16.3,0.188,JB-0CCFBC726609,NH농협은행 군산시지부,은행,0.188,NH농협은행 군산시지부,0.188,JB-0CCFBC726609,NH농협은행 군산시지부,은행,largest_polygon_interior_point_straight_line,finance_open_proxy_Y,N,0.485,0.188,0.426,0.351,12,13,38,39,62,63,0.393,0.29,0.063,0.04,JB-0CCFBC726609,NH농협은행 군산시지부,은행,0.188,2.097,ok,directed_all_outlet_reverse_multisource_dijkstra,Y,2.0,exact_nearest_node,standard_proxy,Y
5213066000,군산시,경암동,35.9841105,126.7315259,largest_component_centroid_inside,1.955,6502,2509,38.6,0.863,JB-275F09C709C6,군산경암동우체국,우체국,0.863,군산경암동우체국,0.863,JB-275F09C709C6,군산경암동우체국,우체국,largest_polygon_interior_point_straight_line,finance_open_proxy_Y,N,0.863,1.201,1.053,0.992,2,2,45,46,64,65,1.348,1.266,0.046,0.037,JB-275F09C709C6,군산경암동우체국,우체국,0.863,1.563,ok,directed_all_outlet_reverse_multisource_dijkstra,Y,2.0,exact_nearest_node,standard_proxy,Y
5213067000,군산시,구암동,35.9959544,126.7513485,largest_component_centroid_inside,9.544,16168,2614,16.2,0.363,JB-CE2F42288432,군산대건신용협동조합 지점,신협,0.363,군산대건신용협동조합 지점,0.363,JB-CE2F42288432,군산대건신용협동조합 지점,신협,largest_polygon_interior_point_straight_line,finance_open_proxy_Y,N,3.076,2.396,0.363,2.566,1,1,8,9,45,46,0.901,0.851,0.022,0.028,JB-CE2F42288432,군산대건신용협동조합 지점,신협,0.363,2.481,ok,directed_all_outlet_reverse_multisource_dijkstra,Y,2.0,exact_nearest_node,standard_proxy,Y
5213068000,군산시,개정동,35.9650147,126.7562551,largest_component_centroid_inside,5.115,2334,919,39.4,1.037,JB-C0F3B9DD839F,군산개정우체국,우체국,1.037,군산개정우체국,1.037,JB-C0F3B9DD839F,군산개정우체국,우체국,largest_polygon_interior_point_straight_line,finance_open_proxy_Y,N,1.037,1.421,1.929,1.571,0,0,17,18,56,57,1.462,1.376,0.067,0.018,JB-C0F3B9DD839F,군산개정우체국,우체국,1.037,1.41,ok,directed_all_outlet_reverse_multisource_dijkstra,Y,2.0,exact_nearest_node,standard_proxy,Y
5213069000,군산시,수송동,35.9599433,126.717253,largest_component_centroid_inside,5.308,53497,7178,13.4,0.282,JB-DAB2A0BE1E9A,한국산업은행 군산,은행,0.282,한국산업은행 군산,0.282,JB-DAB2A0BE1E9A,한국산업은행 군산,은행,largest_polygon_interior_point_straight_line,finance_open_proxy_Y,N,0.376,0.282,0.481,0.767,11,11,51,51,65,67,0.366,0.343,0.005,0.018,JB-DAB2A0BE1E9A,한국산업은행 군산,은행,0.282,1.299,ok,directed_all_outlet_reverse_multisource_dijkstra,Y,2.0,exact_nearest_node,standard_proxy,Y
5213070100,군산시,나운1동,35.9689567,126.6955664,largest_component_centroid_inside,1.249,12335,3495,28.3,0.176,JB-892BF4A4383F,군산대건신용협동조합 지점,신협,0.176,군산대건신용협동조합 지점,0.176,JB-892BF4A4383F,군산대건신용협동조합 지점,신협,largest_polygon_interior_point_straight_line,finance_open_proxy_Y,N,0.748,0.645,0.176,0.926,11,11,49,50,62,64,0.279,0.246,0.003,0.03,JB-892BF4A4383F,군산대건신용협동조합 지점,신협,0.176,1.584,ok,directed_all_outlet_reverse_multisource_dijkstra,Y,2.0,exact_nearest_node,standard_proxy,Y
5213070200,군산시,나운2동,35.9656917,126.7049638,largest_component_centroid_inside,0.86,20162,5416,26.9,0.118,JB-30893E5170CD,남군산 (나운) 새마을금고,새마을금고,0.118,남군산 (나운) 새마을금고,0.118,JB-30893E5170CD,남군산 (나운) 새마을금고,새마을금고,largest_polygon_interior_point_straight_line,finance_open_proxy_Y,N,0.408,0.256,0.289,0.118,19,19,55,56,64,66,0.215,0.165,0.033,0.018,JB-30893E5170CD,남군산 (나운) 새마을금고,새마을금고,0.118,1.819,ok,directed_all_outlet_reverse_multisource_dijkstra,Y,2.0,exact_nearest_node,standard_proxy,Y
5213070300,군산시,나운3동,35.9470264,126.6853462,largest_component_centroid_inside,8.968,29516,5685,19.3,0.574,JB-A486AC969130,남군산 (본점) 새마을금고,새마을금고,0.574,남군산 (본점) 새마을금고,0.574,JB-A486AC969130,남군산 (본점) 새마을금고,새마을금고,largest_polygon_interior_point_straight_line,finance_open_proxy_Y,N,2.066,0.582,1.725,0.574,2,3,18,19,46,47,0.868,0.833,0.008,0.027,JB-A486AC969130,남군산 (본점) 새마을금고,새마을금고,0.574,1.513,ok,directed_all_outlet_reverse_multisource_dijkstra,Y,2.0,exact_nearest_node,standard_proxy,Y
5213071000,군산시,소룡동,35.9646162,126.588637,largest_component_centroid_inside,35.441,15544,3437,22.1,0.269,JB-CDF21316BB35,군산타타신용협동조합 본점,신협,0.269,군산타타신용협동조합 본점,0.269,JB-CDF21316BB35,군산타타신용협동조합 본점,신협,largest_polygon_interior_point_straight_line,finance_open_proxy_Y,N,2.073,2.558,0.269,8.625,1,1,3,3,4,4,1.494,1.452,0.029,0.013,JB-CDF21316BB35,군산타타신용협동조합 본점,신협,0.269,5.558,ok,directed_all_outlet_reverse_multisource_dijkstra,Y,2.0,exact_nearest_node,standard_proxy,Y
5213072000,군산시,미성동,35.9541996,126.6432054,largest_component_centroid_inside,25.073,10430,2738,26.3,3.192,JB-A70CE77A15D6,군산옥서우체국,우체국,3.192,군산옥서우체국,3.192,JB-A70CE77A15D6,군산옥서우체국,우체국,largest_polygon_interior_point_straight_line,finance_open_proxy_Y,N,3.192,3.371,3.355,4.074,0,0,0,0,11,12,3.965,3.85,0.091,0.024,JB-93E202B1974F,전북은행 군산대,은행,3.371,1.176,ok,directed_all_outlet_reverse_multisource_dijkstra,Y,2.0,exact_nearest_node,standard_proxy,Y
5214025000,익산시,함열읍,36.0613534,126.9643821,largest_component_centroid_inside,18.959,5907,2455,41.6,1.864,JB-759344274FBA,익산신용협동조합 본점,신협,1.864,익산신용협동조합 본점,1.864,JB-759344274FBA,익산신용협동조합 본점,신협,largest_polygon_interior_point_straight_line,finance_open_proxy_Y,N,1.933,2.021,1.864,6.368,0,0,4,4,8,8,2.302,2.256,0.024,0.022,JB-759344274FBA,익산신용협동조합 본점,신협,1.864,1.235,ok,directed_all_outlet_reverse_multisource_dijkstra,Y,2.0,exact_nearest_node,standard_proxy,Y
5214031000,익산시,오산면,35.9378251,126.8998354,largest_component_centroid_inside,29.615,6461,2564,39.7,1.384,JB-C2F0159954B0,익산오산우체국,우체국,1.384,익산오산우체국,1.384,JB-C2F0159954B0,익산오산우체국,우체국,largest_polygon_interior_point_straight_line,finance_open_proxy_Y,N,1.384,4.029,4.317,3.464,0,0,1,2,17,19,1.584,1.161,0.363,0.06,JB-C2F0159954B0,익산오산우체국,우체국,1.384,1.144,ok,directed_all_outlet_reverse_multisource_dijkstra,Y,2.0,exact_nearest_node,standard_proxy,Y
5214032000,익산시,황등면,36.0172876,126.937989,largest_component_centroid_inside,27.415,6203,2641,42.6,1.257,JB-CAE22F9806F6,황등신용협동조합 본점,신협,1.257,황등신용협동조합 본점,1.257,JB-CAE22F9806F6,황등신용협동조합 본점,신협,largest_polygon_interior_point_straight_line,finance_open_proxy_Y,N,1.863,5.448,1.257,1.366,0,0,4,4,5,5,1.615,1.48,0.123,0.012,JB-CAE22F9806F6,황등신용협동조합 본점,신협,1.257,1.285,ok,directed_all_outlet_reverse_multisource_dijkstra,Y,2.0,exact_nearest_node,standard_proxy,Y
5214033000,익산시,함라면,36.0399286,126.9050416,largest_component_centroid_inside,22.495,1933,979,50.6,2.198,JB-5B87C3368F04,익산함라우체국,우체국,2.198,익산함라우체국,2.198,JB-5B87C3368F04,익산함라우체국,우체국,largest_polygon_interior_point_straight_line,finance_open_proxy_Y,N,2.198,6.594,5.069,5.174,0,0,1,1,2,2,2.461,2.365,0.08,0.015,JB-5B87C3368F04,익산함라우체국,우체국,2.198,1.12,ok,directed_all_outlet_reverse_multisource_dijkstra,Y,2.0,exact_nearest_node,standard_proxy,Y
5214034000,익산시,웅포면,36.0936363,126.8916547,largest_component_centroid_inside,33.464,1383,767,55.5,3.488,JB-2B45EE0AD027,익산웅포우체국,우체국,3.488,익산웅포우체국,3.488,JB-2B45EE0AD027,익산웅포우체국,우체국,largest_polygon_interior_point_straight_line,finance_open_proxy_Y,N,3.488,6.35,6.132,10.823,0,0,0,0,3,3,4.021,3.72,0.284,0.018,JB-2B45EE0AD027,익산웅포우체국,우체국,3.488,1.153,ok,directed_all_outlet_reverse_multisource_dijkstra,Y,2.0,exact_nearest_node,standard_proxy,Y
5214035000,익산시,성당면,36.0961411,126.9292039,largest_component_centroid_inside,18.979,1659,881,53.1,0.934,JB-291D6D96EB8F,익산성당우체국,우체국,0.934,익산성당우체국,0.934,JB-291D6D96EB8F,익산성당우체국,우체국,largest_polygon_interior_point_straight_line,finance_open_proxy_Y,N,0.934,3.35,3.208,10.087,1,1,1,1,8,8,1.25,1.19,0.037,0.023,JB-291D6D96EB8F,익산성당우체국,우체국,0.934,1.338,ok,directed_all_outlet_reverse_multisource_dijkstra,Y,2.0,exact_nearest_node,standard_proxy,Y
5214036000,익산시,용안면,36.1205016,126.9556881,largest_component_centroid_inside,27.337,2287,1260,55.1,0.355,JB-3B6F3B9C1F8F,용안신용협동조합 본점,신협,0.355,용안신용협동조합 본점,0.355,JB-3B6F3B9C1F8F,용안신용협동조합 본점,신협,largest_polygon_interior_point_straight_line,finance_open_proxy_Y,N,0.495,4.61,0.355,12.735,2,2,2,2,9,9,0.805,0.736,0.045,0.024,JB-3B6F3B9C1F8F,용안신용협동조합 본점,신협,0.355,2.271,ok,directed_all_outlet_reverse_multisource_dijkstra,Y,2.0,exact_nearest_node,standard_proxy,Y
5214037000,익산시,낭산면,36.0609289,127.0206646,largest_component_centroid_inside,34.892,2686,1279,47.6,2.107,JB-4FE7459D93E1,익산낭산우체국,우체국,2.107,익산낭산우체국,2.107,JB-4FE7459D93E1,익산낭산우체국,우체국,largest_polygon_interior_point_straight_line,finance_open_proxy_Y,N,2.107,5.816,5.577,9.131,0,0,1,1,1,1,2.833,2.53,0.284,0.019,JB-4FE7459D93E1,익산낭산우체국,우체국,2.107,1.345,ok,directed_all_outlet_reverse_multisource_dijkstra,Y,2.0,exact_nearest_node,standard_proxy,Y
5214038000,익산시,망성면,36.1189114,127.0261591,largest_component_centroid_inside,31.437,2601,1458,56.1,2.363,JB-55C697FF6D8D,익산망성우체국,우체국,2.363,익산망성우체국,2.363,JB-55C697FF6D8D,익산망성우체국,우체국,largest_polygon_interior_point_straight_line,finance_open_proxy_Y,N,2.363,7.404,3.048,14.498,0,0,1,1,4,4,3.414,3.185,0.186,0.043,JB-55C697FF6D8D,익산망성우체국,우체국,2.363,1.445,ok,directed_all_outlet_reverse_multisource_dijkstra,Y,2.0,exact_nearest_node,standard_proxy,Y
5214039000,익산시,여산면,36.0513944,127.0909294,largest_component_centroid_inside,36.836,2904,1319,45.4,1.022,JB-025693CEBC10,익산여산우체국,우체국,1.022,익산여산우체국,1.022,JB-025693CEBC10,익산여산우체국,우체국,largest_polygon_interior_point_straight_line,finance_open_proxy_Y,N,1.022,10.636,1.076,10.281,0,0,2,2,2,2,1.279,1.175,0.081,0.024,JB-025693CEBC10,익산여산우체국,우체국,1.022,1.252,ok,directed_all_outlet_reverse_multisource_dijkstra,Y,2.0,exact_nearest_node,standard_proxy,Y
5214040000,익산시,금마면,36.0074866,127.0414536,largest_component_centroid_inside,28.253,4949,1791,36.2,1.965,JB-530E67D2015F,금마신용협동조합 본점,신협,1.965,금마신용협동조합 본점,1.965,JB-530E67D2015F,금마신용협동조합 본점,신협,largest_polygon_interior_point_straight_line,finance_open_proxy_Y,N,2.02,7.089,1.965,7.066,0,0,2,2,2,2,2.554,2.313,0.212,0.028,JB-530E67D2015F,금마신용협동조합 본점,신협,1.965,1.299,ok,directed_all_outlet_reverse_multisource_dijkstra,Y,2.0,exact_nearest_node,standard_proxy,Y
5214041000,익산시,왕궁면,35.973279,127.0839516,largest_component_centroid_inside,46.117,4971,2047,41.2,0.879,JB-9180CFDC25E5,익산왕궁우체국,우체국,0.879,익산왕궁우체국,0.879,JB-9180CFDC25E5,익산왕궁우체국,우체국,largest_polygon_interior_point_straight_line,finance_open_proxy_Y,N,0.879,4.209,3.497,3.61,1,1,1,1,6,7,1.638,1.526,0.089,0.024,JB-9180CFDC25E5,익산왕궁우체국,우체국,0.879,1.863,ok,directed_all_outlet_reverse_multisource_dijkstra,Y,2.0,exact_nearest_node,standard_proxy,Y
5214042000,익산시,춘포면,35.9265217,127.0235706,largest_component_centroid_inside,28.916,4181,1718,41.1,3.347,JB-D7D1E0C1AA65,익산춘포우체국,우체국,3.347,익산춘포우체국,3.347,JB-D7D1E0C1AA65,익산춘포우체국,우체국,largest_polygon_interior_point_straight_line,finance_open_proxy_Y,N,3.347,4.317,4.596,4.62,0,0,0,0,14,16,4.452,4.072,0.327,0.052,JB-99C0C60BFE41,익산2공단우체국,우체국,3.482,1.278,ok,directed_all_outlet_reverse_multisource_dijkstra,Y,2.0,exact_nearest_node,standard_proxy,Y
5214043000,익산시,삼기면,36.0204899,126.9931881,largest_component_centroid_inside,23.304,2304,1051,45.6,0.841,JB-E2AE24191B3D,익산삼기우체국,우체국,0.841,익산삼기우체국,0.841,JB-E2AE24191B3D,익산삼기우체국,우체국,largest_polygon_interior_point_straight_line,finance_open_proxy_Y,N,0.841,6.181,4.642,4.627,1,1,1,1,5,5,1.799,1.5,0.278,0.021,JB-E2AE24191B3D,익산삼기우체국,우체국,0.841,2.139,ok,directed_all_outlet_reverse_multisource_dijkstra,Y,2.0,exact_nearest_node,standard_proxy,Y
5214044000,익산시,용동면,36.1073988,126.9970804,largest_component_centroid_inside,15.253,1340,788,58.8,0.598,JB-C2074D0588DE,익산용동출장소,우체국,0.598,익산용동출장소,0.598,JB-C2074D0588DE,익산용동출장소,우체국,largest_polygon_interior_point_straight_line,finance_open_proxy_Y,N,0.598,4.575,3.178,12.182,1,1,1,1,10,10,1.131,1.008,0.107,0.016,JB-C2074D0588DE,익산용동출장소,우체국,0.598,1.892,ok,directed_all_outlet_reverse_multisource_dijkstra,Y,2.0,exact_nearest_node,standard_proxy,Y
5214052000,익산시,중앙동,35.9396711,126.9492083,largest_component_centroid_inside,0.881,2978,1135,38.1,0.111,JB-9E63997820D3,KB국민은행 익산,은행,0.111,KB국민은행 익산,0.111,JB-9E63997820D3,KB국민은행 익산,은행,largest_polygon_interior_point_straight_line,finance_open_proxy_Y,N,1.139,0.111,0.504,0.244,13,14,33,36,54,59,0.267,0.209,0.035,0.022,JB-662A211D0250,전북은행 익산,은행,0.158,1.682,ok,directed_all_outlet_reverse_multisource_dijkstra,Y,2.0,exact_nearest_node,standard_proxy,Y
5214053000,익산시,평화동,35.9247256,126.9302993,largest_component_centroid_inside,6.655,5887,1500,25.5,1.767,JB-4801AE183F50,이리평화 (본점) 새마을금고,새마을금고,1.767,이리평화 (본점) 새마을금고,1.767,JB-4801AE183F50,이리평화 (본점) 새마을금고,새마을금고,largest_polygon_interior_point_straight_line,finance_open_proxy_Y,N,2.043,1.995,2.74,1.767,0,0,20,22,33,37,2.309,2.222,0.067,0.02,JB-4801AE183F50,이리평화 (본점) 새마을금고,새마을금고,1.767,1.307,ok,directed_all_outlet_reverse_multisource_dijkstra,Y,2.0,exact_nearest_node,standard_proxy,Y
5214056000,익산시,인화동,35.9256035,126.9503633,largest_component_centroid_inside,2.52,5697,2177,38.2,0.693,JB-431C7F8D8164,전북은행 인화동,은행,0.693,전북은행 인화동,0.693,JB-431C7F8D8164,전북은행 인화동,은행,largest_polygon_interior_point_straight_line,finance_open_proxy_Y,N,0.895,0.693,1.094,0.738,4,4,25,27,49,53,0.854,0.763,0.068,0.023,JB-67DE8F5139EB,인화 (본점) 새마을금고,새마을금고,0.738,1.156,ok,directed_all_outlet_reverse_multisource_dijkstra,Y,2.0,exact_nearest_node,standard_proxy,Y
5214057000,익산시,동산동,35.9162819,126.9731966,largest_component_centroid_inside,12.772,19313,5554,28.8,1.824,JB-1C1873DCE1A6,익산동산동우체국,우체국,1.824,익산동산동우체국,1.824,JB-1C1873DCE1A6,익산동산동우체국,우체국,largest_polygon_interior_point_straight_line,finance_open_proxy_Y,N,1.824,2.667,2.182,1.902,0,0,7,7,47,51,2.363,2.325,0.007,0.031,JB-1C1873DCE1A6,익산동산동우체국,우체국,1.824,1.295,ok,directed_all_outlet_reverse_multisource_dijkstra,Y,2.0,exact_nearest_node,standard_proxy,Y
5214058000,익산시,마동,35.9402081,126.9642578,largest_component_centroid_inside,1.496,18425,2850,15.5,0.88,JB-5138D941DB96,이리신용협동조합 본점,신협,0.88,이리신용협동조합 본점,0.88,JB-5138D941DB96,이리신용협동조합 본점,신협,largest_polygon_interior_point_straight_line,finance_open_proxy_Y,N,1.052,1.097,0.88,1.132,3,3,48,52,56,61,1.238,1.129,0.076,0.033,JB-9FB045FE4A08,이리주현신용협동조합 본점,신협,0.986,1.255,ok,directed_all_outlet_reverse_multisource_dijkstra,Y,2.0,exact_nearest_node,standard_proxy,Y
5214059500,익산시,남중동,35.9495028,126.9564614,largest_component_centroid_inside,1.741,11096,3956,35.7,0.157,JB-C354A20384D5,익산남중동우체국,우체국,0.157,익산남중동우체국,0.157,JB-C354A20384D5,익산남중동우체국,우체국,largest_polygon_interior_point_straight_line,finance_open_proxy_Y,N,0.157,0.163,0.253,0.207,8,9,48,53,55,60,0.255,0.22,0.015,0.02,JB-C354A20384D5,익산남중동우체국,우체국,0.157,1.626,ok,directed_all_outlet_reverse_multisource_dijkstra,Y,2.0,exact_nearest_node,standard_proxy,Y
5214061000,익산시,모현동,35.9535236,126.9419734,largest_component_centroid_inside,3.414,35172,8110,23.1,0.069,JB-D2C0AE37B643,익산우체국,우체국,0.069,익산우체국,0.069,JB-D2C0AE37B643,익산우체국,우체국,largest_polygon_interior_point_straight_line,finance_open_proxy_Y,N,0.069,0.782,0.711,0.398,5,5,35,39,54,59,0.568,0.4,0.086,0.082,JB-D2C0AE37B643,익산우체국,우체국,0.069,8.262,ok,directed_all_outlet_reverse_multisource_dijkstra,Y,2.0,exact_nearest_node,standard_proxy,Y
5214062000,익산시,송학동,35.9395319,126.9337059,largest_component_centroid_inside,1.467,11428,1967,17.2,0.476,JB-097A746A8DFF,익산서부 (본점) 새마을금고,새마을금고,0.476,익산서부 (본점) 새마을금고,0.251,JB-6B04E457A19C,익산서송학우편취급국,우체국,largest_polygon_interior_point_straight_line,finance_open_proxy_Y,N,1.672,1.163,1.465,0.476,1,2,26,28,49,54,0.925,0.787,0.103,0.034,JB-097A746A8DFF,익산서부 (본점) 새마을금고,새마을금고,0.476,1.945,ok,directed_all_outlet_reverse_multisource_dijkstra,Y,2.0,exact_nearest_node,standard_proxy,Y
5214064600,익산시,영등1동,35.9520357,126.971503,largest_component_centroid_inside,1.694,19350,4617,23.9,0.375,JB-6F192CC250AE,익산영등동우체국,우체국,0.375,익산영등동우체국,0.375,JB-6F192CC250AE,익산영등동우체국,우체국,largest_polygon_interior_point_straight_line,finance_open_proxy_Y,N,0.375,0.593,0.392,0.762,14,15,52,56,55,60,0.558,0.476,0.07,0.012,JB-4AA2B6A83CA1,황등신용협동조합 지점,신협,0.392,1.423,ok,directed_all_outlet_reverse_multisource_dijkstra,Y,2.0,exact_nearest_node,standard_proxy,Y
5214064700,익산시,영등2동,35.9644908,126.9732206,largest_component_centroid_inside,1.458,11912,1746,14.7,0.577,JB-87A7ACA93A18,익산영등2동우체국,우체국,0.577,익산영등2동우체국,0.577,JB-87A7ACA93A18,익산영등2동우체국,우체국,largest_polygon_interior_point_straight_line,finance_open_proxy_Y,N,0.577,0.655,0.713,0.725,13,13,33,36,57,62,0.823,0.766,0.017,0.04,JB-5761E55229D6,KB국민은행 영등동,은행,0.709,1.161,ok,directed_all_outlet_reverse_multisource_dijkstra,Y,2.0,exact_nearest_node,standard_proxy,Y
5214065200,익산시,어양동,35.9579646,126.9833536,largest_component_centroid_inside,2.174,21441,3335,15.6,0.316,JB-082F806B8158,이리신용협동조합 지점,신협,0.316,이리신용협동조합 지점,0.316,JB-082F806B8158,이리신용협동조합 지점,신협,largest_polygon_interior_point_straight_line,finance_open_proxy_Y,N,0.564,0.554,0.316,0.316,19,20,35,38,55,59,0.373,0.303,0.051,0.019,JB-2733485B5A46,익산중앙 (어양) 새마을금고,새마을금고,0.316,1.178,ok,directed_all_outlet_reverse_multisource_dijkstra,Y,2.0,exact_nearest_node,standard_proxy,Y
5214065600,익산시,신동,35.9731324,126.9427585,largest_component_centroid_inside,12.325,15475,3714,24.0,1.388,JB-FAB58CCF3FA5,원광중앙신용협동조합 본점,신협,1.388,원광중앙신용협동조합 본점,1.388,JB-FAB58CCF3FA5,원광중앙신용협동조합 본점,신협,largest_polygon_interior_point_straight_line,finance_open_proxy_Y,N,1.51,1.58,1.388,2.005,0,0,13,15,56,61,1.716,1.605,0.075,0.036,JB-FAB58CCF3FA5,원광중앙신용협동조합 본점,신협,1.388,1.236,ok,directed_all_outlet_reverse_multisource_dijkstra,Y,2.0,exact_nearest_node,standard_proxy,Y
5214067000,익산시,팔봉동,35.9601225,127.0127647,largest_component_centroid_inside,21.893,5915,1495,25.3,0.587,JB-78A992C6FF7E,익산팔봉동우체국,우체국,0.587,익산팔봉동우체국,0.587,JB-78A992C6FF7E,익산팔봉동우체국,우체국,largest_polygon_interior_point_straight_line,finance_open_proxy_Y,N,0.587,2.138,2.092,2.03,1,1,11,12,28,31,0.814,0.705,0.065,0.044,JB-78A992C6FF7E,익산팔봉동우체국,우체국,0.587,1.387,ok,directed_all_outlet_reverse_multisource_dijkstra,Y,2.0,exact_nearest_node,standard_proxy,Y
5214069000,익산시,삼성동,35.9789774,126.9856862,largest_component_centroid_inside,12.868,30900,5037,16.3,2.027,JB-E7C8600E89E4,이리평화 (영등) 새마을금고,새마을금고,2.027,이리평화 (영등) 새마을금고,2.027,JB-E7C8600E89E4,이리평화 (영등) 새마을금고,새마을금고,largest_polygon_interior_point_straight_line,finance_open_proxy_Y,N,2.219,2.141,2.417,2.027,0,0,22,23,42,45,3.547,3.327,0.176,0.044,JB-78A992C6FF7E,익산팔봉동우체국,우체국,2.646,1.34,ok,directed_all_outlet_reverse_multisource_dijkstra,Y,2.0,exact_nearest_node,standard_proxy,Y
5218025000,정읍시,신태인읍,35.7015378,126.8716351,largest_component_centroid_inside,29.83,4826,2200,45.6,1.977,JB-AA67A8B0AAFD,신태인 (본점) 새마을금고,새마을금고,1.977,신태인 (본점) 새마을금고,1.977,JB-AA67A8B0AAFD,신태인 (본점) 새마을금고,새마을금고,largest_polygon_interior_point_straight_line,finance_open_proxy_Y,N,2.274,10.98,2.073,1.977,0,0,3,3,3,4,2.655,2.54,0.099,0.016,JB-AA67A8B0AAFD,신태인 (본점) 새마을금고,새마을금고,1.977,1.343,ok,directed_all_outlet_reverse_multisource_dijkstra,Y,2.0,exact_nearest_node,standard_proxy,Y
5218031000,정읍시,북면,35.5964522,126.9061286,largest_component_centroid_inside,35.781,3775,1576,41.7,2.044,JB-91A6519F924E,정읍북면우체국,우체국,2.044,정읍북면우체국,2.044,JB-91A6519F924E,정읍북면우체국,우체국,largest_polygon_interior_point_straight_line,finance_open_proxy_Y,N,2.044,4.231,5.704,4.847,0,0,1,1,5,5,2.487,2.293,0.181,0.014,JB-91A6519F924E,정읍북면우체국,우체국,2.044,1.217,ok,directed_all_outlet_reverse_multisource_dijkstra,Y,2.0,exact_nearest_node,standard_proxy,Y
5218032000,정읍시,입암면,35.5031031,126.7986397,largest_component_centroid_inside,35.815,2536,1280,50.5,2.806,JB-59ED66FBC72F,정읍입암우체국,우체국,2.806,정읍입암우체국,2.806,JB-59ED66FBC72F,정읍입암우체국,우체국,largest_polygon_interior_point_straight_line,finance_open_proxy_Y,N,2.806,8.575,8.669,8.439,0,0,1,1,1,1,3.295,3.212,0.056,0.026,JB-59ED66FBC72F,정읍입암우체국,우체국,2.806,1.174,ok,directed_all_outlet_reverse_multisource_dijkstra,Y,2.0,exact_nearest_node,standard_proxy,Y
5218033000,정읍시,소성면,35.5598095,126.7808631,largest_component_centroid_inside,29.501,1858,987,53.1,0.497,JB-B4F1F736C5A9,정읍소성우체국,우체국,0.497,정읍소성우체국,0.497,JB-B4F1F736C5A9,정읍소성우체국,우체국,largest_polygon_interior_point_straight_line,finance_open_proxy_Y,N,0.497,6.143,6.786,6.115,1,1,1,1,3,3,0.892,0.79,0.077,0.025,JB-B4F1F736C5A9,정읍소성우체국,우체국,0.497,1.797,ok,directed_all_outlet_reverse_multisource_dijkstra,Y,2.0,exact_nearest_node,standard_proxy,Y
5218034000,정읍시,고부면,35.6057708,126.7584669,largest_component_centroid_inside,39.553,2527,1320,52.2,2.078,JB-ED9F0D0C8EB8,정읍고부우체국,우체국,2.078,정읍고부우체국,2.078,JB-ED9F0D0C8EB8,정읍고부우체국,우체국,largest_polygon_interior_point_straight_line,finance_open_proxy_Y,N,2.078,8.947,9.836,7.502,0,0,1,1,1,1,2.553,2.385,0.138,0.03,JB-ED9F0D0C8EB8,정읍고부우체국,우체국,2.078,1.229,ok,directed_all_outlet_reverse_multisource_dijkstra,Y,2.0,exact_nearest_node,standard_proxy,Y
5218035000,정읍시,영원면,35.6514373,126.7671527,largest_component_centroid_inside,25.961,1568,862,55.0,1.699,JB-2B5999F2A18B,정읍영원우체국,우체국,1.699,정읍영원우체국,1.699,JB-2B5999F2A18B,정읍영원우체국,우체국,largest_polygon_interior_point_straight_line,finance_open_proxy_Y,N,1.699,8.377,8.522,8.683,0,0,1,1,2,2,2.178,1.878,0.256,0.044,JB-2B5999F2A18B,정읍영원우체국,우체국,1.699,1.282,ok,directed_all_outlet_reverse_multisource_dijkstra,Y,2.0,exact_nearest_node,standard_proxy,Y
5218036000,정읍시,덕천면,35.6300714,126.8276939,largest_component_centroid_inside,21.079,1575,753,47.8,1.721,JB-EE5D0A296DBD,정읍덕천우체국,우체국,1.721,정읍덕천우체국,1.721,JB-EE5D0A296DBD,정읍덕천우체국,우체국,largest_polygon_interior_point_straight_line,finance_open_proxy_Y,N,1.721,5.79,7.574,5.86,0,0,1,1,4,4,3.204,3.137,0.032,0.035,JB-EE5D0A296DBD,정읍덕천우체국,우체국,1.721,1.862,ok,directed_all_outlet_reverse_multisource_dijkstra,Y,2.0,exact_nearest_node,standard_proxy,Y
5218037000,정읍시,이평면,35.6668989,126.8294293,largest_component_centroid_inside,25.522,1829,993,54.3,0.978,JB-51EB65787915,정읍이평우체국,우체국,0.978,정읍이평우체국,0.978,JB-51EB65787915,정읍이평우체국,우체국,largest_polygon_interior_point_straight_line,finance_open_proxy_Y,N,0.978,9.474,5.534,5.75,1,1,1,1,2,2,2.534,2.089,0.412,0.034,JB-51EB65787915,정읍이평우체국,우체국,0.978,2.592,ok,directed_all_outlet_reverse_multisource_dijkstra,Y,2.0,exact_nearest_node,standard_proxy,Y
5218038000,정읍시,정우면,35.6466668,126.8860608,largest_component_centroid_inside,29.855,2291,1166,50.9,0.981,JB-3D24FD75A163,정읍정우우체국,우체국,0.981,정읍정우우체국,0.981,JB-3D24FD75A163,정읍정우우체국,우체국,largest_polygon_interior_point_straight_line,finance_open_proxy_Y,N,0.981,7.14,4.457,4.698,1,1,1,1,9,9,2.933,1.039,1.866,0.028,JB-3D24FD75A163,정읍정우우체국,우체국,0.981,2.989,fallback_nearest_reachable,directed_all_outlet_reverse_multisource_dijkstra,Y,2.0,nearest_directed_reachable_node_fallback,low_large_connector_fallback,N
5218039000,정읍시,태인면,35.6567371,126.9364528,largest_component_centroid_inside,34.202,3092,1582,51.2,0.621,JB-B933FACE195F,태인 (본점) 새마을금고,새마을금고,0.621,태인 (본점) 새마을금고,0.621,JB-B933FACE195F,태인 (본점) 새마을금고,새마을금고,largest_polygon_interior_point_straight_line,finance_open_proxy_Y,N,0.635,10.421,5.677,0.621,2,2,2,2,3,3,3.001,2.911,0.07,0.019,JB-EB6A1EBDADBC,정읍태인우체국,우체국,0.635,4.726,ok,directed_all_outlet_reverse_multisource_dijkstra,Y,2.0,exact_nearest_node,standard_proxy,Y
5218040000,정읍시,감곡면,35.7162535,126.9285356,largest_component_centroid_inside,41.494,2581,1437,55.7,0.181,JB-CFC37446BB38,감곡 (본점) 새마을금고,새마을금고,0.181,감곡 (본점) 새마을금고,0.174,JB-CB76F80837E9,정읍감곡우편취급국,우체국,largest_polygon_interior_point_straight_line,finance_open_proxy_Y,N,4.983,9.776,5.078,0.181,1,2,1,2,3,4,0.271,0.247,0.008,0.017,JB-CFC37446BB38,감곡 (본점) 새마을금고,새마을금고,0.181,1.502,ok,directed_all_outlet_reverse_multisource_dijkstra,Y,2.0,exact_nearest_node,standard_proxy,Y
5218041000,정읍시,옹동면,35.6491072,126.9864551,largest_component_centroid_inside,40.367,1549,798,51.5,1.118,JB-75394E1809F5,정읍옹동우체국,우체국,1.118,정읍옹동우체국,1.118,JB-75394E1809F5,정읍옹동우체국,우체국,largest_polygon_interior_point_straight_line,finance_open_proxy_Y,N,1.118,13.335,10.025,4.243,0,0,1,1,4,4,1.706,1.22,0.471,0.015,JB-75394E1809F5,정읍옹동우체국,우체국,1.118,1.525,ok,directed_all_outlet_reverse_multisource_dijkstra,Y,2.0,exact_nearest_node,standard_proxy,Y
5218042000,정읍시,칠보면,35.5789078,126.9647107,largest_component_centroid_inside,50.24,2057,1000,48.6,3.692,JB-2A41250AA0D9,정읍칠보우체국,우체국,3.692,정읍칠보우체국,3.692,JB-2A41250AA0D9,정읍칠보우체국,우체국,largest_polygon_interior_point_straight_line,finance_open_proxy_Y,N,3.692,8.949,9.982,8.414,0,0,0,0,1,1,8.458,6.421,1.998,0.039,JB-2A41250AA0D9,정읍칠보우체국,우체국,3.692,2.291,fallback_nearest_reachable,directed_all_outlet_reverse_multisource_dijkstra,Y,2.0,nearest_directed_reachable_node_fallback,low_large_connector_fallback,N
5218043000,정읍시,산내면,35.5525303,127.0476776,largest_component_centroid_inside,62.864,1159,620,53.5,2.258,JB-243EF47DC22C,정읍산내우체국,우체국,2.258,정읍산내우체국,2.258,JB-243EF47DC22C,정읍산내우체국,우체국,largest_polygon_interior_point_straight_line,finance_open_proxy_Y,N,2.258,16.27,17.445,7.157,0,0,1,1,1,1,2.9,2.631,0.254,0.015,JB-243EF47DC22C,정읍산내우체국,우체국,2.258,1.284,ok,directed_all_outlet_reverse_multisource_dijkstra,Y,2.0,exact_nearest_node,standard_proxy,Y
5218044000,정읍시,산외면,35.6256208,127.0545195,largest_component_centroid_inside,63.558,1904,1013,53.2,1.27,JB-3B01663C5CDE,산외 (본점) 새마을금고,새마을금고,1.27,산외 (본점) 새마을금고,1.27,JB-3B01663C5CDE,산외 (본점) 새마을금고,새마을금고,largest_polygon_interior_point_straight_line,finance_open_proxy_Y,N,1.473,18.029,16.706,1.27,0,0,2,2,2,2,1.325,1.165,0.138,0.023,JB-3B01663C5CDE,산외 (본점) 새마을금고,새마을금고,1.27,1.043,ok,directed_all_outlet_reverse_multisource_dijkstra,Y,2.0,exact_nearest_node,standard_proxy,Y
5218051000,정읍시,수성동,35.5864918,126.8614886,largest_component_centroid_inside,5.865,15631,3302,21.1,0.09,JB-6B3829D85042,NH농협은행 정읍지원,은행,0.09,NH농협은행 정읍지원,0.09,JB-6B3829D85042,NH농협은행 정읍지원,은행,largest_polygon_interior_point_straight_line,finance_open_proxy_Y,N,0.767,0.09,2.36,0.714,3,3,19,19,22,22,0.276,0.209,0.018,0.049,JB-6B3829D85042,NH농협은행 정읍지원,은행,0.09,3.074,ok,directed_all_outlet_reverse_multisource_dijkstra,Y,2.0,exact_nearest_node,standard_proxy,Y
5218052000,정읍시,장명동,35.5704846,126.8824566,largest_component_centroid_inside,6.929,2607,870,33.4,1.49,JB-9AD3F5E854C8,상명 (상동) 새마을금고,새마을금고,1.49,상명 (상동) 새마을금고,1.49,JB-9AD3F5E854C8,상명 (상동) 새마을금고,새마을금고,largest_polygon_interior_point_straight_line,finance_open_proxy_Y,N,1.647,1.644,2.49,1.49,0,0,16,16,22,22,3.941,3.851,0.066,0.025,JB-25A92C07BA13,상명 (본점) 새마을금고,새마을금고,2.006,1.964,ok,directed_all_outlet_reverse_multisource_dijkstra,Y,2.0,exact_nearest_node,standard_proxy,Y
5218053500,정읍시,내장상동,35.5196479,126.9022518,largest_component_centroid_inside,44.916,20196,4589,22.7,1.912,JB-40D36E546712,정읍금붕동우편취급국,우체국,1.912,정읍금붕동우편취급국,1.912,JB-40D36E546712,정읍금붕동우편취급국,우체국,largest_polygon_interior_point_straight_line,finance_open_proxy_Y,N,1.912,5.572,6.652,5.158,0,0,1,1,1,1,2.06,1.986,0.055,0.018,JB-40D36E546712,정읍금붕동우편취급국,우체국,1.912,1.077,ok,directed_all_outlet_reverse_multisource_dijkstra,Y,2.0,exact_nearest_node,standard_proxy,Y
5218054500,정읍시,시기동,35.5644682,126.8533887,largest_component_centroid_inside,0.54,2899,1163,40.1,0.088,JB-2C0CDC4B0049,정읍 (시기) 새마을금고,새마을금고,0.088,정읍 (시기) 새마을금고,0.088,JB-2C0CDC4B0049,정읍 (시기) 새마을금고,새마을금고,largest_polygon_interior_point_straight_line,finance_open_proxy_Y,N,0.701,0.279,0.245,0.088,13,13,20,20,21,21,0.16,0.114,0.019,0.027,JB-2C0CDC4B0049,정읍 (시기) 새마을금고,새마을금고,0.088,1.818,ok,directed_all_outlet_reverse_multisource_dijkstra,Y,2.0,exact_nearest_node,standard_proxy,Y
5218056500,정읍시,초산동,35.5554056,126.8539312,largest_component_centroid_inside,2.818,9615,2072,21.5,0.933,JB-401F2496C800,상명 (시기) 새마을금고,새마을금고,0.933,상명 (시기) 새마을금고,0.933,JB-401F2496C800,상명 (시기) 새마을금고,새마을금고,largest_polygon_interior_point_straight_line,finance_open_proxy_Y,N,1.453,1.273,1.168,0.933,2,2,18,18,21,21,1.173,1.064,0.067,0.042,JB-401F2496C800,상명 (시기) 새마을금고,새마을금고,0.933,1.257,ok,directed_all_outlet_reverse_multisource_dijkstra,Y,2.0,exact_nearest_node,standard_proxy,Y
5218057000,정읍시,연지동,35.572721,126.8432634,largest_component_centroid_inside,1.665,5454,1744,32.0,0.367,JB-A9FD78260605,연지 (본점) 새마을금고,새마을금고,0.367,연지 (본점) 새마을금고,0.367,JB-A9FD78260605,연지 (본점) 새마을금고,새마을금고,largest_polygon_interior_point_straight_line,finance_open_proxy_Y,N,0.603,0.447,1.348,0.367,6,6,19,19,20,20,0.503,0.429,0.036,0.038,JB-A9FD78260605,연지 (본점) 새마을금고,새마을금고,0.367,1.369,ok,directed_all_outlet_reverse_multisource_dijkstra,Y,2.0,exact_nearest_node,standard_proxy,Y
5218058000,정읍시,농소동,35.5971122,126.8308491,largest_component_centroid_inside,18.632,5245,1469,28.0,2.754,JB-A43BD6787268,정읍 (수성) 새마을금고,새마을금고,2.754,정읍 (수성) 새마을금고,2.754,JB-A43BD6787268,정읍 (수성) 새마을금고,새마을금고,largest_polygon_interior_point_straight_line,finance_open_proxy_Y,N,2.758,3.026,4.133,2.754,0,0,3,3,19,19,4.376,3.891,0.447,0.038,JB-A9FD78260605,연지 (본점) 새마을금고,새마을금고,3.213,1.362,ok,directed_all_outlet_reverse_multisource_dijkstra,Y,2.0,exact_nearest_node,standard_proxy,Y
5218059500,정읍시,상교동,35.5193311,126.845854,largest_component_centroid_inside,45.999,3964,1486,37.5,3.468,JB-59ED66FBC72F,정읍입암우체국,우체국,3.468,정읍입암우체국,3.468,JB-59ED66FBC72F,정읍입암우체국,우체국,largest_polygon_interior_point_straight_line,finance_open_proxy_Y,N,3.468,5.091,5.244,5.006,0,0,0,0,2,2,5.356,5.317,0.015,0.024,JB-DFCF74554CD5,우리은행 정읍지점,은행,5.091,1.052,ok,directed_all_outlet_reverse_multisource_dijkstra,Y,2.0,exact_nearest_node,standard_proxy,Y
5219025000,남원시,운봉읍,35.4305963,127.5353603,largest_component_centroid_inside,68.896,3459,1701,49.2,0.798,JB-91183789C5DD,운봉 (본점) 새마을금고,새마을금고,0.798,운봉 (본점) 새마을금고,0.798,JB-91183789C5DD,운봉 (본점) 새마을금고,새마을금고,largest_polygon_interior_point_straight_line,finance_open_proxy_Y,N,0.804,13.223,7.005,0.798,2,2,2,2,2,2,1.125,1.004,0.094,0.027,JB-8A863D0BA48F,남원운봉우체국,우체국,0.804,1.399,ok,directed_all_outlet_reverse_multisource_dijkstra,Y,2.0,exact_nearest_node,standard_proxy,Y
5219031000,남원시,주천면,35.3807958,127.4543227,largest_component_centroid_inside,54.022,2407,1076,44.7,5.257,JB-3A438B14655F,남원이백우체국,우체국,5.257,남원이백우체국,1.261,JB-F8D0CB1D180A,남원주천우편취급국,우체국,largest_polygon_interior_point_straight_line,finance_open_proxy_Y,N,5.257,6.916,6.539,6.312,0,0,0,1,0,1,6.246,6.213,0.019,0.014,JB-3A438B14655F,남원이백우체국,우체국,5.257,1.188,ok,directed_all_outlet_reverse_multisource_dijkstra,Y,2.0,exact_nearest_node,standard_proxy,Y
5219032000,남원시,수지면,35.3338488,127.3750546,largest_component_centroid_inside,31.457,1015,534,52.6,0.594,JB-B3D70181C033,남원수지우체국,우체국,0.594,남원수지우체국,0.594,JB-B3D70181C033,남원수지우체국,우체국,largest_polygon_interior_point_straight_line,finance_open_proxy_Y,N,0.594,8.065,7.877,7.063,1,1,1,1,2,2,0.827,0.792,0.022,0.012,JB-B3D70181C033,남원수지우체국,우체국,0.594,1.391,ok,directed_all_outlet_reverse_multisource_dijkstra,Y,2.0,exact_nearest_node,standard_proxy,Y
5219033000,남원시,송동면,35.3570737,127.3435827,largest_component_centroid_inside,32.583,1774,908,51.2,0.593,JB-06BF886E4359,남원송동우체국,우체국,0.593,남원송동우체국,0.593,JB-06BF886E4359,남원송동우체국,우체국,largest_polygon_interior_point_straight_line,finance_open_proxy_Y,N,0.593,6.362,6.055,5.563,1,1,1,1,3,4,0.89,0.73,0.152,0.008,JB-06BF886E4359,남원송동우체국,우체국,0.593,1.501,ok,directed_all_outlet_reverse_multisource_dijkstra,Y,2.0,exact_nearest_node,standard_proxy,Y
5219034000,남원시,주생면,35.3846401,127.3043832,largest_component_centroid_inside,26.076,1661,860,51.8,1.7,JB-8BFD8D9B28AD,남원주생우체국,우체국,1.7,남원주생우체국,1.7,JB-8BFD8D9B28AD,남원주생우체국,우체국,largest_polygon_interior_point_straight_line,finance_open_proxy_Y,N,1.7,7.139,6.862,6.633,0,0,1,1,2,2,2.795,2.661,0.105,0.029,JB-8BFD8D9B28AD,남원주생우체국,우체국,1.7,1.644,ok,directed_all_outlet_reverse_multisource_dijkstra,Y,2.0,exact_nearest_node,standard_proxy,Y
5219035000,남원시,금지면,35.3400312,127.2816837,largest_component_centroid_inside,32.685,2017,1118,55.4,1.986,JB-243F9E18DFEB,남원금지우체국,우체국,1.986,남원금지우체국,1.986,JB-243F9E18DFEB,남원금지우체국,우체국,largest_polygon_interior_point_straight_line,finance_open_proxy_Y,N,1.986,11.483,11.171,10.965,0,0,1,1,2,2,2.37,1.97,0.329,0.071,JB-243F9E18DFEB,남원금지우체국,우체국,1.986,1.193,ok,directed_all_outlet_reverse_multisource_dijkstra,Y,2.0,exact_nearest_node,standard_proxy,Y
5219036000,남원시,대강면,35.3625189,127.2306879,largest_component_centroid_inside,45.094,1357,822,60.6,1.783,JB-CB064B7D8DBF,남원대강우체국,우체국,1.783,남원대강우체국,1.783,JB-CB064B7D8DBF,남원대강우체국,우체국,largest_polygon_interior_point_straight_line,finance_open_proxy_Y,N,1.783,8.038,8.08,8.346,0,0,1,1,2,2,1.99,1.926,0.028,0.036,JB-CB064B7D8DBF,남원대강우체국,우체국,1.783,1.116,ok,directed_all_outlet_reverse_multisource_dijkstra,Y,2.0,exact_nearest_node,standard_proxy,Y
5219037000,남원시,대산면,35.4251702,127.3150525,largest_component_centroid_inside,35.865,1420,725,51.1,1.071,JB-4204BFD676AB,남원대산우체국,우체국,1.071,남원대산우체국,1.071,JB-4204BFD676AB,남원대산우체국,우체국,largest_polygon_interior_point_straight_line,finance_open_proxy_Y,N,1.071,6.085,5.973,5.604,0,0,1,1,1,1,1.955,1.601,0.334,0.02,JB-4204BFD676AB,남원대산우체국,우체국,1.071,1.825,ok,directed_all_outlet_reverse_multisource_dijkstra,Y,2.0,exact_nearest_node,standard_proxy,Y
5219038000,남원시,사매면,35.4782561,127.3519339,largest_component_centroid_inside,32.169,1404,726,51.7,2.429,JB-DE2FDE217469,남원사매우체국,우체국,2.429,남원사매우체국,2.429,JB-DE2FDE217469,남원사매우체국,우체국,largest_polygon_interior_point_straight_line,finance_open_proxy_Y,N,2.429,7.711,7.449,7.002,0,0,1,1,1,1,4.536,4.44,0.073,0.023,JB-DE2FDE217469,남원사매우체국,우체국,2.429,1.868,ok,directed_all_outlet_reverse_multisource_dijkstra,Y,2.0,exact_nearest_node,standard_proxy,Y
5219039000,남원시,덕과면,35.5251727,127.369597,largest_component_centroid_inside,23.209,900,480,53.3,3.028,JB-DE2FDE217469,남원사매우체국,우체국,3.028,남원사매우체국,3.028,JB-DE2FDE217469,남원사매우체국,우체국,largest_polygon_interior_point_straight_line,finance_open_proxy_Y,N,3.028,12.239,12.13,4.016,0,0,0,0,5,5,5.0,4.8,0.177,0.023,JB-DE2FDE217469,남원사매우체국,우체국,3.028,1.651,ok,directed_all_outlet_reverse_multisource_dijkstra,Y,2.0,exact_nearest_node,standard_proxy,Y
5219040000,남원시,보절면,35.5153351,127.4165782,largest_component_centroid_inside,41.657,1253,709,56.6,1.394,JB-225E9B390244,남원보절우체국,우체국,1.394,남원보절우체국,1.394,JB-225E9B390244,남원보절우체국,우체국,largest_polygon_interior_point_straight_line,finance_open_proxy_Y,N,1.394,11.25,11.071,5.957,0,0,1,1,1,1,1.811,1.725,0.06,0.026,JB-225E9B390244,남원보절우체국,우체국,1.394,1.299,ok,directed_all_outlet_reverse_multisource_dijkstra,Y,2.0,exact_nearest_node,standard_proxy,Y
5219041000,남원시,산동면,35.4967654,127.4728027,largest_component_centroid_inside,53.399,1564,839,53.6,0.606,JB-0A6CB1EAF007,남원산동우체국,우체국,0.606,남원산동우체국,0.606,JB-0A6CB1EAF007,남원산동우체국,우체국,largest_polygon_interior_point_straight_line,finance_open_proxy_Y,N,0.606,11.637,11.19,0.612,2,2,2,2,2,2,0.708,0.572,0.12,0.016,JB-CF6FA3F9C3B5,동남원 (산동) 새마을금고,새마을금고,0.612,1.156,ok,directed_all_outlet_reverse_multisource_dijkstra,Y,2.0,exact_nearest_node,standard_proxy,Y
5219042000,남원시,이백면,35.4310168,127.4595888,largest_component_centroid_inside,43.237,2054,964,46.9,0.382,JB-3A438B14655F,남원이백우체국,우체국,0.382,남원이백우체국,0.382,JB-3A438B14655F,남원이백우체국,우체국,largest_polygon_interior_point_straight_line,finance_open_proxy_Y,N,0.382,6.47,5.84,4.846,1,1,1,1,2,3,0.431,0.334,0.083,0.014,JB-3A438B14655F,남원이백우체국,우체국,0.382,1.127,ok,directed_all_outlet_reverse_multisource_dijkstra,Y,2.0,exact_nearest_node,standard_proxy,Y
5219045000,남원시,아영면,35.5108764,127.5939115,largest_component_centroid_inside,34.896,1763,869,49.3,1.65,JB-2612F161A8FB,남원아영우체국,우체국,1.65,남원아영우체국,1.65,JB-2612F161A8FB,남원아영우체국,우체국,largest_polygon_interior_point_straight_line,finance_open_proxy_Y,N,1.65,16.489,5.573,1.667,0,0,2,2,2,2,2.835,2.589,0.232,0.015,JB-1812A9FA6F3F,지리산 (아영) 새마을금고,새마을금고,1.667,1.7,ok,directed_all_outlet_reverse_multisource_dijkstra,Y,2.0,exact_nearest_node,standard_proxy,Y
5219046000,남원시,산내면,35.3789444,127.592613,largest_component_centroid_inside,102.473,1965,765,38.9,5.439,JB-87040599A362,남원 (산내) 새마을금고,새마을금고,5.439,남원 (산내) 새마을금고,5.439,JB-87040599A362,남원 (산내) 새마을금고,새마을금고,largest_polygon_interior_point_straight_line,finance_open_proxy_Y,N,6.079,18.74,9.204,5.439,0,0,0,0,0,0,7.347,6.889,0.422,0.036,JB-87040599A362,남원 (산내) 새마을금고,새마을금고,5.439,1.351,ok,directed_all_outlet_reverse_multisource_dijkstra,Y,2.0,exact_nearest_node,standard_proxy,Y
5219047000,남원시,인월면,35.4650139,127.6129597,largest_component_centroid_inside,36.294,2644,1155,43.7,1.002,JB-A421A23DBD7E,온누리신용협동조합 지점,신협,1.002,온누리신용협동조합 지점,1.002,JB-A421A23DBD7E,온누리신용협동조합 지점,신협,largest_polygon_interior_point_straight_line,finance_open_proxy_Y,N,1.119,20.868,1.002,1.082,0,0,3,3,6,6,1.077,1.015,0.048,0.014,JB-A421A23DBD7E,온누리신용협동조합 지점,신협,1.002,1.075,ok,directed_all_outlet_reverse_multisource_dijkstra,Y,2.0,exact_nearest_node,standard_proxy,Y
5219051000,남원시,동충동,35.4114735,127.3826555,largest_component_centroid_inside,0.574,2788,1009,36.2,0.167,JB-9F78655F2045,NH농협은행 남원지원,은행,0.167,NH농협은행 남원지원,0.167,JB-9F78655F2045,NH농협은행 남원지원,은행,largest_polygon_interior_point_straight_line,finance_open_proxy_Y,N,0.371,0.167,0.614,0.584,13,14,20,22,20,22,0.194,0.172,0.008,0.014,JB-9F78655F2045,NH농협은행 남원지원,은행,0.167,1.163,ok,directed_all_outlet_reverse_multisource_dijkstra,Y,2.0,exact_nearest_node,standard_proxy,Y
5219052000,남원시,죽항동,35.4069398,127.3840351,largest_component_centroid_inside,0.705,2788,1076,38.6,0.211,JB-7EEBE2128A8E,IBK기업은행 남원,은행,0.211,IBK기업은행 남원,0.211,JB-7EEBE2128A8E,IBK기업은행 남원,은행,largest_polygon_interior_point_straight_line,finance_open_proxy_Y,N,0.381,0.211,0.772,0.357,9,9,20,22,20,22,0.4,0.327,0.03,0.042,JB-7EEBE2128A8E,IBK기업은행 남원,은행,0.211,1.897,ok,directed_all_outlet_reverse_multisource_dijkstra,Y,2.0,exact_nearest_node,standard_proxy,Y
5219054000,남원시,노암동,35.3949232,127.3897561,largest_component_centroid_inside,9.165,5751,1483,25.8,0.905,JB-D69D237088F5,남원 (남부) 새마을금고,새마을금고,0.905,남원 (남부) 새마을금고,0.905,JB-D69D237088F5,남원 (남부) 새마을금고,새마을금고,largest_polygon_interior_point_straight_line,finance_open_proxy_Y,N,1.748,1.437,1.654,0.905,1,1,19,21,20,22,1.365,1.313,0.03,0.022,JB-D69D237088F5,남원 (남부) 새마을금고,새마을금고,0.905,1.508,ok,directed_all_outlet_reverse_multisource_dijkstra,Y,2.0,exact_nearest_node,standard_proxy,Y
5219055000,남원시,금동,35.3991643,127.3680952,largest_component_centroid_inside,2.046,5703,1750,30.7,0.905,JB-A46EB8A939C7,남원 (서부) 새마을금고,새마을금고,0.905,남원 (서부) 새마을금고,0.441,JB-66AFD22592E5,남원광한루우편취급국,우체국,largest_polygon_interior_point_straight_line,finance_open_proxy_Y,N,1.538,1.256,0.942,0.905,2,3,15,17,21,23,1.231,1.168,0.014,0.049,JB-E1D6C6309E19,온누리신용협동조합 지점,신협,0.942,1.306,ok,directed_all_outlet_reverse_multisource_dijkstra,Y,2.0,exact_nearest_node,standard_proxy,Y
5219056000,남원시,왕정동,35.412277,127.3566529,largest_component_centroid_inside,6.035,5352,1496,28.0,1.573,JB-A46EB8A939C7,남원 (서부) 새마을금고,새마을금고,1.573,남원 (서부) 새마을금고,1.573,JB-A46EB8A939C7,남원 (서부) 새마을금고,새마을금고,largest_polygon_interior_point_straight_line,finance_open_proxy_Y,N,2.19,2.054,1.945,1.573,0,0,12,14,22,24,2.678,2.637,0.024,0.017,JB-A46EB8A939C7,남원 (서부) 새마을금고,새마을금고,1.573,1.702,ok,directed_all_outlet_reverse_multisource_dijkstra,Y,2.0,exact_nearest_node,standard_proxy,Y
5219057000,남원시,향교동,35.4398616,127.3745902,largest_component_centroid_inside,18.672,6316,2119,33.5,2.723,JB-306ADC882292,온누리신용협동조합 본점,신협,2.723,온누리신용협동조합 본점,2.723,JB-306ADC882292,온누리신용협동조합 본점,신협,largest_polygon_interior_point_straight_line,finance_open_proxy_Y,N,3.308,2.977,2.723,3.097,0,0,2,3,21,23,3.555,3.441,0.079,0.035,JB-306ADC882292,온누리신용협동조합 본점,신협,2.723,1.306,ok,directed_all_outlet_reverse_multisource_dijkstra,Y,2.0,exact_nearest_node,standard_proxy,Y
5219059000,남원시,도통동,35.4427345,127.410286,largest_component_centroid_inside,15.039,16457,2977,18.1,2.263,JB-96EA029AAACA,동남원 (본점) 새마을금고,새마을금고,2.263,동남원 (본점) 새마을금고,2.263,JB-96EA029AAACA,동남원 (본점) 새마을금고,새마을금고,largest_polygon_interior_point_straight_line,finance_open_proxy_Y,N,3.073,3.433,3.088,2.263,0,0,2,2,17,18,6.293,5.721,0.538,0.035,JB-306ADC882292,온누리신용협동조합 본점,신협,3.71,1.696,ok,directed_all_outlet_reverse_multisource_dijkstra,Y,2.0,exact_nearest_node,standard_proxy,Y
5221025000,김제시,만경읍,35.8651704,126.8263586,largest_component_centroid_inside,21.317,2529,1263,49.9,1.367,JB-EEBE0AC34B32,김제만경우체국,우체국,1.367,김제만경우체국,1.367,JB-EEBE0AC34B32,김제만경우체국,우체국,largest_polygon_interior_point_straight_line,finance_open_proxy_Y,N,1.367,8.369,9.356,1.546,0,0,2,2,3,3,2.209,2.053,0.141,0.015,JB-EEBE0AC34B32,김제만경우체국,우체국,1.367,1.615,ok,directed_all_outlet_reverse_multisource_dijkstra,Y,2.0,exact_nearest_node,standard_proxy,Y
5221032000,김제시,죽산면,35.7736276,126.8086435,largest_component_centroid_inside,36.593,2281,1250,54.8,0.722,JB-3D85B0F76D6C,김제죽산우체국,우체국,0.722,김제죽산우체국,0.722,JB-3D85B0F76D6C,김제죽산우체국,우체국,largest_polygon_interior_point_straight_line,finance_open_proxy_Y,N,0.722,7.252,7.95,6.743,1,1,1,1,2,2,0.853,0.676,0.139,0.038,JB-3D85B0F76D6C,김제죽산우체국,우체국,0.722,1.181,ok,directed_all_outlet_reverse_multisource_dijkstra,Y,2.0,exact_nearest_node,standard_proxy,Y
5221033000,김제시,백산면,35.8457412,126.8875906,largest_component_centroid_inside,29.219,3941,1220,31.0,1.955,JB-4CB2596A21D3,김제백산우체국,우체국,1.955,김제백산우체국,1.955,JB-4CB2596A21D3,김제백산우체국,우체국,largest_polygon_interior_point_straight_line,finance_open_proxy_Y,N,1.955,4.68,5.175,4.979,0,0,1,1,7,7,2.09,2.051,0.004,0.034,JB-4CB2596A21D3,김제백산우체국,우체국,1.955,1.069,ok,directed_all_outlet_reverse_multisource_dijkstra,Y,2.0,exact_nearest_node,standard_proxy,Y
5221034000,김제시,용지면,35.8444742,126.9707524,largest_component_centroid_inside,34.724,3272,1635,50.0,1.686,JB-6DF1E5BD80C3,김제용지우체국,우체국,1.686,김제용지우체국,1.686,JB-6DF1E5BD80C3,김제용지우체국,우체국,largest_polygon_interior_point_straight_line,finance_open_proxy_Y,N,1.686,7.706,7.789,7.354,0,0,1,1,1,1,3.057,2.989,0.05,0.018,JB-6DF1E5BD80C3,김제용지우체국,우체국,1.686,1.814,ok,directed_all_outlet_reverse_multisource_dijkstra,Y,2.0,exact_nearest_node,standard_proxy,Y
5221035000,김제시,백구면,35.8870781,126.9634506,largest_component_centroid_inside,21.629,3531,1584,44.9,0.667,JB-167AAFB4AB48,김제백구우체국,우체국,0.667,김제백구우체국,0.667,JB-167AAFB4AB48,김제백구우체국,우체국,largest_polygon_interior_point_straight_line,finance_open_proxy_Y,N,0.667,5.108,5.046,4.691,1,1,1,1,5,6,0.941,0.865,0.054,0.022,JB-167AAFB4AB48,김제백구우체국,우체국,0.667,1.411,ok,directed_all_outlet_reverse_multisource_dijkstra,Y,2.0,exact_nearest_node,standard_proxy,Y
5221036000,김제시,부량면,35.7385743,126.844236,largest_component_centroid_inside,19.943,1257,635,50.5,3.853,JB-EC66479F50B8,부안백산우체국,우체국,3.853,부안백산우체국,0.484,JB-615203151E4C,김제부량우편취급국,우체국,largest_polygon_interior_point_straight_line,finance_open_proxy_Y,N,3.853,7.893,6.868,6.74,0,1,0,1,2,3,5.611,5.503,0.095,0.013,JB-EC66479F50B8,부안백산우체국,우체국,3.853,1.456,ok,directed_all_outlet_reverse_multisource_dijkstra,Y,2.0,exact_nearest_node,standard_proxy,Y
5221038000,김제시,공덕면,35.8860395,126.9049521,largest_component_centroid_inside,28.516,2416,1127,46.6,5.68,JB-167AAFB4AB48,김제백구우체국,우체국,5.68,김제백구우체국,1.002,JB-F5EE57D7AFF4,김제공덕우편취급국,우체국,largest_polygon_interior_point_straight_line,finance_open_proxy_Y,N,5.68,6.547,7.099,6.53,0,0,0,1,0,1,7.877,7.835,0.02,0.022,JB-167AAFB4AB48,김제백구우체국,우체국,5.68,1.387,ok,directed_all_outlet_reverse_multisource_dijkstra,Y,2.0,exact_nearest_node,standard_proxy,Y
5221039000,김제시,청하면,35.8872734,126.8513634,largest_component_centroid_inside,19.216,1625,841,51.8,2.063,JB-474520FD61AF,김제청하우체국,우체국,2.063,김제청하우체국,2.063,JB-474520FD61AF,김제청하우체국,우체국,largest_polygon_interior_point_straight_line,finance_open_proxy_Y,N,2.063,9.641,10.413,4.83,0,0,1,1,3,3,2.625,2.593,0.009,0.023,JB-474520FD61AF,김제청하우체국,우체국,2.063,1.272,ok,directed_all_outlet_reverse_multisource_dijkstra,Y,2.0,exact_nearest_node,standard_proxy,Y
5221040000,김제시,성덕면,35.8189721,126.8120819,largest_component_centroid_inside,21.342,1674,846,50.5,2.056,JB-DD5617B2F387,김제성덕우체국,우체국,2.056,김제성덕우체국,2.056,JB-DD5617B2F387,김제성덕우체국,우체국,largest_polygon_interior_point_straight_line,finance_open_proxy_Y,N,2.056,6.352,7.438,3.789,0,0,1,1,3,3,2.862,2.807,0.013,0.042,JB-DD5617B2F387,김제성덕우체국,우체국,2.056,1.392,ok,directed_all_outlet_reverse_multisource_dijkstra,Y,2.0,exact_nearest_node,standard_proxy,Y
5221041000,김제시,진봉면,35.8501967,126.7645544,largest_component_centroid_inside,30.267,2380,1329,55.8,0.89,JB-27C82B75A5BA,김제진봉우체국,우체국,0.89,김제진봉우체국,0.89,JB-27C82B75A5BA,김제진봉우체국,우체국,largest_polygon_interior_point_straight_line,finance_open_proxy_Y,N,0.89,11.618,12.362,4.925,1,1,2,2,3,3,1.617,1.375,0.141,0.101,JB-27C82B75A5BA,김제진봉우체국,우체국,0.89,1.817,ok,directed_all_outlet_reverse_multisource_dijkstra,Y,2.0,exact_nearest_node,standard_proxy,Y
5221042000,김제시,금구면,35.7809379,127.0180943,largest_component_centroid_inside,42.542,5871,2097,35.7,0.98,JB-D9B94E5DB97F,김제금구우체국,우체국,0.98,김제금구우체국,0.98,JB-D9B94E5DB97F,김제금구우체국,우체국,largest_polygon_interior_point_straight_line,finance_open_proxy_Y,N,0.98,6.611,7.223,7.237,1,1,1,1,2,2,1.39,1.342,0.028,0.021,JB-D9B94E5DB97F,김제금구우체국,우체국,0.98,1.418,ok,directed_all_outlet_reverse_multisource_dijkstra,Y,2.0,exact_nearest_node,standard_proxy,Y
5221043000,김제시,봉남면,35.7427681,126.9568086,largest_component_centroid_inside,23.77,2064,1099,53.2,1.356,JB-A9A29A96E99F,김제봉남우체국,우체국,1.356,김제봉남우체국,1.356,JB-A9A29A96E99F,김제봉남우체국,우체국,largest_polygon_interior_point_straight_line,finance_open_proxy_Y,N,1.356,8.574,8.108,3.958,0,0,1,1,4,5,1.568,1.502,0.045,0.021,JB-A9A29A96E99F,김제봉남우체국,우체국,1.356,1.156,ok,directed_all_outlet_reverse_multisource_dijkstra,Y,2.0,exact_nearest_node,standard_proxy,Y
5221044000,김제시,황산면,35.7884834,126.9607138,largest_component_centroid_inside,17.691,1837,889,48.4,1.726,JB-5C3DA2C7BFBA,김제황산우체국,우체국,1.726,김제황산우체국,1.726,JB-5C3DA2C7BFBA,김제황산우체국,우체국,largest_polygon_interior_point_straight_line,finance_open_proxy_Y,N,1.726,6.332,5.514,5.17,0,0,1,1,3,3,2.462,2.332,0.117,0.013,JB-5C3DA2C7BFBA,김제황산우체국,우체국,1.726,1.426,ok,directed_all_outlet_reverse_multisource_dijkstra,Y,2.0,exact_nearest_node,standard_proxy,Y
5221045000,김제시,금산면,35.7152119,127.0296505,largest_component_centroid_inside,67.05,4352,2048,47.1,3.095,JB-A026A3E8D6C6,지평선 (본점) 새마을금고,새마을금고,3.095,지평선 (본점) 새마을금고,3.095,JB-A026A3E8D6C6,지평선 (본점) 새마을금고,새마을금고,largest_polygon_interior_point_straight_line,finance_open_proxy_Y,N,3.165,11.913,11.197,3.095,0,0,0,0,2,2,4.196,3.994,0.196,0.007,JB-A026A3E8D6C6,지평선 (본점) 새마을금고,새마을금고,3.095,1.356,ok,directed_all_outlet_reverse_multisource_dijkstra,Y,2.0,exact_nearest_node,standard_proxy,Y
5221046000,김제시,광활면,35.8295111,126.7450737,largest_component_centroid_inside,18.379,1220,602,49.3,0.488,JB-933CB44DF80C,김제광활우체국,우체국,0.488,김제광활우체국,0.488,JB-933CB44DF80C,김제광활우체국,우체국,largest_polygon_interior_point_straight_line,finance_open_proxy_Y,N,0.488,10.929,11.747,7.15,1,1,1,1,3,3,0.772,0.657,0.079,0.037,JB-933CB44DF80C,김제광활우체국,우체국,0.488,1.582,ok,directed_all_outlet_reverse_multisource_dijkstra,Y,2.0,exact_nearest_node,standard_proxy,Y
5221051000,김제시,요촌동,35.8185449,126.8906171,largest_component_centroid_inside,10.734,10824,3116,28.8,1.136,JB-4CB2596A21D3,김제백산우체국,우체국,1.136,김제백산우체국,1.136,JB-4CB2596A21D3,김제백산우체국,우체국,largest_polygon_interior_point_straight_line,finance_open_proxy_Y,N,1.136,1.676,2.142,2.002,0,0,15,16,16,17,1.703,1.608,0.061,0.034,JB-4CB2596A21D3,김제백산우체국,우체국,1.136,1.5,ok,directed_all_outlet_reverse_multisource_dijkstra,Y,2.0,exact_nearest_node,standard_proxy,Y
5221052000,김제시,신풍동,35.7743687,126.9174202,largest_component_centroid_inside,23.142,12269,3443,28.1,2.879,JB-4AE0863FE2F4,김제하나 (신풍) 새마을금고,새마을금고,2.879,김제하나 (신풍) 새마을금고,2.621,JB-1F0BFB986276,김제역전우편취급국,우체국,largest_polygon_interior_point_straight_line,finance_open_proxy_Y,N,3.209,3.584,3.21,2.879,0,0,1,2,17,18,3.869,3.718,0.138,0.013,JB-5C3DA2C7BFBA,김제황산우체국,우체국,3.209,1.206,ok,directed_all_outlet_reverse_multisource_dijkstra,Y,2.0,exact_nearest_node,standard_proxy,Y
5221054000,김제시,검산동,35.8127508,126.9234887,largest_component_centroid_inside,14.101,11949,2796,23.4,1.831,JB-9C819D6EBA95,새만금 (본점) 새마을금고,새마을금고,1.831,새만금 (본점) 새마을금고,1.831,JB-9C819D6EBA95,새만금 (본점) 새마을금고,새마을금고,largest_polygon_interior_point_straight_line,finance_open_proxy_Y,N,2.696,3.122,2.448,1.831,0,0,5,6,16,17,2.186,2.138,0.029,0.019,JB-9C819D6EBA95,새만금 (본점) 새마을금고,새마을금고,1.831,1.194,ok,directed_all_outlet_reverse_multisource_dijkstra,Y,2.0,exact_nearest_node,standard_proxy,Y
5221058000,김제시,교월동,35.7854824,126.8639422,largest_component_centroid_inside,28.13,6339,2180,34.4,0.834,JB-EB308D754C3A,김제월촌동우체국,우체국,0.834,김제월촌동우체국,0.834,JB-EB308D754C3A,김제월촌동우체국,우체국,largest_polygon_interior_point_straight_line,finance_open_proxy_Y,N,0.834,2.491,2.876,1.728,1,1,10,10,16,17,1.143,1.005,0.038,0.099,JB-EB308D754C3A,김제월촌동우체국,우체국,0.834,1.37,ok,directed_all_outlet_reverse_multisource_dijkstra,Y,2.0,exact_nearest_node,standard_proxy,Y
5271025000,완주군,삼례읍,35.9128918,127.0844162,largest_component_centroid_inside,28.614,22332,4889,21.9,0.519,JB-351534D3C3BF,완주 (삼례) 새마을금고,새마을금고,0.519,완주 (삼례) 새마을금고,0.519,JB-351534D3C3BF,완주 (삼례) 새마을금고,새마을금고,largest_polygon_interior_point_straight_line,finance_open_proxy_Y,N,0.951,1.503,1.005,0.519,2,2,4,5,9,11,1.698,1.571,0.072,0.056,JB-351534D3C3BF,완주 (삼례) 새마을금고,새마을금고,0.519,3.275,ok,directed_all_outlet_reverse_multisource_dijkstra,Y,2.0,exact_nearest_node,standard_proxy,Y
5271025300,완주군,봉동읍,35.9501813,127.1378519,largest_component_centroid_inside,45.919,24085,4888,20.3,1.242,JB-B5E06CE72376,하나은행 전주공단,은행,1.242,하나은행 전주공단,1.242,JB-B5E06CE72376,하나은행 전주공단,은행,largest_polygon_interior_point_straight_line,finance_open_proxy_Y,N,1.855,1.242,3.098,1.984,0,0,6,7,10,11,2.141,1.911,0.157,0.073,JB-B5E06CE72376,하나은행 전주공단,은행,1.242,1.724,ok,directed_all_outlet_reverse_multisource_dijkstra,Y,2.0,exact_nearest_node,standard_proxy,Y
5271025600,완주군,용진읍,35.8973762,127.1801879,largest_component_centroid_inside,38.344,10986,3043,27.7,1.96,JB-4F99B41FD49B,NH농협은행 완주군청,은행,1.96,NH농협은행 완주군청,1.96,JB-4F99B41FD49B,NH농협은행 완주군청,은행,largest_polygon_interior_point_straight_line,finance_open_proxy_Y,N,2.849,1.96,2.915,4.729,0,0,5,5,14,14,4.223,2.213,1.992,0.018,JB-B541EA8692B2,완주용진우체국,우체국,2.849,1.482,fallback_nearest_reachable,directed_all_outlet_reverse_multisource_dijkstra,Y,2.0,nearest_directed_reachable_node_fallback,low_large_connector_fallback,N
5271032000,완주군,상관면,35.7602228,127.2297028,largest_component_centroid_inside,67.737,3962,1406,35.5,1.964,JB-63AE2BD0C914,완주상관우체국,우체국,1.964,완주상관우체국,1.964,JB-63AE2BD0C914,완주상관우체국,우체국,largest_polygon_interior_point_straight_line,finance_open_proxy_Y,N,1.964,8.866,8.835,9.054,0,0,1,1,1,1,4.431,3.75,0.657,0.024,JB-63AE2BD0C914,완주상관우체국,우체국,1.964,2.256,ok,directed_all_outlet_reverse_multisource_dijkstra,Y,2.0,exact_nearest_node,standard_proxy,Y
5271033000,완주군,이서면,35.8253927,127.0318102,largest_component_centroid_inside,32.655,15371,2888,18.8,0.905,JB-83F094FD5A72,완주이서우체국,우체국,0.905,완주이서우체국,0.905,JB-83F094FD5A72,완주이서우체국,우체국,largest_polygon_interior_point_straight_line,finance_open_proxy_Y,N,0.905,2.352,2.699,3.085,1,1,9,9,17,17,7.688,7.635,0.032,0.021,JB-D9B94E5DB97F,김제금구우체국,우체국,5.971,1.287,ok,directed_all_outlet_reverse_multisource_dijkstra,Y,2.0,exact_nearest_node,standard_proxy,Y
5271034000,완주군,소양면,35.8576215,127.2558162,largest_component_centroid_inside,94.752,5594,2493,44.6,1.992,JB-18A16BF0406B,호남제일신용협동조합 본점,신협,1.992,호남제일신용협동조합 본점,1.992,JB-18A16BF0406B,호남제일신용협동조합 본점,신협,largest_polygon_interior_point_straight_line,finance_open_proxy_Y,N,2.002,8.393,1.992,8.333,0,0,2,2,2,2,2.893,2.756,0.109,0.027,JB-18A16BF0406B,호남제일신용협동조합 본점,신협,1.992,1.453,ok,directed_all_outlet_reverse_multisource_dijkstra,Y,2.0,exact_nearest_node,standard_proxy,Y
5271035000,완주군,구이면,35.7064568,127.1195234,largest_component_centroid_inside,89.42,5508,2263,41.1,2.966,JB-0004CFAB2E52,완주구이우체국,우체국,2.966,완주구이우체국,2.966,JB-0004CFAB2E52,완주구이우체국,우체국,largest_polygon_interior_point_straight_line,finance_open_proxy_Y,N,2.966,9.069,9.09,8.782,0,0,1,1,1,1,3.72,3.662,0.033,0.025,JB-0004CFAB2E52,완주구이우체국,우체국,2.966,1.254,ok,directed_all_outlet_reverse_multisource_dijkstra,Y,2.0,exact_nearest_node,standard_proxy,Y
5271036000,완주군,고산면,35.9714242,127.2328617,largest_component_centroid_inside,69.339,4236,1784,42.1,2.144,JB-C5A132D84861,한누리 (본점) 새마을금고,새마을금고,2.144,한누리 (본점) 새마을금고,2.144,JB-C5A132D84861,한누리 (본점) 새마을금고,새마을금고,largest_polygon_interior_point_straight_line,finance_open_proxy_Y,N,2.332,9.514,2.539,2.144,0,0,3,3,3,3,3.374,3.298,0.055,0.021,JB-C5A132D84861,한누리 (본점) 새마을금고,새마을금고,2.144,1.573,ok,directed_all_outlet_reverse_multisource_dijkstra,Y,2.0,exact_nearest_node,standard_proxy,Y
5271037000,완주군,비봉면,36.0113803,127.1577469,largest_component_centroid_inside,44.472,1729,835,48.3,2.314,JB-C0F45415DE85,완주비봉우체국,우체국,2.314,완주비봉우체국,2.314,JB-C0F45415DE85,완주비봉우체국,우체국,largest_polygon_interior_point_straight_line,finance_open_proxy_Y,N,2.314,6.252,5.889,6.207,0,0,1,1,2,2,5.79,5.622,0.139,0.029,JB-C0F45415DE85,완주비봉우체국,우체국,2.314,2.502,ok,directed_all_outlet_reverse_multisource_dijkstra,Y,2.0,exact_nearest_node,standard_proxy,Y
5271038000,완주군,운주면,36.0715338,127.3153541,largest_component_centroid_inside,93.365,1858,966,52.0,3.996,JB-057108BDABE4,완주운주우체국,우체국,3.996,완주운주우체국,3.996,JB-057108BDABE4,완주운주우체국,우체국,largest_polygon_interior_point_straight_line,finance_open_proxy_Y,N,3.996,20.885,14.649,14.419,0,0,0,0,1,1,6.119,5.971,0.102,0.046,JB-057108BDABE4,완주운주우체국,우체국,3.996,1.532,ok,directed_all_outlet_reverse_multisource_dijkstra,Y,2.0,exact_nearest_node,standard_proxy,Y
5271039000,완주군,화산면,36.050685,127.1989173,largest_component_centroid_inside,70.782,2487,1127,45.3,1.731,JB-B5B468E36D89,완주화산우체국,우체국,1.731,완주화산우체국,1.731,JB-B5B468E36D89,완주화산우체국,우체국,largest_polygon_interior_point_straight_line,finance_open_proxy_Y,N,1.731,11.879,8.469,8.547,0,0,1,1,1,1,2.771,2.279,0.476,0.017,JB-B5B468E36D89,완주화산우체국,우체국,1.731,1.601,ok,directed_all_outlet_reverse_multisource_dijkstra,Y,2.0,exact_nearest_node,standard_proxy,Y
5271040000,완주군,동상면,35.9393172,127.3027174,largest_component_centroid_inside,105.233,1036,484,46.7,0.623,JB-FC4C8210528E,완주동상우체국,우체국,0.623,완주동상우체국,0.623,JB-FC4C8210528E,완주동상우체국,우체국,largest_polygon_interior_point_straight_line,finance_open_proxy_Y,N,0.623,13.327,9.639,9.264,1,1,1,1,1,1,0.862,0.31,0.532,0.02,JB-FC4C8210528E,완주동상우체국,우체국,0.623,1.383,ok,directed_all_outlet_reverse_multisource_dijkstra,Y,2.0,exact_nearest_node,standard_proxy,Y
5271041000,완주군,경천면,36.0387712,127.2759,largest_component_centroid_inside,37.439,918,494,53.8,5.937,JB-057108BDABE4,완주운주우체국,우체국,5.937,완주운주우체국,2.996,JB-3E3B9864B5F5,완주경천우편취급국,우체국,largest_polygon_interior_point_straight_line,finance_open_proxy_Y,N,5.937,15.895,9.567,9.344,0,0,0,1,0,1,9.068,8.971,0.051,0.046,JB-057108BDABE4,완주운주우체국,우체국,5.937,1.527,ok,directed_all_outlet_reverse_multisource_dijkstra,Y,2.0,exact_nearest_node,standard_proxy,Y
5272025000,진안군,진안읍,35.7766649,127.4445253,largest_component_centroid_inside,115.152,9782,3427,35.0,2.125,JB-B4699649A7AB,진안우체국,우체국,2.125,진안우체국,2.125,JB-B4699649A7AB,진안우체국,우체국,largest_polygon_interior_point_straight_line,finance_open_proxy_Y,N,2.125,2.207,2.415,2.162,0,0,7,7,7,7,3.51,3.208,0.272,0.03,JB-B4699649A7AB,진안우체국,우체국,2.125,1.652,ok,directed_all_outlet_reverse_multisource_dijkstra,Y,2.0,exact_nearest_node,standard_proxy,Y
5272031000,진안군,용담면,35.9512207,127.4901652,largest_component_centroid_inside,53.85,878,460,52.4,2.952,JB-8AF233DADD32,진안용담우체국,우체국,2.952,진안용담우체국,2.952,JB-8AF233DADD32,진안용담우체국,우체국,largest_polygon_interior_point_straight_line,finance_open_proxy_Y,N,2.952,16.513,16.729,16.355,0,0,1,1,1,1,7.5,7.394,0.074,0.032,JB-8AF233DADD32,진안용담우체국,우체국,2.952,2.54,ok,directed_all_outlet_reverse_multisource_dijkstra,Y,2.0,exact_nearest_node,standard_proxy,Y
5272032000,진안군,안천면,35.9021822,127.5469251,largest_component_centroid_inside,36.916,1037,524,50.5,0.589,JB-6705195F66D1,진안안천우체국,우체국,0.589,진안안천우체국,0.589,JB-6705195F66D1,진안안천우체국,우체국,largest_polygon_interior_point_straight_line,finance_open_proxy_Y,N,0.589,15.48,10.446,15.344,1,1,1,1,1,1,0.769,0.575,0.169,0.026,JB-6705195F66D1,진안안천우체국,우체국,0.589,1.306,ok,directed_all_outlet_reverse_multisource_dijkstra,Y,2.0,exact_nearest_node,standard_proxy,Y
5272033000,진안군,동향면,35.836486,127.5741142,largest_component_centroid_inside,52.862,1334,669,50.1,0.579,JB-9A814D662F6A,진안동향우체국,우체국,0.579,진안동향우체국,0.579,JB-9A814D662F6A,진안동향우체국,우체국,largest_polygon_interior_point_straight_line,finance_open_proxy_Y,N,0.579,14.027,7.912,11.726,1,1,1,1,1,1,1.09,1.054,0.014,0.022,JB-9A814D662F6A,진안동향우체국,우체국,0.579,1.882,ok,directed_all_outlet_reverse_multisource_dijkstra,Y,2.0,exact_nearest_node,standard_proxy,Y
5272034000,진안군,상전면,35.8477711,127.4974835,largest_component_centroid_inside,54.406,840,416,49.5,2.766,JB-B407C36DC52D,진안상전우체국,우체국,2.766,진안상전우체국,2.766,JB-B407C36DC52D,진안상전우체국,우체국,largest_polygon_interior_point_straight_line,finance_open_proxy_Y,N,2.766,8.791,9.086,8.738,0,0,1,1,1,1,7.181,5.939,1.227,0.015,JB-B407C36DC52D,진안상전우체국,우체국,2.766,2.597,ok,directed_all_outlet_reverse_multisource_dijkstra,Y,2.0,exact_nearest_node,standard_proxy,Y
5272035000,진안군,백운면,35.6811112,127.4279983,largest_component_centroid_inside,85.675,1992,890,44.7,2.991,JB-55A3DA1CB512,진안백운우체국,우체국,2.991,진안백운우체국,2.991,JB-55A3DA1CB512,진안백운우체국,우체국,largest_polygon_interior_point_straight_line,finance_open_proxy_Y,N,2.991,9.189,8.937,7.848,0,0,1,1,1,1,3.304,3.257,0.021,0.025,JB-55A3DA1CB512,진안백운우체국,우체국,2.991,1.105,ok,directed_all_outlet_reverse_multisource_dijkstra,Y,2.0,exact_nearest_node,standard_proxy,Y
5272036000,진안군,성수면,35.7214964,127.3187444,largest_component_centroid_inside,71.203,1726,843,48.8,1.487,JB-53B442837899,진안성수우체국,우체국,1.487,진안성수우체국,1.487,JB-53B442837899,진안성수우체국,우체국,largest_polygon_interior_point_straight_line,finance_open_proxy_Y,N,1.487,11.898,12.312,4.817,0,0,1,1,3,3,1.89,1.654,0.22,0.016,JB-53B442837899,진안성수우체국,우체국,1.487,1.27,ok,directed_all_outlet_reverse_multisource_dijkstra,Y,2.0,exact_nearest_node,standard_proxy,Y
5272037000,진안군,마령면,35.7464138,127.3614003,largest_component_centroid_inside,41.167,1698,852,50.2,1.615,JB-EA7DD26419ED,진안 (마령) 새마을금고,새마을금고,1.615,진안 (마령) 새마을금고,1.615,JB-EA7DD26419ED,진안 (마령) 새마을금고,새마을금고,largest_polygon_interior_point_straight_line,finance_open_proxy_Y,N,1.679,7.582,7.582,1.615,0,0,2,2,2,2,3.531,2.746,0.756,0.03,JB-EA7DD26419ED,진안 (마령) 새마을금고,새마을금고,1.615,2.186,ok,directed_all_outlet_reverse_multisource_dijkstra,Y,2.0,exact_nearest_node,standard_proxy,Y
5272038000,진안군,부귀면,35.8387093,127.3599954,largest_component_centroid_inside,104.321,2915,1187,40.7,0.222,JB-D76B3F7DB4B2,진안부귀우체국,우체국,0.222,진안부귀우체국,0.222,JB-D76B3F7DB4B2,진안부귀우체국,우체국,largest_polygon_interior_point_straight_line,finance_open_proxy_Y,N,0.222,7.866,7.866,7.873,1,1,1,1,1,1,0.453,0.384,0.049,0.02,JB-D76B3F7DB4B2,진안부귀우체국,우체국,0.222,2.044,ok,directed_all_outlet_reverse_multisource_dijkstra,Y,2.0,exact_nearest_node,standard_proxy,Y
5272039000,진안군,정천면,35.8906985,127.437919,largest_component_centroid_inside,76.513,1085,468,43.1,2.194,JB-798AC59D0539,진안정천우체국,우체국,2.194,진안정천우체국,2.194,JB-798AC59D0539,진안정천우체국,우체국,largest_polygon_interior_point_straight_line,finance_open_proxy_Y,N,2.194,11.032,11.121,11.024,0,0,1,1,1,1,3.683,3.428,0.229,0.025,JB-798AC59D0539,진안정천우체국,우체국,2.194,1.679,ok,directed_all_outlet_reverse_multisource_dijkstra,Y,2.0,exact_nearest_node,standard_proxy,Y
5272040000,진안군,주천면,35.9670628,127.4000915,largest_component_centroid_inside,94.708,1402,778,55.5,2.625,JB-18261961E624,진안주천우체국,우체국,2.625,진안주천우체국,2.625,JB-18261961E624,진안주천우체국,우체국,largest_polygon_interior_point_straight_line,finance_open_proxy_Y,N,2.625,19.661,17.582,17.189,0,0,1,1,1,1,6.121,5.346,0.749,0.026,JB-18261961E624,진안주천우체국,우체국,2.625,2.332,ok,directed_all_outlet_reverse_multisource_dijkstra,Y,2.0,exact_nearest_node,standard_proxy,Y
5273025000,무주군,무주읍,36.0115549,127.6557345,largest_component_centroid_inside,79.2,9417,2730,29.0,0.629,JB-8EA566BA0772,무주 (본점) 새마을금고,새마을금고,0.629,무주 (본점) 새마을금고,0.629,JB-8EA566BA0772,무주 (본점) 새마을금고,새마을금고,largest_polygon_interior_point_straight_line,finance_open_proxy_Y,N,0.761,0.667,0.799,0.629,6,6,6,6,6,6,0.792,0.65,0.103,0.039,JB-8EA566BA0772,무주 (본점) 새마을금고,새마을금고,0.629,1.258,ok,directed_all_outlet_reverse_multisource_dijkstra,Y,2.0,exact_nearest_node,standard_proxy,Y
5273031000,무주군,무풍면,35.9326321,127.8475343,largest_component_centroid_inside,89.858,2101,1042,49.6,4.074,JB-329C6618C98F,무주무풍우체국,우체국,4.074,무주무풍우체국,4.074,JB-329C6618C98F,무주무풍우체국,우체국,largest_polygon_interior_point_straight_line,finance_open_proxy_Y,N,4.074,18.619,10.133,10.07,0,0,0,0,1,1,7.179,6.497,0.664,0.018,JB-329C6618C98F,무주무풍우체국,우체국,4.074,1.762,ok,directed_all_outlet_reverse_multisource_dijkstra,Y,2.0,exact_nearest_node,standard_proxy,Y
5273032000,무주군,설천면,35.9543296,127.7824165,largest_component_centroid_inside,159.328,3880,1545,39.8,5.989,JB-2493A47B99B6,무주설천우체국,우체국,5.989,무주설천우체국,5.989,JB-2493A47B99B6,무주설천우체국,우체국,largest_polygon_interior_point_straight_line,finance_open_proxy_Y,N,5.989,12.301,6.16,6.114,0,0,0,0,0,0,8.807,7.194,1.591,0.023,JB-2493A47B99B6,무주설천우체국,우체국,5.989,1.471,ok,directed_all_outlet_reverse_multisource_dijkstra,Y,2.0,exact_nearest_node,standard_proxy,Y
5273033000,무주군,적상면,35.9340676,127.6718952,largest_component_centroid_inside,132.516,2571,1316,51.2,1.503,JB-4B9F1DAD5690,무주적상우체국,우체국,1.503,무주적상우체국,1.503,JB-4B9F1DAD5690,무주적상우체국,우체국,largest_polygon_interior_point_straight_line,finance_open_proxy_Y,N,1.503,8.092,7.734,7.276,0,0,1,1,1,1,1.868,1.78,0.065,0.023,JB-4B9F1DAD5690,무주적상우체국,우체국,1.503,1.243,ok,directed_all_outlet_reverse_multisource_dijkstra,Y,2.0,exact_nearest_node,standard_proxy,Y
5273034000,무주군,안성면,35.8470988,127.6789821,largest_component_centroid_inside,96.609,4018,1962,48.8,3.086,JB-0D8434D7E671,무주안성신용협동조합 본점,신협,3.086,무주안성신용협동조합 본점,3.086,JB-0D8434D7E671,무주안성신용협동조합 본점,신협,largest_polygon_interior_point_straight_line,finance_open_proxy_Y,N,3.2,17.779,3.086,6.697,0,0,0,0,2,2,3.328,3.229,0.057,0.042,JB-0D8434D7E671,무주안성신용협동조합 본점,신협,3.086,1.078,ok,directed_all_outlet_reverse_multisource_dijkstra,Y,2.0,exact_nearest_node,standard_proxy,Y
5273035000,무주군,부남면,35.9689503,127.5697908,largest_component_centroid_inside,69.415,1339,761,56.8,0.932,JB-C2A2B5B215AB,무주부남우체국,우체국,0.932,무주부남우체국,0.932,JB-C2A2B5B215AB,무주부남우체국,우체국,largest_polygon_interior_point_straight_line,finance_open_proxy_Y,N,0.932,9.171,9.381,9.015,1,1,1,1,2,2,0.955,0.307,0.633,0.015,JB-C2A2B5B215AB,무주부남우체국,우체국,0.932,1.025,ok,directed_all_outlet_reverse_multisource_dijkstra,Y,2.0,exact_nearest_node,standard_proxy,Y
5274025000,장수군,장수읍,35.6241324,127.5123859,largest_component_centroid_inside,98.635,7263,2353,32.4,2.642,JB-D12BBEF9984A,NH농협은행 장수군지부,은행,2.642,NH농협은행 장수군지부,2.642,JB-D12BBEF9984A,NH농협은행 장수군지부,은행,largest_polygon_interior_point_straight_line,finance_open_proxy_Y,N,2.89,2.642,2.753,2.693,0,0,5,5,5,5,3.228,3.104,0.1,0.024,JB-4A8AF7D4B53D,장수 (본점) 새마을금고,새마을금고,2.693,1.198,ok,directed_all_outlet_reverse_multisource_dijkstra,Y,2.0,exact_nearest_node,standard_proxy,Y
5274031000,장수군,산서면,35.5820521,127.4091828,largest_component_centroid_inside,47.614,1911,944,49.4,1.104,JB-0AC38A67B5A3,장수산서우체국,우체국,1.104,장수산서우체국,1.104,JB-0AC38A67B5A3,장수산서우체국,우체국,largest_polygon_interior_point_straight_line,finance_open_proxy_Y,N,1.104,11.55,12.323,1.277,0,0,2,2,2,2,1.353,1.324,0.011,0.019,JB-0AC38A67B5A3,장수산서우체국,우체국,1.104,1.226,ok,directed_all_outlet_reverse_multisource_dijkstra,Y,2.0,exact_nearest_node,standard_proxy,Y
5274032000,장수군,번암면,35.5553027,127.5434904,largest_component_centroid_inside,126.898,2182,1174,53.8,2.721,JB-317D9ECC4669,장수번암우체국,우체국,2.721,장수번암우체국,2.721,JB-317D9ECC4669,장수번암우체국,우체국,largest_polygon_interior_point_straight_line,finance_open_proxy_Y,N,2.721,10.387,10.599,8.213,0,0,1,1,1,1,5.225,4.563,0.633,0.028,JB-317D9ECC4669,장수번암우체국,우체국,2.721,1.921,ok,directed_all_outlet_reverse_multisource_dijkstra,Y,2.0,exact_nearest_node,standard_proxy,Y
5274033500,장수군,장계면,35.7255018,127.6187888,largest_component_centroid_inside,66.073,4194,1554,37.1,3.274,JB-7760890D77A7,무궁화신용협동조합 본점,신협,3.274,무궁화신용협동조합 본점,3.274,JB-7760890D77A7,무궁화신용협동조합 본점,신협,largest_polygon_interior_point_straight_line,finance_open_proxy_Y,N,3.332,12.379,3.274,3.339,0,0,0,0,4,4,4.593,4.001,0.532,0.061,JB-6508517980DC,장계 (본점) 새마을금고,새마을금고,3.339,1.376,ok,directed_all_outlet_reverse_multisource_dijkstra,Y,2.0,exact_nearest_node,standard_proxy,Y
5274034000,장수군,천천면,35.732713,127.5221298,largest_component_centroid_inside,85.021,2008,1055,52.5,1.193,JB-B84C818A0632,장수천천우체국,우체국,1.193,장수천천우체국,1.193,JB-B84C818A0632,장수천천우체국,우체국,largest_polygon_interior_point_straight_line,finance_open_proxy_Y,N,1.193,9.53,5.53,5.45,0,0,1,1,1,1,2.081,1.879,0.18,0.022,JB-B84C818A0632,장수천천우체국,우체국,1.193,1.744,ok,directed_all_outlet_reverse_multisource_dijkstra,Y,2.0,exact_nearest_node,standard_proxy,Y
5274035000,장수군,계남면,35.6869455,127.5799454,largest_component_centroid_inside,49.717,2098,917,43.7,1.832,JB-2461AAB6ACDD,장수계남우체국,우체국,1.832,장수계남우체국,1.832,JB-2461AAB6ACDD,장수계남우체국,우체국,largest_polygon_interior_point_straight_line,finance_open_proxy_Y,N,1.832,6.893,5.01,4.932,0,0,1,1,3,3,2.336,1.897,0.408,0.031,JB-2461AAB6ACDD,장수계남우체국,우체국,1.832,1.275,ok,directed_all_outlet_reverse_multisource_dijkstra,Y,2.0,exact_nearest_node,standard_proxy,Y
5274036000,장수군,계북면,35.7896574,127.631092,largest_component_centroid_inside,54.893,1513,758,50.1,1.652,JB-38F8CC6AA529,장수계북우체국,우체국,1.652,장수계북우체국,1.652,JB-38F8CC6AA529,장수계북우체국,우체국,largest_polygon_interior_point_straight_line,finance_open_proxy_Y,N,1.652,18.26,7.73,7.837,0,0,1,1,1,1,2.09,1.485,0.575,0.031,JB-38F8CC6AA529,장수계북우체국,우체국,1.652,1.265,ok,directed_all_outlet_reverse_multisource_dijkstra,Y,2.0,exact_nearest_node,standard_proxy,Y
5275025000,임실군,임실읍,35.5938466,127.2674046,largest_component_centroid_inside,66.007,7058,2054,29.1,2.376,JB-362E45982A5C,NH농협은행 임실군지부,은행,2.376,NH농협은행 임실군지부,2.376,JB-362E45982A5C,NH농협은행 임실군지부,은행,largest_polygon_interior_point_straight_line,finance_open_proxy_Y,N,2.641,2.376,17.316,2.764,0,0,3,3,4,4,2.896,2.828,0.024,0.044,JB-362E45982A5C,NH농협은행 임실군지부,은행,2.376,1.219,ok,directed_all_outlet_reverse_multisource_dijkstra,Y,2.0,exact_nearest_node,standard_proxy,Y
5275031000,임실군,청웅면,35.5654097,127.2078911,largest_component_centroid_inside,34.709,1211,642,53.0,0.721,JB-A67210F7B550,임실청웅우체국,우체국,0.721,임실청웅우체국,0.721,JB-A67210F7B550,임실청웅우체국,우체국,largest_polygon_interior_point_straight_line,finance_open_proxy_Y,N,0.721,8.284,14.275,5.747,1,1,1,1,1,1,0.929,0.884,0.007,0.037,JB-A67210F7B550,임실청웅우체국,우체국,0.721,1.288,ok,directed_all_outlet_reverse_multisource_dijkstra,Y,2.0,exact_nearest_node,standard_proxy,Y
5275032000,임실군,운암면,35.6124989,127.1515483,largest_component_centroid_inside,75.921,1532,752,49.1,5.27,JB-A58D1BCB9575,임실운암우체국,우체국,5.27,임실운암우체국,5.27,JB-A58D1BCB9575,임실운암우체국,우체국,largest_polygon_interior_point_straight_line,finance_open_proxy_Y,N,5.27,11.425,19.567,9.24,0,0,0,0,0,0,9.874,9.14,0.697,0.037,JB-A67210F7B550,임실청웅우체국,우체국,6.585,1.499,ok,directed_all_outlet_reverse_multisource_dijkstra,Y,2.0,exact_nearest_node,standard_proxy,Y
5275033000,임실군,신평면,35.6475075,127.2325385,largest_component_centroid_inside,33.475,1370,707,51.6,1.193,JB-F3968E4252FF,임실신평우체국,우체국,1.193,임실신평우체국,1.193,JB-F3968E4252FF,임실신평우체국,우체국,largest_polygon_interior_point_straight_line,finance_open_proxy_Y,N,1.193,5.584,18.001,4.503,0,0,1,1,3,3,2.426,2.372,0.048,0.006,JB-F3968E4252FF,임실신평우체국,우체국,1.193,2.034,ok,directed_all_outlet_reverse_multisource_dijkstra,Y,2.0,exact_nearest_node,standard_proxy,Y
5275034000,임실군,성수면,35.6271579,127.3602397,largest_component_centroid_inside,59.719,1546,808,52.3,2.541,JB-039558304579,임실성수우체국,우체국,2.541,임실성수우체국,2.541,JB-039558304579,임실성수우체국,우체국,largest_polygon_interior_point_straight_line,finance_open_proxy_Y,N,2.541,6.533,14.484,5.694,0,0,1,1,1,1,3.341,2.63,0.684,0.027,JB-039558304579,임실성수우체국,우체국,2.541,1.315,ok,directed_all_outlet_reverse_multisource_dijkstra,Y,2.0,exact_nearest_node,standard_proxy,Y
5275035500,임실군,오수면,35.5414965,127.3187859,largest_component_centroid_inside,39.748,3347,1645,49.1,0.762,JB-C28F384FB696,임실오수우체국,우체국,0.762,임실오수우체국,0.762,JB-C28F384FB696,임실오수우체국,우체국,largest_polygon_interior_point_straight_line,finance_open_proxy_Y,N,0.762,8.811,13.375,0.927,2,2,2,2,3,3,0.946,0.815,0.11,0.02,JB-C28F384FB696,임실오수우체국,우체국,0.762,1.241,ok,directed_all_outlet_reverse_multisource_dijkstra,Y,2.0,exact_nearest_node,standard_proxy,Y
5275036000,임실군,신덕면,35.691049,127.1802216,largest_component_centroid_inside,65.309,1246,640,51.4,0.738,JB-437627BFFBBC,임실신덕우체국,우체국,0.738,임실신덕우체국,0.738,JB-437627BFFBBC,임실신덕우체국,우체국,largest_polygon_interior_point_straight_line,finance_open_proxy_Y,N,0.738,11.455,11.6,8.303,1,1,1,1,2,2,0.915,0.839,0.06,0.016,JB-437627BFFBBC,임실신덕우체국,우체국,0.738,1.24,ok,directed_all_outlet_reverse_multisource_dijkstra,Y,2.0,exact_nearest_node,standard_proxy,Y
5275037000,임실군,삼계면,35.5085834,127.2657405,largest_component_centroid_inside,55.528,1380,805,58.3,0.838,JB-6E27CCC670BF,임실삼계우체국,우체국,0.838,임실삼계우체국,0.838,JB-6E27CCC670BF,임실삼계우체국,우체국,largest_polygon_interior_point_straight_line,finance_open_proxy_Y,N,0.838,11.711,8.003,6.541,1,1,1,1,1,1,1.487,1.086,0.379,0.021,JB-6E27CCC670BF,임실삼계우체국,우체국,0.838,1.774,ok,directed_all_outlet_reverse_multisource_dijkstra,Y,2.0,exact_nearest_node,standard_proxy,Y
5275038000,임실군,관촌면,35.6955968,127.2821575,largest_component_centroid_inside,52.952,3002,1351,45.0,2.609,JB-7D64EEA0045C,임실 (관촌) 새마을금고,새마을금고,2.609,임실 (관촌) 새마을금고,2.609,JB-7D64EEA0045C,임실 (관촌) 새마을금고,새마을금고,largest_polygon_interior_point_straight_line,finance_open_proxy_Y,N,2.718,8.732,16.693,2.609,0,0,2,2,3,3,3.191,2.891,0.282,0.017,JB-7D64EEA0045C,임실 (관촌) 새마을금고,새마을금고,2.609,1.223,ok,directed_all_outlet_reverse_multisource_dijkstra,Y,2.0,exact_nearest_node,standard_proxy,Y
5275039000,임실군,강진면,35.5449692,127.1411423,largest_component_centroid_inside,53.045,1375,666,48.4,2.518,JB-40F938E32A4A,임실 (강덕) 새마을금고,새마을금고,2.518,임실 (강덕) 새마을금고,2.518,JB-40F938E32A4A,임실 (강덕) 새마을금고,새마을금고,largest_polygon_interior_point_straight_line,finance_open_proxy_Y,N,2.67,14.525,14.735,2.518,0,0,2,2,3,3,3.787,3.571,0.188,0.028,JB-40F938E32A4A,임실 (강덕) 새마을금고,새마을금고,2.518,1.504,ok,directed_all_outlet_reverse_multisource_dijkstra,Y,2.0,exact_nearest_node,standard_proxy,Y
5275040000,임실군,덕치면,35.4994492,127.170793,largest_component_centroid_inside,41.955,1111,565,50.9,1.679,JB-67926F8A5743,임실덕치우체국,우체국,1.679,임실덕치우체국,1.679,JB-67926F8A5743,임실덕치우체국,우체국,largest_polygon_interior_point_straight_line,finance_open_proxy_Y,N,1.679,14.14,9.134,3.474,0,0,1,1,3,3,2.986,1.641,1.307,0.038,JB-67926F8A5743,임실덕치우체국,우체국,1.679,1.778,ok,directed_all_outlet_reverse_multisource_dijkstra,Y,2.0,exact_nearest_node,standard_proxy,Y
5275041000,임실군,지사면,35.5792451,127.3538406,largest_component_centroid_inside,17.819,1164,563,48.4,1.892,JB-340FD279E0C7,임실지사우체국,우체국,1.892,임실지사우체국,1.892,JB-340FD279E0C7,임실지사우체국,우체국,largest_polygon_interior_point_straight_line,finance_open_proxy_Y,N,1.892,7.228,16.744,3.81,0,0,1,1,4,4,2.55,2.355,0.175,0.019,JB-340FD279E0C7,임실지사우체국,우체국,1.892,1.348,ok,directed_all_outlet_reverse_multisource_dijkstra,Y,2.0,exact_nearest_node,standard_proxy,Y
5277025000,순창군,순창읍,35.3702796,127.1335333,largest_component_centroid_inside,21.135,10847,2603,24.0,0.589,JB-972EAED20C51,NH농협은행 순창군청,은행,0.589,NH농협은행 순창군청,0.589,JB-972EAED20C51,NH농협은행 순창군청,은행,largest_polygon_interior_point_straight_line,finance_open_proxy_Y,N,0.898,0.589,0.836,0.97,6,6,6,6,8,8,1.589,1.391,0.188,0.01,JB-14CF657A378F,순창신용협동조합 본점,신협,0.836,1.901,ok,directed_all_outlet_reverse_multisource_dijkstra,Y,2.0,exact_nearest_node,standard_proxy,Y
5277031000,순창군,인계면,35.4227677,127.1589559,largest_component_centroid_inside,36.262,1503,701,46.6,5.186,JB-CFB1FA5E45A5,순창적성우체국,우체국,5.186,순창적성우체국,5.186,JB-CFB1FA5E45A5,순창적성우체국,우체국,largest_polygon_interior_point_straight_line,finance_open_proxy_Y,N,5.186,5.578,5.803,5.361,0,0,0,0,0,0,6.58,6.081,0.44,0.058,JB-0E0298EF2C36,순창 (본점) 새마을금고,새마을금고,5.361,1.227,ok,directed_all_outlet_reverse_multisource_dijkstra,Y,2.0,exact_nearest_node,standard_proxy,Y
5277032000,순창군,동계면,35.4563265,127.2493618,largest_component_centroid_inside,57.015,1932,981,50.8,2.03,JB-8586DDA9FFC9,동계신용협동조합 본점,신협,2.03,동계신용협동조합 본점,2.03,JB-8586DDA9FFC9,동계신용협동조합 본점,신협,largest_polygon_interior_point_straight_line,finance_open_proxy_Y,N,2.079,12.915,2.03,11.384,0,0,2,2,2,2,2.482,2.253,0.19,0.039,JB-8586DDA9FFC9,동계신용협동조합 본점,신협,2.03,1.223,ok,directed_all_outlet_reverse_multisource_dijkstra,Y,2.0,exact_nearest_node,standard_proxy,Y
5277033000,순창군,풍산면,35.332865,127.1424567,largest_component_centroid_inside,28.216,1584,805,50.8,0.594,JB-FA4B968A7783,순창풍산우체국,우체국,0.594,순창풍산우체국,0.594,JB-FA4B968A7783,순창풍산우체국,우체국,largest_polygon_interior_point_straight_line,finance_open_proxy_Y,N,0.594,4.595,4.391,4.911,1,1,1,1,7,7,0.932,0.812,0.109,0.011,JB-FA4B968A7783,순창풍산우체국,우체국,0.594,1.568,ok,directed_all_outlet_reverse_multisource_dijkstra,Y,2.0,exact_nearest_node,standard_proxy,Y
5277034000,순창군,금과면,35.3335565,127.084166,largest_component_centroid_inside,27.31,1767,887,50.2,2.224,JB-DCE5511DB9D8,순창금과우체국,우체국,2.224,순창금과우체국,2.224,JB-DCE5511DB9D8,순창금과우체국,우체국,largest_polygon_interior_point_straight_line,finance_open_proxy_Y,N,2.224,6.641,6.819,7.022,0,0,1,1,1,1,2.889,2.793,0.04,0.056,JB-DCE5511DB9D8,순창금과우체국,우체국,2.224,1.299,ok,directed_all_outlet_reverse_multisource_dijkstra,Y,2.0,exact_nearest_node,standard_proxy,Y
5277035000,순창군,팔덕면,35.394402,127.0851816,largest_component_centroid_inside,40.282,1438,672,46.7,0.916,JB-2D6D788D1A0D,순창팔덕우체국,우체국,0.916,순창팔덕우체국,0.916,JB-2D6D788D1A0D,순창팔덕우체국,우체국,largest_polygon_interior_point_straight_line,finance_open_proxy_Y,N,0.916,5.239,5.737,5.365,1,1,1,1,2,2,2.564,2.251,0.279,0.034,JB-2D6D788D1A0D,순창팔덕우체국,우체국,0.916,2.8,ok,directed_all_outlet_reverse_multisource_dijkstra,Y,2.0,exact_nearest_node,standard_proxy,Y
5277036000,순창군,쌍치면,35.5048919,126.9920286,largest_component_centroid_inside,78.509,1954,920,47.1,1.028,JB-2DBB452C1A05,쌍치 (본점) 새마을금고,새마을금고,1.028,쌍치 (본점) 새마을금고,1.028,JB-2DBB452C1A05,쌍치 (본점) 새마을금고,새마을금고,largest_polygon_interior_point_straight_line,finance_open_proxy_Y,N,1.184,12.849,14.088,1.028,0,0,2,2,2,2,1.29,0.839,0.433,0.018,JB-2DBB452C1A05,쌍치 (본점) 새마을금고,새마을금고,1.028,1.255,ok,directed_all_outlet_reverse_multisource_dijkstra,Y,2.0,exact_nearest_node,standard_proxy,Y
5277037000,순창군,복흥면,35.4453256,126.9360483,largest_component_centroid_inside,73.681,2070,955,46.1,1.435,JB-84BA3D327E33,순창복흥우체국,우체국,1.435,순창복흥우체국,1.435,JB-84BA3D327E33,순창복흥우체국,우체국,largest_polygon_interior_point_straight_line,finance_open_proxy_Y,N,1.435,14.293,15.254,8.517,0,0,1,1,1,1,3.491,2.912,0.544,0.035,JB-84BA3D327E33,순창복흥우체국,우체국,1.435,2.432,ok,directed_all_outlet_reverse_multisource_dijkstra,Y,2.0,exact_nearest_node,standard_proxy,Y
5277038000,순창군,적성면,35.4236582,127.2079176,largest_component_centroid_inside,32.703,1241,624,50.3,2.974,JB-CFB1FA5E45A5,순창적성우체국,우체국,2.974,순창적성우체국,2.974,JB-CFB1FA5E45A5,순창적성우체국,우체국,largest_polygon_interior_point_straight_line,finance_open_proxy_Y,N,2.974,8.04,3.415,8.025,0,0,1,1,3,3,4.068,3.845,0.193,0.031,JB-CFB1FA5E45A5,순창적성우체국,우체국,2.974,1.368,ok,directed_all_outlet_reverse_multisource_dijkstra,Y,2.0,exact_nearest_node,standard_proxy,Y
5277039000,순창군,유등면,35.3742571,127.1875759,largest_component_centroid_inside,17.456,1025,541,52.8,3.055,JB-CFB1FA5E45A5,순창적성우체국,우체국,3.055,순창적성우체국,3.055,JB-CFB1FA5E45A5,순창적성우체국,우체국,largest_polygon_interior_point_straight_line,finance_open_proxy_Y,N,3.055,4.023,4.102,4.291,0,0,0,0,8,8,5.087,5.022,0.036,0.029,JB-B3C811BFDACC,NH농협은행 순창군지부,은행,4.023,1.264,ok,directed_all_outlet_reverse_multisource_dijkstra,Y,2.0,exact_nearest_node,standard_proxy,Y
5277040000,순창군,구림면,35.4630097,127.0870858,largest_component_centroid_inside,84.332,2223,1142,51.4,1.764,JB-1AC8B05EE4D6,순창구림우체국,우체국,1.764,순창구림우체국,1.764,JB-1AC8B05EE4D6,순창구림우체국,우체국,largest_polygon_interior_point_straight_line,finance_open_proxy_Y,N,1.764,10.857,11.258,8.759,0,0,1,1,1,1,2.028,1.758,0.243,0.027,JB-1AC8B05EE4D6,순창구림우체국,우체국,1.764,1.15,ok,directed_all_outlet_reverse_multisource_dijkstra,Y,2.0,exact_nearest_node,standard_proxy,Y
5279025000,고창군,고창읍,35.4320854,126.7039887,largest_component_centroid_inside,42.387,20494,5535,27.0,0.417,JB-BFA592A47AEA,NH농협은행 고창군지부,은행,0.417,NH농협은행 고창군지부,0.417,JB-BFA592A47AEA,NH농협은행 고창군지부,은행,largest_polygon_interior_point_straight_line,finance_open_proxy_Y,N,0.602,0.417,0.618,0.464,6,7,6,7,7,8,0.497,0.427,0.05,0.021,JB-640295149153,NH농협은행 고창군청,은행,0.447,1.112,ok,directed_all_outlet_reverse_multisource_dijkstra,Y,2.0,exact_nearest_node,standard_proxy,Y
5279031000,고창군,고수면,35.3901437,126.6814525,largest_component_centroid_inside,45.426,2194,1090,49.7,2.106,JB-92E4A290ECB9,고창고수우체국,우체국,2.106,고창고수우체국,2.106,JB-92E4A290ECB9,고창고수우체국,우체국,largest_polygon_interior_point_straight_line,finance_open_proxy_Y,N,2.106,5.199,4.964,5.263,0,0,1,1,3,3,2.717,2.201,0.496,0.02,JB-92E4A290ECB9,고창고수우체국,우체국,2.106,1.29,ok,directed_all_outlet_reverse_multisource_dijkstra,Y,2.0,exact_nearest_node,standard_proxy,Y
5279032000,고창군,아산면,35.4672441,126.6114498,largest_component_centroid_inside,74.308,2393,1211,50.6,3.759,JB-5097BBDEEB24,고창아산우체국,우체국,3.759,고창아산우체국,3.759,JB-5097BBDEEB24,고창아산우체국,우체국,largest_polygon_interior_point_straight_line,finance_open_proxy_Y,N,3.759,8.599,6.525,6.451,0,0,0,0,1,1,4.59,4.15,0.418,0.022,JB-5097BBDEEB24,고창아산우체국,우체국,3.759,1.221,ok,directed_all_outlet_reverse_multisource_dijkstra,Y,2.0,exact_nearest_node,standard_proxy,Y
5279033000,고창군,무장면,35.4119765,126.5749151,largest_component_centroid_inside,43.302,2610,1240,47.5,1.383,JB-14B74DB27F8C,무장신용협동조합 본점,신협,1.383,무장신용협동조합 본점,1.383,JB-14B74DB27F8C,무장신용협동조합 본점,신협,largest_polygon_interior_point_straight_line,finance_open_proxy_Y,N,1.435,11.418,1.383,6.086,0,0,2,2,2,2,1.545,1.458,0.069,0.018,JB-14B74DB27F8C,무장신용협동조합 본점,신협,1.383,1.117,ok,directed_all_outlet_reverse_multisource_dijkstra,Y,2.0,exact_nearest_node,standard_proxy,Y
5279034000,고창군,공음면,35.3831598,126.5267539,largest_component_centroid_inside,50.012,2175,1186,54.5,1.371,JB-6C9337BE6D4A,고창공음우체국,우체국,1.371,고창공음우체국,1.371,JB-6C9337BE6D4A,고창공음우체국,우체국,largest_polygon_interior_point_straight_line,finance_open_proxy_Y,N,1.371,16.531,1.443,7.47,0,0,2,2,4,4,1.616,1.313,0.275,0.028,JB-6C9337BE6D4A,고창공음우체국,우체국,1.371,1.179,ok,directed_all_outlet_reverse_multisource_dijkstra,Y,2.0,exact_nearest_node,standard_proxy,Y
5279035000,고창군,상하면,35.4444398,126.4782972,largest_component_centroid_inside,33.865,2150,1077,50.1,1.197,JB-85AFDF9BD622,고창 (상하) 새마을금고,새마을금고,1.197,고창 (상하) 새마을금고,1.197,JB-85AFDF9BD622,고창 (상하) 새마을금고,새마을금고,largest_polygon_interior_point_straight_line,finance_open_proxy_Y,N,1.405,19.906,5.855,1.197,0,0,2,2,2,2,1.334,1.288,0.011,0.035,JB-85AFDF9BD622,고창 (상하) 새마을금고,새마을금고,1.197,1.114,ok,directed_all_outlet_reverse_multisource_dijkstra,Y,2.0,exact_nearest_node,standard_proxy,Y
5279036000,고창군,해리면,35.4748265,126.5120306,largest_component_centroid_inside,39.819,2415,1380,57.1,2.99,JB-3C9ABD2CC34E,고창신용협동조합 지점,신협,2.99,고창신용협동조합 지점,2.99,JB-3C9ABD2CC34E,고창신용협동조합 지점,신협,largest_polygon_interior_point_straight_line,finance_open_proxy_Y,N,3.005,17.393,2.99,3.142,0,0,1,1,5,5,4.113,3.853,0.241,0.019,JB-3C9ABD2CC34E,고창신용협동조합 지점,신협,2.99,1.376,ok,directed_all_outlet_reverse_multisource_dijkstra,Y,2.0,exact_nearest_node,standard_proxy,Y
5279037000,고창군,성송면,35.3647794,126.6357884,largest_component_centroid_inside,36.051,1589,898,56.5,1.017,JB-80E6E61EDAAC,고창성송우체국,우체국,1.017,고창성송우체국,1.017,JB-80E6E61EDAAC,고창성송우체국,우체국,largest_polygon_interior_point_straight_line,finance_open_proxy_Y,N,1.017,9.614,4.232,9.746,0,0,1,1,3,3,1.361,1.303,0.036,0.023,JB-80E6E61EDAAC,고창성송우체국,우체국,1.017,1.339,ok,directed_all_outlet_reverse_multisource_dijkstra,Y,2.0,exact_nearest_node,standard_proxy,Y
5279038000,고창군,대산면,35.3392859,126.5730375,largest_component_centroid_inside,43.483,2800,1515,54.1,2.414,JB-980A3FF611D0,대산신용협동조합 본점,신협,2.414,대산신용협동조합 본점,2.414,JB-980A3FF611D0,대산신용협동조합 본점,신협,largest_polygon_interior_point_straight_line,finance_open_proxy_Y,N,2.745,15.523,2.414,13.646,0,0,2,2,2,2,7.505,7.411,0.084,0.009,JB-980A3FF611D0,대산신용협동조합 본점,신협,2.414,3.109,ok,directed_all_outlet_reverse_multisource_dijkstra,Y,2.0,exact_nearest_node,standard_proxy,Y
5279039000,고창군,심원면,35.5121833,126.5464801,largest_component_centroid_inside,39.974,2219,1044,47.0,1.35,JB-B7E91FC59474,고창심원우체국,우체국,1.35,고창심원우체국,1.35,JB-B7E91FC59474,고창심원우체국,우체국,largest_polygon_interior_point_straight_line,finance_open_proxy_Y,N,1.35,16.164,5.788,5.916,0,0,1,1,1,1,1.862,1.678,0.119,0.065,JB-B7E91FC59474,고창심원우체국,우체국,1.35,1.379,ok,directed_all_outlet_reverse_multisource_dijkstra,Y,2.0,exact_nearest_node,standard_proxy,Y
5279040000,고창군,흥덕면,35.5376728,126.6991875,largest_component_centroid_inside,34.032,2844,1396,49.1,1.863,JB-23959CAFB64E,고창흥덕우체국,우체국,1.863,고창흥덕우체국,1.863,JB-23959CAFB64E,고창흥덕우체국,우체국,largest_polygon_interior_point_straight_line,finance_open_proxy_Y,N,1.863,11.332,11.652,5.999,0,0,1,1,3,3,2.412,2.341,0.028,0.043,JB-23959CAFB64E,고창흥덕우체국,우체국,1.863,1.295,ok,directed_all_outlet_reverse_multisource_dijkstra,Y,2.0,exact_nearest_node,standard_proxy,Y
5279041000,고창군,성내면,35.5352897,126.744797,largest_component_centroid_inside,29.916,1741,951,54.6,0.645,JB-94F5E6D03E66,고창성내우체국,우체국,0.645,고창성내우체국,0.645,JB-94F5E6D03E66,고창성내우체국,우체국,largest_polygon_interior_point_straight_line,finance_open_proxy_Y,N,0.645,10.085,10.577,8.473,1,1,1,1,3,3,0.708,0.608,0.059,0.041,JB-94F5E6D03E66,고창성내우체국,우체국,0.645,1.098,ok,directed_all_outlet_reverse_multisource_dijkstra,Y,2.0,exact_nearest_node,standard_proxy,Y
5279042000,고창군,신림면,35.4771284,126.7225914,largest_component_centroid_inside,40.907,1983,1032,52.0,1.622,JB-4EE4B046B0E2,고창신림우체국,우체국,1.622,고창신림우체국,1.622,JB-4EE4B046B0E2,고창신림우체국,우체국,largest_polygon_interior_point_straight_line,finance_open_proxy_Y,N,1.622,4.958,5.428,5.11,0,0,1,1,3,3,2.58,2.241,0.323,0.016,JB-4EE4B046B0E2,고창신림우체국,우체국,1.622,1.591,ok,directed_all_outlet_reverse_multisource_dijkstra,Y,2.0,exact_nearest_node,standard_proxy,Y
5279043000,고창군,부안면,35.5268698,126.6423918,largest_component_centroid_inside,53.897,2464,1315,53.4,3.233,JB-24AC01C22E25,고창부안우체국,우체국,3.233,고창부안우체국,3.233,JB-24AC01C22E25,고창부안우체국,우체국,largest_polygon_interior_point_straight_line,finance_open_proxy_Y,N,3.233,11.38,11.57,7.425,0,0,0,0,1,1,3.898,3.557,0.303,0.038,JB-24AC01C22E25,고창부안우체국,우체국,3.233,1.206,ok,directed_all_outlet_reverse_multisource_dijkstra,Y,2.0,exact_nearest_node,standard_proxy,Y
5280025000,부안군,부안읍,35.7086653,126.7449887,largest_component_centroid_inside,24.955,19803,5517,27.9,1.712,JB-5A5725BB32B6,NH농협은행 부안군지부,은행,1.712,NH농협은행 부안군지부,1.712,JB-5A5725BB32B6,NH농협은행 부안군지부,은행,largest_polygon_interior_point_straight_line,finance_open_proxy_Y,N,2.333,1.712,1.858,2.012,0,0,8,9,11,12,2.146,2.107,0.018,0.021,JB-5A5725BB32B6,NH농협은행 부안군지부,은행,1.712,1.254,ok,directed_all_outlet_reverse_multisource_dijkstra,Y,2.0,exact_nearest_node,standard_proxy,Y
5280031000,부안군,주산면,35.6652184,126.7086809,largest_component_centroid_inside,24.195,1688,940,55.7,0.92,JB-39CDCCE73433,부안주산우체국,우체국,0.92,부안주산우체국,0.92,JB-39CDCCE73433,부안주산우체국,우체국,largest_polygon_interior_point_straight_line,finance_open_proxy_Y,N,0.92,6.921,7.027,7.015,1,1,1,1,2,2,1.115,1.001,0.066,0.047,JB-39CDCCE73433,부안주산우체국,우체국,0.92,1.212,ok,directed_all_outlet_reverse_multisource_dijkstra,Y,2.0,exact_nearest_node,standard_proxy,Y
5280032000,부안군,동진면,35.7558148,126.7467739,largest_component_centroid_inside,32.194,2442,1295,53.0,0.981,JB-9C17E05E78C1,부안동진우체국,우체국,0.981,부안동진우체국,0.981,JB-9C17E05E78C1,부안동진우체국,우체국,largest_polygon_interior_point_straight_line,finance_open_proxy_Y,N,0.981,2.952,3.638,3.347,1,1,2,2,11,12,1.128,1.098,0.008,0.022,JB-9C17E05E78C1,부안동진우체국,우체국,0.981,1.15,ok,directed_all_outlet_reverse_multisource_dijkstra,Y,2.0,exact_nearest_node,standard_proxy,Y
5280033000,부안군,행안면,35.7232625,126.7052891,largest_component_centroid_inside,20.267,1966,876,44.6,0.776,JB-62553FB6D9A0,부안행안우체국,우체국,0.776,부안행안우체국,0.776,JB-62553FB6D9A0,부안행안우체국,우체국,largest_polygon_interior_point_straight_line,finance_open_proxy_Y,N,0.776,2.678,2.867,2.531,1,1,9,10,13,14,1.011,0.809,0.191,0.011,JB-62553FB6D9A0,부안행안우체국,우체국,0.776,1.302,ok,directed_all_outlet_reverse_multisource_dijkstra,Y,2.0,exact_nearest_node,standard_proxy,Y
5280034000,부안군,계화면,35.7730699,126.6712492,largest_component_centroid_inside,48.882,2898,1521,52.5,2.786,JB-AE8047301A36,부안계화우체국,우체국,2.786,부안계화우체국,2.786,JB-AE8047301A36,부안계화우체국,우체국,largest_polygon_interior_point_straight_line,finance_open_proxy_Y,N,2.786,7.231,8.058,7.479,0,0,1,1,1,1,3.178,3.059,0.093,0.027,JB-AE8047301A36,부안계화우체국,우체국,2.786,1.141,ok,directed_all_outlet_reverse_multisource_dijkstra,Y,2.0,exact_nearest_node,standard_proxy,Y
5280035000,부안군,보안면,35.6229715,126.6670325,largest_component_centroid_inside,38.013,2140,1215,56.8,1.39,JB-8E2AC86F8F66,남부안 (보안) 새마을금고,새마을금고,1.39,남부안 (보안) 새마을금고,1.39,JB-8E2AC86F8F66,남부안 (보안) 새마을금고,새마을금고,largest_polygon_interior_point_straight_line,finance_open_proxy_Y,N,1.474,12.807,12.898,1.39,0,0,2,2,4,4,1.734,1.561,0.158,0.015,JB-137E38053317,부안보안우체국,우체국,1.474,1.176,ok,directed_all_outlet_reverse_multisource_dijkstra,Y,2.0,exact_nearest_node,standard_proxy,Y
5280036000,부안군,변산면,35.6429407,126.5336393,largest_component_centroid_inside,88.743,4037,1658,41.1,2.373,JB-CBE2CFB62187,부안변산우체국,우체국,2.373,부안변산우체국,2.373,JB-CBE2CFB62187,부안변산우체국,우체국,largest_polygon_interior_point_straight_line,finance_open_proxy_Y,N,2.373,20.455,20.305,9.145,0,0,1,1,1,1,2.869,2.67,0.168,0.031,JB-CBE2CFB62187,부안변산우체국,우체국,2.373,1.209,ok,directed_all_outlet_reverse_multisource_dijkstra,Y,2.0,exact_nearest_node,standard_proxy,Y
5280037000,부안군,진서면,35.6048132,126.5718271,largest_component_centroid_inside,38.046,2058,1026,49.9,3.718,JB-C74F75C6E461,부안곰소우체국,우체국,3.718,부안곰소우체국,3.718,JB-C74F75C6E461,부안곰소우체국,우체국,largest_polygon_interior_point_straight_line,finance_open_proxy_Y,N,3.718,19.916,16.315,3.831,0,0,0,0,2,2,4.862,4.557,0.28,0.025,JB-C74F75C6E461,부안곰소우체국,우체국,3.718,1.308,ok,directed_all_outlet_reverse_multisource_dijkstra,Y,2.0,exact_nearest_node,standard_proxy,Y
5280038000,부안군,백산면,35.702165,126.7929321,largest_component_centroid_inside,35.486,2221,1218,54.8,2.34,JB-EC66479F50B8,부안백산우체국,우체국,2.34,부안백산우체국,2.34,JB-EC66479F50B8,부안백산우체국,우체국,largest_polygon_interior_point_straight_line,finance_open_proxy_Y,N,2.34,5.498,5.604,5.639,0,0,1,1,1,1,3.136,2.914,0.209,0.013,JB-EC66479F50B8,부안백산우체국,우체국,2.34,1.34,ok,directed_all_outlet_reverse_multisource_dijkstra,Y,2.0,exact_nearest_node,standard_proxy,Y
5280039000,부안군,상서면,35.6690126,126.6456991,largest_component_centroid_inside,51.773,1939,1012,52.2,3.554,JB-BB6904E339EA,부안상서우체국,우체국,3.554,부안상서우체국,3.554,JB-BB6904E339EA,부안상서우체국,우체국,largest_polygon_interior_point_straight_line,finance_open_proxy_Y,N,3.554,10.235,10.272,6.842,0,0,0,0,1,1,7.954,7.473,0.462,0.019,JB-553E534EAAA6,부안하서우체국,우체국,5.379,1.479,ok,directed_all_outlet_reverse_multisource_dijkstra,Y,2.0,exact_nearest_node,standard_proxy,Y
5280040000,부안군,하서면,35.713136,126.627309,largest_component_centroid_inside,43.314,2328,1225,52.6,3.204,JB-553E534EAAA6,부안하서우체국,우체국,3.204,부안하서우체국,3.204,JB-553E534EAAA6,부안하서우체국,우체국,largest_polygon_interior_point_straight_line,finance_open_proxy_Y,N,3.204,9.768,9.98,9.658,0,0,0,0,1,1,3.657,3.63,0.008,0.019,JB-553E534EAAA6,부안하서우체국,우체국,3.204,1.141,ok,directed_all_outlet_reverse_multisource_dijkstra,Y,2.0,exact_nearest_node,standard_proxy,Y
5280041000,부안군,줄포면,35.5924166,126.6943692,largest_component_centroid_inside,23.132,2365,1187,50.2,1.405,JB-5E2BAA1DE063,부안줄포우체국,우체국,1.405,부안줄포우체국,1.405,JB-5E2BAA1DE063,부안줄포우체국,우체국,largest_polygon_interior_point_straight_line,finance_open_proxy_Y,N,1.405,14.056,14.871,1.519,0,0,2,2,4,4,12.064,11.783,0.238,0.043,JB-23959CAFB64E,고창흥덕우체국,우체국,7.964,1.515,ok,directed_all_outlet_reverse_multisource_dijkstra,Y,2.0,exact_nearest_node,standard_proxy,Y
5280042000,부안군,위도면,35.596151,126.2817719,largest_component_centroid_inside,16.235,1061,544,51.3,1.422,JB-4B7101B508B7,부안위도우체국,우체국,1.422,부안위도우체국,1.422,JB-4B7101B508B7,부안위도우체국,우체국,largest_polygon_interior_point_straight_line,finance_open_proxy_Y,N,1.422,41.695,27.811,25.435,0,0,1,1,1,1,2.478,2.024,0.427,0.027,JB-4B7101B508B7,부안위도우체국,우체국,1.422,1.743,ok,directed_all_outlet_reverse_multisource_dijkstra,Y,2.0,exact_nearest_node,standard_proxy,Y
