시군명,경로당명,주소
전주시,다가경로당,전주시 완산구 전주객사1길 53(다가동4가)
전주시,대양아리스타경로당,"전주시 완산구 태평4길 11, 101동 3층"
전주시,만수제경로당,전주시 완산구 공북1길 11(태평동)
전주시,연수정경로당,전주시 완산구 전라감영5길 19-11(중앙동3가)
전주시,일심자모경로당,전주시 완산구 전주객사2길 46-8(고사동)
전주시,중앙경로당,전주시 완산구 전라감영2길 12-9(중앙동1가)
전주시,중앙아파트경로당,전주시 완산구 태평3길70(태평동)
전주시,태평1경로당,전주시 완산구 공북로 67-5(태평동)
전주시,태평2경로당,전주시 완산구 물레방아1길 43-68(태평동)
전주시,태평SK-VIEW경로당,"전주시 완산구 태평2길 22(태평동, 태평SKVIEW아파트)  "
전주시,태평아이파크경로당,전주시 완산구 태진로 35(태평동)
전주시,태평자모경로당,전주시 완산구 물레방아1길 43-68(태평동)
전주시,교동경로당,전주시 완산구 은행로 83(교동)
전주시,교풍경로당,전주시 완산구 오목대길 10-6(교동)
전주시,낙수경로당,전주시 완산구 낙수정2길 64-13(교동)
전주시,새마을경로당,전주시 완산구 향교길 14-4(전동)
전주시,승암경로당,전주시 완산구 바람쐬는길 41(교동)
전주시,자만경로당,전주시 완산구 자만동2길 37(교동)
전주시,풍우경로당,전주시 완산구 은행로 14-1(풍남동1가)
전주시,한계경로당,전주시 완산구 오목대길 58(교동)
전주시,기린경로당,전주시 완산구 관선5길 1(중노송동)
전주시,기린봉A경로당,"전주시 완산구 견훤로 100(중노송동, 기린봉아파트)"
전주시,남산경로당,전주시 완산구 마당재4길 7(중노송동)
전주시,문화경로당,"전주시 완산구 문화3길 14-3, 1층(중노송동)"
전주시,삼우경로당,전주시 완산구 마당재1길 8-4(남노송동)
전주시,삼원경로당,전주시 완산구 물왕멀3길 25-5(서노송동)
전주시,송월경로당,전주시 완산구 물왕멀2길 26-7(중노송동)
전주시,송죽경로당,전주시 완산구 견훤로 100-123(중노송동)
전주시,수영경로당,전주시 완산구 물왕멀3길 19-22(서노송동)
전주시,영생경로당,전주시 완산구 관선1길 82(남노송동)
전주시,원산파크경로당,"전주시 완산구 간납로 50(남노송동,원산파크아파트)"
전주시,인봉경로당,전주시 완산구 문화3길 14-3(중노송동)
전주시,전주노송경로당,전주시 완산구 관선4길 2-9(남노송동)
전주시,중앙경로당,전주시 완산구 관선3길 17-4(남노송동)
전주시,중앙송수여자경로당,전주시 완산구 관선3길 17-6(남노송동)
전주시,풍남맨션경로당,"전주시 완산구 팔달로 278(서노송동,풍남맨션아파트)"
전주시,학수당경로당,전주시 완산구 물왕멀로 64-3
전주시,한옥마을 서해그랑블경로당,"전주시 완산구 견훤왕궁1길 10(중노송동, 서해그랑블)"
전주시,해오름A경로당,"전주시 완산구 인봉남로 56(중노송동, 우성해오름아파트)  "
전주시,가락경로당,전주시 완산구 전주천서로 207(서완산동1가)
전주시,금수당(서완산골드클래스)경로당,전주시 완산구 안행로 149(서완산동2가)
전주시,기령당경로당,전주시 완산구 완산2길 15-3(서완산동1가)
전주시,매곡경로당,전주시 완산구 곤지산4길 12-3(동완산동)
전주시,백학정경로당,전주시 완산구 완산2길 7-1(서완산동1가)
전주시,송하정경로당,전주시 완산구 강당1길4(서완산동2가)
전주시,신낙원경로당,전주시 완산구 강당2길 12-3(서완산동2가)
전주시,장애인경로당,전주시 완산구 매곡로 27-8(동완산동)
전주시,청학경로당,전주시 완산구 완산5길 24-1(동완산동)
전주시,투구봉경로당,전주시 완산구 완산6길 8-19(동완산동)
전주시,학서경로당,전주시 완산구 강당3길 17-2(서완산동2가)
전주시,거산황궁경로당,"전주시 완산구 장승배기로398(동서학동, 거산황궁아파트)  "
전주시,내원당경로당,전주시 완산구 내원당길 88(대성동)
전주시,대산경로당,"전주시 완산구 학봉2길 16(동서학동,대산아파트)"
전주시,대성경로당,전주시 완산구 고덕산1길 46-48(대성동)
전주시,덕산경로당,전주시 완산구 덕산길 39(색장동)
전주시,보현경로당,전주시 완산구 서학로 47-1(동서학동)
전주시,산성송유경로당,전주시 완산구 남고산성 1길 33-9(동서학동)
전주시,영동고덕경로당,"전주시 완산구 고덕산2길 9 (대성동, 영동고덕아파트)  "
전주시,영동아파트경로당,전주시 완산구 고덕산1길 16(대성동)
전주시,원당경로당,전주시 완산구 내원당길 16(대성동)
전주시,원색장경로당,전주시 완산구 바람쐬는길 336(색장동)
전주시,원색장부녀경로당,전주시 완산구 원색장길53(색장동)
전주시,은석경로당,전주시 완산구 은석길 37-25(색장동)
전주시,진흥하이츠경로당,"전주시 완산구 학봉2길 11(동서학동,진흥하이츠아파트)"
전주시,학봉경로당,전주시 완산구 서학3길 32(동서학동)
전주시,고궁경로당,"전주시 완산구 흑석로 31(서서학동, 고궁맨션)"
전주시,공수내경로당,전주시 완산구 공수내로 26(서서학동)
전주시,광진산업경로당,"전주시 완산구 덕적골 3길 17(서서학동,광진산업아파트)"
전주시,대명경로당,"전주시 완산구 장승배기로 338(서서학동,대명아파트)"
전주시,삼성맨션경로당,"전주시 완산구 장승배기7길 18(서서학동,삼성맨션)"
전주시,삼우경로당,"전주시 완산구 장승배기4길 8(서서학동, 삼우아파트)"
전주시,성결경로당,"전주시 완산구 장승배기4길 20-7(서서학동,성결아파트)"
전주시,송원경로당,"전주시 완산구 흑석1길 53(서서학동,송원아파트)"
전주시,송학당경로당,"전주시 완산구 흑석로 46(서서학동, 송원맨션)"
전주시,신세계블루타운경로당,"전주시 완산구 흑석로 64(서서학동,신세계블루타운아파트)"
전주시,영창경로당,"전주시 완산구 장승배기 8길 17(서서학동,영창아파트)"
전주시,영창맨션경로당,"전주시 완산구 장승배기8길 13(서서학동,영창공원맨션)"
전주시,예그린경로당,"전주시 완산구 팔달로 11(서서학동,예그린아파트)"
전주시,우정경로당,"전주시 완산구 흑석로 71(서서학동,우정아파트)"
전주시,우정목련경로당,"전주시 완산구 석불1길 9(서서학동,우정목련아파트)"
전주시,청산경로당,"전주시 완산구 흑석1길 88(서서학동,대아청산아파트)"
전주시,푸른맨션경로당,"전주시 완산구 흑석로 53(서서학동,푸른맨션아파트)"
전주시,학림경로당,전주시 완산구 공수내로31-2(서서학동)
전주시,흑석경로당,전주시 완산구 흑석로 73(서서학동)
전주시,거성그린A경로당,"전주시 완산구 따박골로 11(중화산동2가, 거성그린맨션)"
전주시,거성근영경로당,"전주시 완산구 선너머로 40(중화산동2가,거성근영1차아파트)"
전주시,거성화산경로당,"전주시 완산구 따박골9길 33(중화산동2가, 거성화산아파트)"
전주시,광진A경로당,"전주시 완산구 선너머로 16(중화산동2가,중화산동 광진아파트)"
전주시,남양서원경로당,"전주시 완산구 선너머4길 25(중화산동1가, 남양서원아파트)"
전주시,동신2차경로당,"전주시 완산구 선너머2길 2-7(중화산동1가,동신2차아파트)"
전주시,서원경로당,전주시 완산구 선너머3길 6-7(중화산동1가)
전주시,신일경로당,"전주시 완산구 서원로 386(중화산동1가,신일아파트)"
전주시,오성은하경로당,"전주시 완산구 서원로 272(중화산동2가, 오성은하아파트)  "
전주시,중화산(거성근영2차)경로당,"전주시 완산구 선너머로 36-9(중화산동2가, 거성근영2차아파트)  "
전주시,중화산영무예다음경로당,"전주시 완산구 안행로 165-5(중화산동2가,중화산영무예다음아파트)"
전주시,풍림아이원경로당,"전주시 완산구 서원로289(중화산동2가, 중화산풍림아이원아파트)  "
전주시,현대1차경로당,"전주시 완산구 안행로 175(중화산동1가,현대1차아파트)"
전주시,현대2차경로당,"전주시 완산구 안행로 176(중화산동1가, 현대2차아파트)"
전주시,희현(동신1차)경로당,"전주시 완산구 강당4길 3(중화산동1가,동신1차아파트)"
전주시,광진햇빛찬경로당,"전주시 완산구 강변로 306(중화산동2가,광진햇빛찬아파트)"
전주시,근영경로당,전주시 완산구 어은로 37-10
전주시,동원맨션경로당,"전주시 완산구 신촌3길 27-14(중화산동2가,동원맨션)"
전주시,사거리경로당,전주시 완산구 서원로 213-14 (중화산동2가)  
전주시,새한그린파크경로당,"전주시 완산구 영경1길22(중화산동2가, 새한그린파크아파트)  "
전주시,신촌경로당,전주시 완산구 신촌3길 27-59(중화산동2가)
전주시,우성근영경로당,"전주시 완산구 영경1길 25(중화산동2가, 우성근영타운)  "
전주시,우성중산타운경로당,"전주시 완산구 신촌3길1(중화산동2가, 우성중산타운)  "
전주시,코오롱하늘채경로당,"전주시 완산구 화산천변로 55(중화산동2가,코오롱하늘채아파트)"
전주시,한신코아경로당,"전주시 완산구 신촌2길 20(중화산동2가, 한신코아아파트)  "
전주시,현대에코르경로당,"전주시 완산구 화산천변로 50(중화산동2가,현대에코르아파트)"
전주시,2단지경로당,"전주시 완산구 덕적골 2길11(평화동1가,평화주공2단지아파트)"
전주시,극동평화경로당,"전주시 완산구 덕적골 1길 14(평화동1가,극동평화아파트)"
전주시,두레마을경로당,전주시 완산구 덕적골3길 36-10(평화동1가 두레아파트)
전주시,양지효성경로당,"전주시 완산구 장승배기3길8(평화동1가, 효성임대아파트)  "
전주시,오네뜨A경로당,전주시 완산구 덕적골1길 50(평화동1가)
전주시,일성경로당,"전주시 완산구 평화19길 20(평화동1가,일성아파트)"
전주시,장수(전주복지)경로당,"전주시 완산구 덕적골 2길 22(평화동1가,전주종합복지관 2층)"
전주시,장승(평화복지)경로당,"전주시 완산구 덕적골 2길 25(평화동1가,평화주공1단지아파트)"
전주시,지안리즈경로당,"전주시 완산구 덕적골 2길 66(평화동1가,평화지안리즈아파트)"
전주시,평화주공3단지경로당,"전주시 완산구 덕적골 2길 10(평화동1가,평화주공3단지아파트)"
전주시,플러스하임경로당,"전주시 완산구 덕적골3길 60(평화동1가, 평화동플러스하임A)"
전주시,학산(한성)경로당,"전주시 완산구 덕적골 1길 33(평화동1가,한성아파트)"
전주시,화전경로당,전주시 완산구 꽃밭정8길 9(평화동1가)
전주시,경복궁경로당경로당,"전주시 완산구 평화로 120(평화동2가,경복궁아파트)"
전주시,광신 프로그레스 경로당,"전주시 완산구 맏내로 28(평화동2가, 광신프로그레스)"
전주시,금성경로당,전주시 완산구 금성길 22(석구동)
전주시,동신(사계절)경로당,"전주시 완산구 양지2길 10(평화동2가,동신아파트)"
전주시,동아현대경로당,"전주시 완산구 맏내3길 22(평화동2가,동아현대아파트)"
전주시,만수당(삼성강남)경로당,"전주시 완산구 모악로4705(평화동2가, 삼성강남아파트)  "
전주시,문정경로당,전주시 완산구 문정길 33(평화동3가)
전주시,미소드림경로당,"전주시 완산구 모악로 4651(평화동2가,동도미소드림아파트)"
전주시,미송평화경로당,"전주시 완산구 모악로 4681(평화동2가,미송평화하이존)"
전주시,송정써미트경로당,"전주시 완산구 평화7길 40(평화동2가,송정써미트)"
전주시,신기경로당,전주시 완산구 신기마을길 31(석구동)
전주시,신성리경로당,전주시 완산구 소대배기로 5-18(평화동2가)
전주시,우미경로당,"전주시 완산구 모악로 4685(평화동2가,우미아파트)"
전주시,우성신성경로당,"전주시 완산구 맏내1길 5(평화동2가, 우성신성타운)"
전주시,원당경로당,전주시 완산구 원당길 56(원당동)
전주시,원석구경로당,전주시 완산구 석구길13(석구동)
전주시,장교경로당,전주시 완산구 장교마을길 20(평화동3가)
전주시,중평경로당,전주시 완산구 중평길 18-9(평화동3가)
전주시,청송(두산푸른솔)경로당,"전주시 완산구 양지1길 16-3(평화동2가,두산푸른솔아파트)"
전주시,추동경로당,전주시 완산구 추동길 69-33(원당동)
전주시,칠봉경로당,전주시 완산구 평화18길 30-5(평화동1가)
전주시,케이제이모악경로당,"전주시 완산구 양지3길9(평화동2가,케이제이모악아파트)"
전주시,코오롱경로당,"전주시 완산구 평화로 181(평화동1가, 코오롱아파트)  "
전주시,평화리젠시빌경로당,"전주시 완산구 평화로95(평화동2가, 호반리젠시빌아파트)  "
전주시,평화만수(5단지)경로당,"전주시 완산구 모악로 4724(평화동2가,평화주공5단지아파트)"
전주시,평화영무예다음경로당,"전주시 완산구 구이로 2065, 201동(평화동2가 평화동영무예다음아파트 복지동)"
전주시,평화주공그린1차경로당,"전주시 완산구 구이로 2094(평화동2가,평화주공그린타운1차)"
전주시,평화주공그린2차경로당,"전주시 완산구 평화로100 (평화동2가, 주공그린2단지아파트)  "
전주시,평화현대경로당,"전주시 완산구 소대배기로33(평화동2가, 현대아파트)  "
전주시,푸른마을경로당,"전주시 완산구 평화9길16(평화동2가, 주공푸른마을아파트)  "
전주시,학수(4단지)경로당,"전주시 완산구 모악로 4726(평화동2가,전주평화주공4단지아파트)"
전주시,학전경로당,전주시 완산구 학전길 43(원당동)
전주시,현대엠코타운경로당,"전주시 완산구 양지3길25(평화동2가, 엠코타운 아파트)  "
전주시,효성경로당,"전주시 완산구 꽃밭정3길 30(평화동1가,효성아파트)"
전주시,e-편한세상경로당,"전주시 완산구 여울로 161(서신동,서신 이편한세상)"
전주시,광진경로당,"전주시 완산구 온고을로 121(서신동, 서신동 광진아파트)  "
전주시,광진선수촌경로당,"전주시 완산구 서신로 102(서신동,광진선수촌아파트)"
전주시,광진장미경로당,"전주시 완산구 새터로 60(서신동,광진장미아파트)"
전주시,그린공원경로당,전주시 완산구 당산로 56(서신동)
전주시,남양대명경로당,"전주시 완산구 당산로 55(서신동,남양대명아파트)"
전주시,대우대창경로당,"전주시 완산구 새터로 100(서신동,대우대창아파트)"
전주시,대우아파트경로당,"전주시 완산구 여울로 79(서신동,대우아파트)"
전주시,동아경로당,"전주시 완산구 당산로 101(서신동,서신동아아파트)"
전주시,동아한일경로당,"전주시 완산구 새터로 95(서신동,동아한일아파트)"
전주시,롯데경로당,"전주시 완산구 전룡로 128-5(서신동,롯데아파트)"
전주시,서신경로당,전주시 완산구 안터3길 6(서신동)
전주시,서신동바구멀경로당,"전주천서로 445(서신동, 서신아이파크이편한세상)"
전주시,서신동아2차경로당,"전주시 완산구 새터로 63(서신동,동아2차아파트)"
전주시,서신비사벌아파트경로당,"전주시 완산구 당산로 34(서신동, 비사벌아파트)"
전주시,성원경로당,"전주시 완산구 서신천변11길 22(서신동,성원아파트)"
전주시,신일경로당,"전주시 완산구 온고을로 119(서신동,신일아파트)"
전주시,쌍용경로당,"전주시 완산구 당산로 11(서신동,쌍용서신아파트)"
전주시,엘지경로당,"전주시 완산구 여울로 109(서신동,엘지아파트)"
전주시,영창경로당,"전주시 완산구 전룡5길 7(서신동,영창아파트)"
전주시,우신경로당,"전주시 완산구 잿뜸1길 8(서신동,우신아파트)"
전주시,유창경로당,"전주시 완산구 백제대로 379(서신동,유창아파트)"
전주시,제일비사벌경로당,"전주시 완산구 당산로 43(서신동,제일비사벌새터마을아파트)"
전주시,중흥경로당,"전주시 완산구 새터로 74(서신동,중흥아파트)"
전주시,현대경로당,"전주시 완산구 서신로 90(서신동,현대아파트)"
전주시,호암경로당,전주시 완산구 잿뜸2길 13-6(서신동)
전주시,광진공작경로당,"전주시 완산구 백제대로 86(삼천동1가,광진공작아파트)"
전주시,광진목화경로당,"전주시 완산구 성지산로 62(삼천동1가,광진목화아파트)"
전주시,금호청솔경로당,"전주시 완산구 안행5길 11(삼천동1가,금호청솔아파트)"
전주시,삼익경로당,"전주시 완산구 용리로 133(삼천동1가,삼익아파트)"
전주시,삼천주공3단지경로당,"전주시 완산구 용리로 157(삼천동1가,삼천주공3단지)"
전주시,세경경로당,"전주시 완산구 성지산로 30(삼천동1가,삼천세경아파트)"
전주시,세창짜임경로당,"전주시 완산구 용리로 179(삼천동1가,세창짜임아파트)"
전주시,쌍용2단지경로당,"전주시 완산구 성지산로 36(삼천동1가, 쌍용2단지아파트)  "
전주시,안행현대경로당,"전주시 완산구 안행2길 14(삼천동1가,안행현대아파트)"
전주시,양지경로당,전주시 완산구 성지산로 39-11(삼천동1가)
전주시,이안전주삼천아파트경로당,"전주시 완산구 용리로 165(삼천동1가,이안전주삼천아파트)"
전주시,아너센트럴신원경로당,"전주시 완산구 백제대로 85(삼천동1가, 아너센트럴 신원리브웰)"
전주시,개나리경로당,"전주시 완산구 용리로 162(삼천동1가,개나리아파트)"
전주시,거마경로당,전주시 완산구 거마남로 41(삼천동1가)
전주시,다솜경로당,전주시 완산구 하거마2길 44-8(삼천동1가)
전주시,두일하나경로당,"전주시 완산구 장승배기로 50(삼천동1가,두일하나아파트)"
전주시,삼락경로당,전주시 완산구 거마산3길 10(삼천동1가)
전주시,수심당(광진궁전)경로당,"전주시 완산구 장승배기로 145(삼천동1가,광진궁전아파트)"
전주시,신일모악경로당,"전주시 완산구 백제대로 31(삼천동1가,신일아파트)"
전주시,쌍용3단지경로당,"전주시 완산구 용리로 178(삼천동1가,삼천쌍용아파트)"
전주시,오성대우경로당,"전주시 완산구 솟대로 24(삼천동1가,오성대우아파트)"
전주시,우성그린경로당,"전주시 완산구 솟대로 10(삼천동1가, 우성아파트)  "
전주시,우성기령경로당,"전주시 완산구 백제대로 13 (삼천동1가, 우성아파트)  "
전주시,남양경로당,"전주시 완산구 삼천천변1길 32(삼천동1가,남양아파트)"
전주시,능안경로당,전주시 완산구 능안자구길 123-8(삼천동3가)
전주시,대왕장미경로당,"전주시 완산구 난전들로 257(삼천동1가,대왕장미아파트)"
전주시,모과경로당,전주시 완산구 모과길 16(삼천동3가)
전주시,비아경로당,전주시 완산구 비아길 54(삼천동2가)
전주시,"삼천뜨란채4,5단지경로당","전주시 완산구 장승배기로13 (삼천동1가, 삼천주공5단지)  "
전주시,삼천하이츠경로당,"전주시 완산구 강변로 106(삼천동1가,삼천하이츠)"
전주시,신금경로당,전주시 완산구 중인3길 99(중인동)
전주시,신덕경로당,전주시 완산구 원신덕길 103-1(용복동)
전주시,신안마을경로당,전주시 완산구 중인1길 175
전주시,신일강변경로당,"전주시 완산구 강변로 98(삼천동1가,신일강변아파트)"
전주시,안산경로당,전주시 완산구 삼산길 42-4(삼천동3가)
전주시,옥성골든카운티경로당,전주시 완산구 중인1길 136-20(중인동)(2층)
전주시,용산경로당,전주시 완산구 용산마을길 42
전주시,용흥경로당,전주시 완산구 삼천천변3길 44-6(44-13)
전주시,우목경로당,전주시 완산구 우목길 77(삼천동2가)
전주시,우성2차경로당,"전주시 완산구 삼천천변2길 51(삼천동1가,우성2차아파트)"
전주시,원중인새제비경로당,전주시 완산구 중인1길 138-28(중인동)
전주시,월선경로당,전주시 완산구 월선길 11(삼천동3가)
전주시,장동마을경로당,전주시 완산구 쑥고개옛길 120(삼천동3가)
전주시,정동경로당,전주시 완산구 정동길 23(삼천동2가)
전주시,주공6단지경로당,"전주시 완산구 삼천천변1길 9(삼천동1가,삼천주공6단지)"
전주시,중앙마을경로당,전주시 완산구 석산마을길 7-4(삼천동 3가)
전주시,중인경로당,전주시 완산구 중인2길 4(중인동)
전주시,하봉경로당,전주시 완산구 중인3길 34
전주시,함대경로당,전주시 완산구 천잠로 52(삼천동2가)
전주시,호동경로당,전주시 완산구 호동길 59(삼천동3가)
전주시,호반리젠시빌경로당,"전주시 완산구 삼천천변3길 20(삼천동1가,호반리젠시빌아파트)"
전주시,황소경로당,전주시 완산구 우림로 798-8(중인동)
전주시,흥건1차경로당,"전주시 완산구 삼천천변1길 46(삼천동1가,흥건삼천1차아파트)"
전주시,흥건2차경로당,"전주시 완산구 삼천천변1길 45(삼천동1가,흥건아파트)"
전주시,거성소라경로당,"전주시 완산구 백제대로 160(효자동1가,거성소라아파트)"
전주시,금호경로당,"전주시 완산구 효동3길33 (효자동1가, 금호아파트)  "
전주시,남양황실경로당,"전주시 완산구 따박골로 8(효자동1가,남양황실아파트)"
전주시,대명까치경로당,"전주시 완산구 유기전2길 24(효자동1가,대명까치맨션)"
전주시,서안(한신휴)경로당,"전주시 완산구 따박골 4길 10(효자동1가,한신휴플러스)"
전주시,선변안행경로당,"전주시 완산구 안행9길 27(효자동1가,선변안행고을아파트)"
전주시,신촌경로당,전주시 완산구 안행5길 51(효자동1가)
전주시,안행경로당,전주시 완산구 외칠봉3길 23-1(효자동1가)
전주시,주공3-남경로당,"전주시 완산구 용머리로 194 (효자동1가, 효자주공아파트3단지)  "
전주시,주공3-여경로당,"전주시 완산구 용머리로 194 (효자동1가, 효자주공아파트3단지)  "
전주시,효자대림경로당,"전주시 완산구 안행2길 26(효자동1가,대림아파트)"
전주시,효정경로당,전주시 완산구 효정2길 22(효자동1가)
전주시,힐스테이트어울림경로당,"전주시 완산구 용머리로 135(효자동1가, 힐스테이트어울림효자)"
전주시,광진진주경로당,"전주시 완산구 신봉로 64(효자동1가,광진진주아파트)"
전주시,남양송정경로당,"전주시 완산구 용머리로 78(효자동1가,남양송정아파트)"
전주시,남양황제A경로당,"전주시 완산구 백제대로 159(효자동1가,남양황제아파트)"
전주시,비사벌경로당,"전주시 완산구 서원로 258(효자동1가,비사벌아파트)"
전주시,성원골드경로당,"전주시 완산구 신봉로 74(효자동1가,성원골드맨션아파트)"
전주시,송정경로당,전주시 완산구 성지산2길 21-5(효자동1가)
전주시,숭효당(남양효자)경로당,"전주시 완산구 용머리로 68(효자동1가,남양효자맨션아파트)"
전주시,신원리브웰경로당,"전주시 완산구 용머리로 101(효자동1가,신원리브웰)"
전주시,신일효친경로당,"전주시 완산구 신봉로 51(효자동1가,신일아파트)"
전주시,장승경로당,전주시 완산구 밤나무2길 19-13(효자동1가)
전주시,한양운남A경로당,"전주시 완산구 신봉로 71(효자동1가,한양운남아파트)"
전주시,효성경로당,전주시 완산구 신봉3길 17-14(효자동1가)
전주시,효자경로당,전주시 완산구 송정로 15(효자동1가)
전주시,효자제일경로당,"전주시 완산구 신봉로 52(효자동1가, 제일아파트)  "
전주시,광진라미안경로당,"전주시 완산구 강변로210(효자동1가, 광진라미안아파트)  "
전주시,남양무지개경로당,"전주시 완산구 거마평로 225-8(효자동1가, 남양무지개아파트)"
전주시,남양아이좋은집경로당,"전주시 완산구 강변로242(효자동1가, 남양아이좋은집아파트)  "
전주시,롯데1차경로당,"전주시 완산구 용머리로29(효자동1가, 효자롯데아파트)  "
전주시,롯데2차경로당,"전주시 완산구 용머리로27(효자동1가, 효자롯데2차아파트)  "
전주시,미송아파트경로당,"전주시 완산구 거마평로189-11(효자동1가, 미송하이존아파트)  "
전주시,뷰티빌경로당,전주시 완산구 거마평로217
전주시,삼성효자경로당,"전주시 완산구 거마평로139(효자동1가, 삼성효자타운)  "
전주시,삼호경로당,"전주시 완산구 강변로 220-16(효자동 1가, 삼호아파트)"
전주시,상산타운경로당,"전주시 완산구 거마평로125(효자동1가, 상산타운)  "
전주시,쌍용모악경로당,"전주시 완산구 거마평로93(효자동1가, 쌍용모악파크빌라)  "
전주시,유진청하경로당,"전주시 완산구 거마평로189-8 (효자동1가, 유진청하맨션)  "
전주시,제일효자경로당,"전주시 완산구 거마평로109(효자동1가, 제일효자타운)  "
전주시,한강경로당,"전주시 완산구 강변로120(효자동1가, 한강아파트)  "
전주시,현대아파트경로당,전주시 완산구 용머리로20(효자동1가)  
전주시,효자성원경로당,"전주시 완산구 거마평로189-47 (효자동1가, 효자성원맨션)  "
전주시,LH리버클래스아파트경로당,"전주시 완산구 효천중앙로 50(효자동2가, 리버클래스) "
전주시,골든팰리스경로당,"전주시 완산구 호암로40(효자동2가, 골든팰리스휴먼시아아파트)  "
전주시,더샵효자1차경로당,"전주시 완산구 세내로239(효자동2가, 포스코더샵아파트)  "
전주시,더샵효자2차경로당,"전주시 완산구 봉곡로140(효자동2가, 더샵효자2차아파트)  "
전주시,데시앙 아이린경로당,"전주시 완산구 소태정로1(효자동2가, 휴먼시아 4단지 아이린)  "
전주시,세븐팰리스아파트경로당,전주시 완산구 우전로 180(효자동2가)세븐팰리스아파트
전주시,속거경로당,전주시 완산구 속거길 10(효자동3가)  
전주시,신주리경로당,전주시 완산구 쑥고개로389-16 (효자동2가)  
전주시,아르팰리스경로당,"전주시 완산구 호암로 41 (효자동2가, 아르팰리스휴먼시아8단지)"
전주시,안심경로당,전주시 완산구 안심새길 20 (상림동)
전주시,엘드수목토1차경로당,"전주시 완산구 세내로241(효자동2가, 효자1차엘드수목토아파트)  "
전주시,엘드수목토2차경로당,"전주시 완산구 봉곡로149(효자동2가, 엘드효자2차수목토아파트)  "
전주시,원상림경로당,전주시 완산구 원상림길 133 (상림동)
전주시,일심(휴먼시아3단지)경로당,"전주시 완산구 용호로20(효자동2가, 효자휴먼시아아파트)  "
전주시,한절경로당,전주시 완산구 한절길 67-41(효자동2가)
전주시,호암기녕경로당,전주시 완산구 우전2길62 (효자동2가)  
전주시,효림(휴먼시아1단지)경로당,"전주시 완산구 호암로2(효자동2가, 효자휴먼시아)"
전주시,효사랑(휴먼시아5단지)경로당,"전주시 완산구 호암로 87(효자동2가, 효자휴먼시아5단지아파트)  "
전주시,효성경로당,전주시 완산구 안심새길9-18
전주시,효자동풍림아이원A경로당,"전주시 완산구 우전1길40(효자동2가, 풍림아이원아파트)"
전주시,효천대방노블랜드에코파크경로당,"전주시 완산구 효천중앙로 20(효자동2가, 전주효천노블랜드에코파크)"
전주시,효천우미린더프레스티지경로당,"전주시 완산구 홍산로 77(효자동2가, 전주효천우미린더프레스티지)"
전주시,효천중앙로11우미린더퍼스트경로당,"전주시 완산구 효천중앙로 11(효자동2가, 전주효천우미린더퍼스트A)"
전주시,휴먼시아6단지경로당,"전주시 완산구 호암로88(효자동2가, 효자휴먼시아6단지아파트)  "
전주시,마전경로당,전주시 완산구 황강서원5길 10-22(실제주소)
전주시,서곡경로당,전주시 완산구 원서곡길 11(효자동3가)
전주시,서곡대림경로당,"전주시 완산구 서곡로11(효자동3가, 서곡대림아파트)  "
전주시,서곡두산경로당,"전주시 완산구 서곡로22 (효자동3가, 서곡두산아파트)  "
전주시,서곡엘지경로당,"전주시 완산구 세내로559(효자동3가, 서곡엘지아파트)  "
전주시,서곡주공경로당,"전주시 완산구 서곡로8(효자동3가, 서곡주공아파트)  "
전주시,서곡청솔경로당,"전주시 완산구 서곡로34(효자동3가, 서곡청솔아파트)  "
전주시,서곡현대경로당,"전주시 완산구 세내로545(효자동3가, 서곡현대아파트)  "
전주시,신원아침도시A경로당,전주시 완산구 세내로 299(효자동3가)
전주시,아이파크경로당,"전주시 완산구 홍산로390(효자동3가, 서부신시가지아이파크아파트)  "
전주시,우미린경로당,"전주시 완산구 유연로219(효자동3가, 우미린)  "
전주시,코오롱스카이타워경로당,전주시 완산구 홍산북로 83
전주시,호반베르디움경로당,"전주시 완산구 유연로217 (효자동3가, 호반베르디움아파트)  "
전주시,힐스테이트경로당,전주시 완산구 세내로 291(효자동3가)
전주시,거성고속1차경로당,전주시 덕진구 전주천동로 453
전주시,거성고속2차아파트경로당,전주시 덕진구 숲정이5길 77
전주시,건산천경로당,전주시 덕진구 건산1길 21-3
전주시,건산천여자경로당,전주시 덕진구 건산1길 21-9
전주시,동국해성남경로당,전주시 덕진구 진북로 15 107/109
전주시,동국해성여경로당,"전주시 덕진구 진북로 15, 관리사무소 위"
전주시,무궁화남자경로당,전주시 덕진구 벚꽃2길 6
전주시,무궁화여자경로당,전주시 덕진구 벚꽃2길 6
전주시,비산남자경로당,전주시 덕진구 팔달로 339-42
전주시,비산여자경로당,전주시 덕진구 팔달로 339-42
전주시,사랑의집경로당,전주시 덕진구 태진로 68-1
전주시,새동네경로당,전주시 덕진구 어은골1길 16-4
전주시,어은남자경로당,전주시 덕진구 전주천서로 355-6
전주시,어은여자경로당,전주시 덕진구 전주천서로 355-6
전주시,우성남자경로당,전주시 덕진구 태진로 101
전주시,우성여자경로당,전주시 덕진구 태진로 101
전주시,진북경로당,전주시 덕진구 도토리골2길 8
전주시,진북여자경로당,전주시 덕진구 도토리골2길 8
전주시,푸른경로당,전주시 덕진구 반촌1길 15
전주시,학수경로당,"전주시 덕진구 숲정이1길 40, 1층"
전주시,학수여자경로당,"전주시 덕진구 숲정이1길 40, 2층"
전주시,거성프라자경로당,"전주시 덕진구 팽나무4길 7, 1214호"
전주시,궁전경로당,전주시 덕진구 팽나무1길 19
전주시,궁전남자경로당,"전주시 덕진구 팽나무1길 19, 1/101"
전주시,기린경로당,전주시 덕진구 인후2길 17
전주시,사천남자경로당,"전주시 덕진구 건산로 143-2, 1층"
전주시,사천여자경로당,"전주시 덕진구 건산로 143-2, 2층"
전주시,삼호경로당,전주시 덕진구 안덕원로 311
전주시,수정경로당,전주시 덕진구 인후1길 7
전주시,유정경로당,전주시 덕진구 팽나무5길 17
전주시,인동경로당,전주시 덕진구 반태산6길 8
전주시,인후경로당,전주시 덕진구 안덕원로 321-5
전주시,인후2차현대경로당,전주시 덕진구 안골4길 15
전주시,인후선변경로당,"전주시 덕진구 심방죽로 16, 102-105"
전주시,인후송정써미트경로당,전주시 덕진구 안덕원로 325
전주시,인후위브어울림경로당,전주시 덕진구 견훤로 333
전주시,인후휴먼시아경로당,"전주시 덕진구 팽나무2길 7, 103동 1층"
전주시,한마음경로당,"전주시 덕진구 진버들1길 63, 나/103"
전주시,한신휴경로당,전주시 덕진구 안덕원로 251
전주시,현대1차경로당,전주시 덕진구 안골3길 7
전주시,건지경로당,전주시 덕진구 백동1길 38
전주시,건지산이지움경로당,전주시 덕진구 백동2길 11
전주시,금평경로당,전주시 덕진구 명주4길 9
전주시,금평여자경로당,전주시 덕진구 명주4길 9
전주시,물왕멀경로당,전주시 덕진구 반태산6길 25-2
전주시,성락경로당,전주시 덕진구 명주5길 11
전주시,수암경로당,전주시 덕진구 명주3길 56
전주시,수암여자경로당,전주시 덕진구 명주3길 56
전주시,수인경로당,전주시 덕진구 작은모래내3길 30-1
전주시,에버파크경로당,전주시 덕진구 심방죽6길 8
전주시,영현경로당,전주시 덕진구 반태산1길 65-4
전주시,용수경로당,전주시 덕진구 거북바우로 124-24
전주시,인송경로당,전주시 덕진구 심방죽6길 21
전주시,초원경로당,전주시 덕진구 백동3길 14
전주시,꿈마을부영2차경로당,전주시 덕진구 무삼지로 40
전주시,동진경로당,전주시 덕진구 인후3길 40-25
전주시,봉래경로당,전주시 덕진구 인후4길 3-19
전주시,봉래여자경로당,전주시 덕진구 인후4길 3-19
전주시,부영3차경로당,전주시 덕진구 아중로 180
전주시,부영5차아중마을만수경로당,전주시 덕진구 한배미로 33
전주시,아중1차제일경로당,전주시 덕진구 석소로 29
전주시,아중대우1차경로당,전주시 덕진구 석소로 77
전주시,아중마을부영6차경로당,전주시 덕진구 무삼지로 10
전주시,아중마을제일2차경로당,전주시 덕진구 아중로 170
전주시,아중아남경로당,전주시 덕진구 한배미로 5
전주시,아중현대경로당,전주시 덕진구 석소로 55
전주시,안고을우성아파트경로당,전주시 덕진구 진버들2길 14
전주시,원호경로당,전주시 덕진구 인봉3길 29-9
전주시,진버들1차부영아파트경로당,전주시 덕진구 진버들3길 10
전주시,화약골경로당,전주시 덕진구 인후5길 24
전주시,화평경로당,전주시 덕진구 서가재미3길 9
전주시,거성경로당,전주시 덕진구 들사평로 6
전주시,대지경로당,전주시 덕진구 대지길 13-2
전주시,덕암경로당,전주시 덕진구 덕암길 3
전주시,덕진경로당,전주시 덕진구 사평4길 24
전주시,덕진엘르디움경로당,전주시 덕진구 호반6길 26-5
전주시,덕진예다음경로당,전주시 덕진구 가련산로 24
전주시,덕진휴먼빌경로당,전주시 덕진구 하가로 10
전주시,명성강변경로당,전주시 덕진구 가리내로 204
전주시,사평여자경로당,전주시 덕진구 사평4길 24
전주시,상가부인경로당,전주시 덕진구 상가마을길 11-1
전주시,송학경로당,전주시 덕진구 하가4길 22
전주시,신성경로당,전주시 덕진구 들사평3길 26-8
전주시,신성여자경로당,전주시 덕진구 들사평3길 26-8
전주시,연지경로당,전주시 덕진구 권삼득로 379-16
전주시,연화경로당,전주시 덕진구 연화길 25-2
전주시,오성유토피아경로당,전주시 덕진구 호반8길 15
전주시,유토피아경로당,전주시 덕진구 호반8길 15
전주시,전일경로당,전주시 덕진구 호반7길 9-5
전주시,하가더루벤스경로당,전주시 덕진구 추탄로 61
전주시,하가부영경로당,전주시 덕진구 경동로 20
전주시,하가부인경로당,전주시 덕진구 하가2길 22
전주시,하가오투그란데경로당,전주시 덕진구 경동로 19
전주시,하가휴먼빌아파트경로당,전주시 덕진구 가리내로 216
전주시,학수경로당,전주시 덕진구 상가마을길 11
전주시,호반촌경로당,전주시 덕진구 호반6길 21-3
전주시,건산경로당,전주시 덕진구 금암1길 35-2
전주시,금암경로당,전주시 덕진구 떡전4길 22-5
전주시,금암1경로당,전주시 덕진구 금암2길 28-2
전주시,금암1부노회경로당,전주시 덕진구 금암1길 17-8
전주시,거성타워경로당,전주시 덕진구 매봉16길 37
전주시,두산그랜드타운아파트경로당,전주시 덕진구 매봉로 40
전주시,북부경로당경로당,전주시 덕진구 매봉16길 8
전주시,북부여자경로당,전주시 덕진구 매봉16길 8
전주시,앞금암경로당,전주시 덕진구 모래내1길 16-4
전주시,정우경로당,전주시 덕진구 건지1길 13-3
전주시,중앙하이츠경로당,전주시 덕진구 거북바우3길 15
전주시,중앙하이츠남경로당,전주시 덕진구 거북바우3길 15
전주시,천년이지움아파트경로당,전주시 덕진구 거북바우1길 16-6
전주시,해당화경로당,전주시 덕진구 모래내1길 16-4
전주시,감수경로당,전주시 덕진구 감수길 50
전주시,감수여자경로당,전주시 덕진구 감수길 50
전주시,구주경로당,전주시 덕진구 추천로 76-10
전주시,남양아파트경로당,전주시 덕진구 팔복1길 8
전주시,덕송경로당,전주시 덕진구 덕촌길 6
전주시,덕수여자경로당,전주시 덕진구 추천로 143-1
전주시,덕우경로당,전주시 덕진구 덕촌길 6
전주시,동곡경로당,전주시 덕진구 동곡안길 22-2
전주시,백수경로당,전주시 덕진구 추천로 143-1
전주시,복덕부녀경로당,전주시 덕진구 기린대로 718-12
전주시,복지여자경로당,전주시 덕진구 팔복1길 7-6
전주시,상리경로당,전주시 덕진구 상리5길 8-3
전주시,새터경로당,전주시 덕진구 팔복3길 26
전주시,신복경로당,전주시 덕진구 신복6길 22-2
전주시,야전경로당,전주시 덕진구 야전2길 27-4
전주시,용암경로당,전주시 덕진구 반룡2길 44
전주시,유상경로당,전주시 덕진구 유상1길 6
전주시,자인경로당,전주시 덕진구 신복2길 8-35
전주시,추천경로당,전주시 덕진구 추천4길 34-4
전주시,칠일경로당,전주시 덕진구 추천1길 14
전주시,팔복LH아파트경로당,전주시 덕진구 팔과정로 168
전주시,e편한세상우아아파트경로당,전주시 덕진구 우아로 50
전주시,공원경로당,전주시 덕진구 우아6길 24
전주시,기영경로당,전주시 덕진구 안골5길 7-4
전주시,럭키우아아파트경로당,전주시 덕진구 안덕원3길 10
전주시,신기경로당,전주시 덕진구 신기2길 5
전주시,우성경로당,전주시 덕진구 견훤로 497
전주시,우신마을경로당,전주시 덕진구 견훤로 495
전주시,우아한시티경로당,전주시 덕진구 우아로 33
전주시,장재마을경로당,전주시 덕진구 장재길 55-3
전주시,가소경로당,전주시 덕진구 가소길 47
전주시,공덕경로당,전주시 덕진구 삼천공덕길 86
전주시,관암경로당,전주시 덕진구 관암길 8
전주시,금상경로당,전주시 덕진구 수리재길 63
전주시,산재경로당,전주시 덕진구 산재마을길 76-4
전주시,삼거경로당,전주시 덕진구 삼거1길 61-7
전주시,삼천경로당,전주시 덕진구 삼천공덕길 32
전주시,석소경로당,전주시 덕진구 석소2길 14-5
전주시,아중롯데아파트경로당,전주시 덕진구 중상보로 10
전주시,안덕원경로당,전주시 덕진구 동부대로 593-8
전주시,엘드파크힐경로당,전주시 덕진구 안덕원2길 32
전주시,오지오경로당,전주시 덕진구 석소2길 30
전주시,왜망실경로당,전주시 덕진구 용계길 14
전주시,우아기린경로당,전주시 덕진구 진버들1길 75
전주시,우아진흥하이츠경로당,"전주시 덕진구 안덕원1길 30, 101동 104호(남), 105호(여)"
전주시,우정신세계경로당,전주시 덕진구 동부대로 575
전주시,원금상경로당,전주시 덕진구 수리재길 109-1
전주시,원산정경로당,전주시 덕진구 원산정안길 40
전주시,인교경로당,전주시 덕진구 인교5길 21-3
전주시,진버들대우2차경로당,전주시 덕진구 진버들5길 10
전주시,행치경로당,전주시 덕진구 행치길 24-6
전주시,고당경로당,전주시 덕진구 고당3길 7
전주시,기노당경로당,전주시 덕진구 호성로 40
전주시,농은경로당,전주시 덕진구 농은길 19
전주시,동산경로당,전주시 덕진구 호성동산길 57
전주시,동신3차경로당,전주시 덕진구 동부대로 785
전주시,동신남자경로당,전주시 덕진구 동부대로 787
전주시,동신부녀경로당,전주시 덕진구 동부대로 787
전주시,동아경로당,전주시 덕진구 호성2길 16
전주시,만수경로당,"전주시 덕진구 호성로 136, 진흥더블2단지"
전주시,봉암경로당,전주시 덕진구 봉암길 56
전주시,신동아경로당,전주시 덕진구 호성1길 29
전주시,신동아2차아파트경로당,전주시 덕진구 호성1길 30
전주시,신중경로당,전주시 덕진구 호성신중길 35
전주시,오산경로당,전주시 덕진구 오매오산길 28
전주시,오산여자경로당,전주시 덕진구 오산윗길 42
전주시,우호경로당,전주시 덕진구 호성1길 16
전주시,유원경로당,전주시 덕진구 소리로 191-1
전주시,진흥더블파크1단지경로당,전주시 덕진구 호성로 132
전주시,진흥더블파크3단지경로당,전주시 덕진구 호성로 170
전주시,텃골경로당,전주시 덕진구 텃골길 34
전주시,하오경로당,전주시 덕진구 하오신흥길 5
전주시,한촌경로당,전주시 덕진구 한사월길 23
전주시,호성주공1단지경로당,전주시 덕진구 소리로 179
전주시,호성주공2단지경로당,전주시 덕진구 소리로 179
전주시,화정경로당,전주시 덕진구 화정길 60
전주시,광진한솔경로당,전주시 덕진구 솔내8길 25
전주시,노송정경로당,전주시 덕진구 천마산로 33
전주시,송천경로당,전주시 덕진구 솔내5길 10-28
전주시,송천KCC스위첸경로당,전주시 덕진구 오송1길 37-17
전주시,송천동현대2차아파트경로당,전주시 덕진구 솔내로 124
전주시,송천뜨란채경로당,전주시 덕진구 붓내3길 29
전주시,송천비사벌경로당,전주시 덕진구 송천중앙로 212
전주시,송천사랑경로당,전주시 덕진구 솔내8길 40-5
전주시,송천아이파크5단지경로당,전주시 덕진구 오송로 45
전주시,송천아이파크6단지경로당,전주시 덕진구 오송로 47
전주시,송천여자경로당,전주시 덕진구 송천중앙로 100-5
전주시,송천진흥더블파크경로당,전주시 덕진구 천마산로 100
전주시,송학아파트경로당,전주시 덕진구 솔내5길 5
전주시,신동비사벌경로당,전주시 덕진구 붓내1길 9
전주시,신일경로당,전주시 덕진구 솔내로 142
전주시,에코시티KCC스위첸아파트경로당,전주시 덕진구 세병로 184
전주시,에코시티더샵경로당,전주시 덕진구 세병로 42
전주시,에코시티더샵2차아파트경로당,전주시 덕진구 세병로 175
전주시,에코시티더샵3차아파트경로당,전주시 덕진구 세병로 136
전주시,에코시티데시앙12블럭경로당,전주시 덕진구 백석로 145
전주시,에코시티데시앙14블럭경로당,전주시 덕진구 세병로 210
전주시,에코시티데시앙4블록경로당,전주시 덕진구 세병로 41
전주시,에코시티데시앙5블럭경로당,전주시 덕진구 세병로 85
전주시,에코시티데시앙7블럭경로당,전주시 덕진구 세병로 112
전주시,에코시티데시앙8블럭경로당,전주시 덕진구 세병로 130
전주시,에코시티데시앙네스트3블럭아파트경로당,전주시 덕진구 세병로 90
전주시,에코시티자이2차아파트경로당,전주시 덕진구 세병로 131
전주시,에코시티자이아파트경로당,전주시 덕진구 세병로 111
전주시,에코시티휴먼빌아파트경로당,전주시 덕진구 세병로 74
전주시,영창드림경로당,전주시 덕진구 솔내6길 7
전주시,오성비둘기아파트경로당,전주시 덕진구 솔내4길 17
전주시,우림경로당,전주시 덕진구 솔내9길 7
전주시,태화송림타워경로당,전주시 덕진구 붓내2길 17
전주시,한라비발디2단지경로당,전주시 덕진구 천마산로 115
전주시,현대3차아파트경로당,전주시 덕진구 사근1길 11-6
전주시,현대4차경로당,전주시 덕진구 솔내로 120
전주시,현대아파트경로당,전주시 덕진구 천마산로 31
전주시,기안경로당,전주시 덕진구 전미월평1길 45-2
전주시,대명궁궐경로당,전주시 덕진구 시천로 43
전주시,라이프경로당,전주시 덕진구 송천2길 25
전주시,롯데남자경로당,전주시 덕진구 시천로 81
전주시,롯데여자경로당,전주시 덕진구 시천로 81
전주시,무지개아파트경로당,전주시 덕진구 용소로 103
전주시,미산경로당,전주시 덕진구 숨멀길 6
전주시,벽산경로당,전주시 덕진구 송천3길 55
전주시,비사벌경로당,전주시 덕진구 송천2길 20
전주시,삼성경로당,전주시 덕진구 송천로 109
전주시,서호2차경로당,전주시 덕진구 송천로 43
전주시,서호정경로당,전주시 덕진구 송천로 31
전주시,센트럴1단지경로당,전주시 덕진구 송천로 1
전주시,센트럴파크2단지경로당,전주시 덕진구 호반로 11
전주시,솔내마을동아아파트경로당,전주시 덕진구 와룡2길 15
전주시,송천광신프로그레스아파트경로당,전주시 덕진구 용소로 112
전주시,송천쌍용1차아파트경로당,전주시 덕진구 와룡로 40
전주시,송천자이아파트경로당,전주시 덕진구 두간6길 10
전주시,송천케이제이라미안아파트경로당,전주시 덕진구 두간6길 9
전주시,시영경로당,전주시 덕진구 와룡로 100
전주시,쌍용2차아파트경로당,전주시 덕진구 와룡로 50
전주시,연봉경로당,전주시 덕진구 연봉길 30
전주시,용소경로당,전주시 덕진구 송천3길 6-9
전주시,용소제일아파트경로당,전주시 덕진구 송천3길 44-9
전주시,용흥경로당,전주시 덕진구 용흥길 12
전주시,월신회경모경로당,전주시 덕진구 전미월평6길 12-2
전주시,은평경로당,전주시 덕진구 은평길 31
전주시,전당경로당,전주시 덕진구 전당길 39
전주시,주정경로당,전주시 덕진구 주정리길 22
전주시,진기경로당,전주시 덕진구 진기길 47
전주시,진조경로당,전주시 덕진구 진조리길 81
전주시,한양경로당,전주시 덕진구 가리내로 550
전주시,한양여자경로당,전주시 덕진구 가리내로 550
전주시,곡천경로당,전주시 덕진구 곡천길 48
전주시,남양경로당,전주시 덕진구 쪽구름로 123
전주시,남정동경로당,전주시 덕진구 남정신기길 84
전주시,당마경로당,전주시 덕진구 당마길 30
전주시,대창하이빌경로당,전주시 덕진구 반월4길 15
전주시,도덕여자경로당,전주시 덕진구 고잔2길 42
전주시,매암경로당,전주시 덕진구 매암길 25
전주시,반월2LH아파트경로당,전주시 덕진구 혁신로 665
전주시,반월주공경로당,전주시 덕진구 반월3길 17
전주시,삼오아파트경로당,전주시 덕진구 반월5길 8
전주시,서당마을경로당,전주시 덕진구 서당길 14-12
전주시,성곡경로당,전주시 덕진구 성곡길 16-1
전주시,성덕경로당,전주시 덕진구 원성덕길 14
전주시,성덕여자경로당,전주시 덕진구 원성덕길 14
전주시,세움펠리피아2차아파트경로당,전주시 덕진구 혁신로 727
전주시,세움펠리피아아파트경로당,전주시 덕진구 쪽구름2길 9
전주시,신구증경로당,전주시 덕진구 신증길 36
전주시,신성(조촌동)경로당,전주시 덕진구 신성안길 30-6
전주시,신유강경로당,전주시 덕진구 신유강길 8-1
전주시,신정경로당,전주시 덕진구 화전신정길 53-1
전주시,실리경로당,전주시 덕진구 실리2길 29
전주시,영무예다음경로당,전주시 덕진구 반월4길 16
전주시,용신경로당,전주시 덕진구 용암길 73
전주시,용정구원경로당,전주시 덕진구 용덕길 30-11
전주시,원동경로당,전주시 덕진구 원동마을길 48
전주시,원동부녀경로당,전주시 덕진구 원동마을길 48
전주시,원반월경로당,전주시 덕진구 원반월안길 6
전주시,월곡마을경로당,전주시 덕진구 용정서월길 8-10
전주시,재남경로당,전주시 덕진구 재남길 84
전주시,중앙경로당,전주시 덕진구 쪽구름2길 17-9
전주시,청복경로당,전주시 덕진구 청복안길 30
전주시,청아경로당,전주시 덕진구 고잔2길 29
전주시,칠정마을경로당,전주시 덕진구 대정안길 23
전주시,팔선동마을경로당,전주시 덕진구 팔선길 57
전주시,한강경로당,전주시 덕진구 쪽구름로 133
전주시,화신경로당,전주시 덕진구 굴신길 25
전주시,화전경로당,전주시 덕진구 원화전1길 29
전주시,흥덕경로당,전주시 덕진구 동계1길 6
전주시,고랑명성경로당,전주시 덕진구 동부대로 1553
전주시,공영아파트경로당,전주시 덕진구 기린대로 1018-7
전주시,구사경로당,전주시 덕진구 덕용1길 25-22
전주시,대승경로당,전주시 덕진구 덕용1길 52
전주시,덕용경로당,전주시 덕진구 덕용1길 21
전주시,동국경로당,전주시 덕진구 쪽구름로 53
전주시,동산한강경로당,전주시 덕진구 여산로 227
전주시,동인경로당,전주시 덕진구 쪽구름3길 39-33
전주시,방초경로당,전주시 덕진구 방초길 22-2
전주시,백우동산경로당,"전주시 덕진구 편운로 37, 1206호"
전주시,부동경로당,전주시 덕진구 부동길 23
전주시,신흥경로당,전주시 덕진구 신흥마을길 179
전주시,양마경로당경로당,전주시 덕진구 양마마을길 53-2
전주시,여실경로당,전주시 덕진구 여암1길 30
전주시,여의동영무예다음아파트경로당,전주시 덕진구 혁신로 655
전주시,여의동제일아파트경로당,전주시 덕진구 쪽구름로 19
전주시,용정마을경로당,전주시 덕진구 용정길 85
전주시,우신경로당,전주시 덕진구 편운로 54-68
전주시,원여의경로당,전주시 덕진구 여암2길 30
전주시,원장동경로당,전주시 덕진구 원장동길 57
전주시,월곡경로당,전주시 덕진구 쪽구름5길 17-26
전주시,장동에코르경로당,전주시 덕진구 정암길 19
전주시,정암경로당,전주시 덕진구 정암길 8
전주시,태평경로당,전주시 덕진구 양마로 85-18
전주시,평리경로당,전주시 덕진구 평리마을길 64
전주시,화개경로당,전주시 덕진구 화개길 27
전주시,두현마을경로당,전주시 덕진구 두현길 21
전주시,만성골드클래스아파트경로당,전주시 덕진구 만성로 181
전주시,만성시티프라디움아파트경로당,전주시 덕진구 만성동로 47
전주시,만성에코르1단지경로당,전주시 덕진구 만성로 147
전주시,만성에코르2단지경로당,전주시 덕진구 만성로 180
전주시,만성중흥에스클래스아파트경로당,전주시 덕진구 만성로 150
전주시,만성퍼스트리움경로당,전주시 덕진구 만성동로 16
전주시,엘에이치이노팰리스경로당,전주시 덕진구 틀못4길 33
전주시,우미린2단지경로당,전주시 덕진구 틀못4길 17
전주시,전북혁신우미린1단지경로당,전주시 덕진구 오공로 70
전주시,전북혁신호반베르디움1차경로당,전주시 덕진구 오공로 71
전주시,전북혁신호반베르디움3차경로당,전주시 덕진구 오공로 100
전주시,제일풍경채경로당,전주시 덕진구 만성동로 48
전주시,혁신중흥에스클래스경로당,전주시 덕진구 틀못3길 16
전주시,호반베르디움더클래스경로당,전주시 덕진구 출판로 87
전주시,호반센트럴2경로당,전주시 덕진구 출판로 69
군산시,상평경로당,군산시 옥구읍 상평향교길 9-6
군산시,선제경로당,군산시 옥구읍 우치산2길 12
군산시,가산경로당,군산시 옥구읍 수산길 73
군산시,김제촌경로당,군산시 옥구읍 옥구동로 323
군산시,오곡경로당,군산시 옥구읍 오곡길 2
군산시,마산경로당,군산시 옥구읍 서마산길 32
군산시,우포경로당,군산시 옥구읍 우포길 17
군산시,수왕경로당,군산시 옥구읍 옥구남로 214
군산시,신장경로당,군산시 옥구읍 오곡길 196
군산시,신평경로당,군산시 옥구읍 이곡신평길 83
군산시,신기경로당,군산시 옥구읍 수산길 113
군산시,개정경로당,군산시 옥구읍 개구멀길 3
군산시,어은동경로당,군산시 옥구읍 어은동로 299
군산시,다기경로당,군산시 옥구읍 다기길 7-6
군산시,중야경로당,군산시 옥구읍 중야1길 128-11
군산시,원이곡경로당,군산시 옥구읍 옥구동로 106
군산시,우치산경로당,군산시 옥구읍 우치산2길 45
군산시,사호촌경로당,군산시 옥구읍 양포3길 36
군산시,상산경로당,군산시 옥구읍 상산길 82
군산시,양등경로당,군산시 옥구읍 양등길 39
군산시,상평사랑여성경로당,군산시 옥구읍 상평향교길 16-6
군산시,광야경로당,군산시 옥구읍 광야2길 78-2
군산시,신어은경로당,군산시 옥구읍 신어은길 111-23
군산시,둔산경로당,군산시 옥구읍 둔산1길 54
군산시,정리경로당,군산시 옥구읍 수레기길 23-4
군산시,오산경로당,군산시 옥구읍 자라메길 45
군산시,척동경로당,군산시 옥구읍 척동길 17
군산시,평유경로당,군산시 옥구읍 평유길 23
군산시,칠호촌경로당,군산시 옥구읍 옥봉들길 61
군산시,금당경로당,군산시 옥산면 하포로 325
군산시,금성경로당,군산시 옥산면 배그매2길 33-5
군산시,여로경로당,군산시 옥산면 여로1길 43
군산시,대려경로당,군산시 옥산면 대려1길 30
군산시,봉황경로당,군산시 옥산면 봉황길 89
군산시,접산경로당,군산시 옥산면 접산길 5-3
군산시,북내경로당,군산시 옥산면 북내길 79
군산시,남내경로당,군산시 옥산면 남내안길 50
군산시,대상경로당,군산시 옥산면 산성로 194 대상주택
군산시,망동경로당,군산시 옥산면 망동1길 50-6
군산시,우동경로당,군산시 옥산면 우동1길 62
군산시,구성경로당,군산시 옥산면 구성길 25
군산시,봉서경로당,군산시 옥산면 돌머리안길 13
군산시,백석마을경로당,군산시 옥산면 당북리 백석안길 58
군산시,힐스테이트은파경로당,군산시 옥산면 월명로 45
군산시,대광로제비앙아파트경로당,군산시 옥산면 월명로 55
군산시,오봉경로당,군산시 회현면 오봉길 68
군산시,용연경로당,군산시 회현면 하포로 691-1
군산시,월하산경로당,군산시 회현면 월하산2길 3
군산시,옥성경로당,군산시 회현면 금광옥성길 22-9
군산시,회현경로당,군산시 회현면 회현로 206
군산시,계림경로당,군산시 회현면 회현초교1길 17
군산시,풍성경로당,군산시 회현면 회미로 513
군산시,신당경로당,군산시 회현면 신당1길 24
군산시,표산경로당,군산시 회현면 표산길 29
군산시,구율경로당,군산시 회현면 구율3길 3
군산시,구복경로당,군산시 회현면 구복들길 23-2
군산시,수선화경로당,군산시 회현면 회현로 200-4
군산시,옥삼경로당,군산시 회현면 옥삼길 18
군산시,증석경로당,군산시 회현면 증석1길 18
군산시,척동경로당,군산시 회현면 자골길 30-13 
군산시,구풍촌경로당,군산시 회현면 풍성길 34-11
군산시,구학당경로당,군산시 회현면 대위로 348-3
군산시,옥흥경로당,군산시 회현면 금광옥흥길 31
군산시,방채경로당,군산시 회현면 방채길 54
군산시,용화경로당,군산시 회현면 용화1길 49
군산시,월평경로당,군산시 회현면 대위로 539
군산시,죽동경로당,군산시 회현면 죽동1길 24
군산시,오산촌경로당,군산시 회현면 남군산로 526
군산시,월평2구경로당,군산시 회현면 월평길 43-2
군산시,대위경로당, 군산시 회현면 대위안길 19
군산시,신기촌경로당,군산시 회현면 아래신기길 34
군산시,술산경로당,군산시 임피면 중전길 6
군산시,축산경로당,군산시 임피면 축산1길 13
군산시,노성경로당,군산시 임피면 동헌길 32
군산시,중갈경로당,군산시 임피면 중갈길 18
군산시,성남경로당,군산시 임피면 성터길 26
군산시,하전여자경로당,군산시 임피면 중전길 6
군산시,서원경로당,군산시 임피면 임피서길 30
군산시,보석경로당,군산시 임피면 구절길 2-4
군산시,사랑의집,군산시 임피면 임피성내길 24-5
군산시,영창경로당,군산시 임피면 탑천로 488
군산시,신기경로당,군산시 임피면 영창신기길 79
군산시,만석경로당,군산시 임피면 만석길 58-1
군산시,석곡경로당,군산시 임피면 서원석곡로 204
군산시,보암경로당,군산시 임피면 보석보암길 14-4
군산시,공창경로당,군산시 임피면 공창길 43
군산시,미산경로당,군산시 임피면 우곡제길 11-7
군산시,서상경로당,군산시 임피면 임피안길 15-9
군산시,금산경로당,군산시 임피면 신털매길 29-2
군산시,안흥경로당,군산시 임피면 안흥안길 24
군산시,상갈경로당,군산시 임피면 탑천로 416
군산시,상전경로당,군산시 임피면 술산길 30
군산시,죽엽경로당,군산시 임피면 죽엽길 67-18
군산시,계남경로당,군산시 임피면 계남길 26
군산시,양주경로당,군산시 임피면 상전길 58
군산시,상주경로당,군산시 임피면 남산로 46
군산시,창성경로당,군산시 임피면 영창성길 15-16
군산시,서황경로당,군산시 임피면 서황길 39
군산시,남서원경로당,군산시 임피면 남서원길 6
군산시,남산경로당,군산시 임피면 보석남산길 27-4
군산시,중전경로당,군산시 임피면 중전길 20-8
군산시,서모경로당,군산시 임피면 서모샛길 6
군산시,소령경로당,군산시 임피면 소령길 40
군산시,중하경로당,군산시 임피면 하갈길 15
군산시,왕산경로당,군산시 임피면 왕산1길 95-1
군산시,동상경로당,군산시 임피면 임피2길 73
군산시,서수경로당,군산시 서수면 항쟁로 236-6
군산시,화등경로당,군산시 서수면 화등길 68-6
군산시,금암경로당,군산시 서수면 상금길 5
군산시,삼성경로당,군산시 서수면 산간길 15
군산시,상장곤경로당,군산시 서수면 상장곤길 16
군산시,복지경로당,군산시 서수면 탑천로 596
군산시,호산경로당,군산시 서수면 호산길 38
군산시,신기촌경로당,군산시 서수면 신기촌2길 18-5
군산시,복우경로당,군산시 서수면 내무장길 16
군산시,하장곤경로당,군산시 서수면 하장곤1길 11
군산시,신구경로당,군산시 서수면 신구1길 73-2
군산시,하용전경로당,군산시 서수면 하용전길 12
군산시,아이경로당,군산시 서수면 탑천로 591
군산시,원관원경로당,군산시 서수면 원관원길 35
군산시,산간경로당,군산시 서수면 산간길 61-1
군산시,내흥경로당,군산시 서수면 흥법길 59-4
군산시,장자경로당,군산시 서수면 장자길 1-22
군산시,마포경로당,군산시 서수면 마포길 29
군산시,하금경로당,군산시 서수면 금암초교길 10-9
군산시,성자경로당,군산시 서수면 호산길 27-25
군산시,옥하경로당,군산시 서수면 옥하길 10-1
군산시,월암경로당,군산시 서수면 월암길 16-6
군산시,용성경로당,군산시 서수면 항쟁로 277
군산시,신중용귀경로당,군산시 서수면 신중용2길 35-18
군산시,원용귀경로당,군산시 서수면 원용귀길 14
군산시,내무장경로당,군산시 서수면 내무장길 140
군산시,용회경로당,군산시 서수면 용회길 6-2
군산시,오일경로당,군산시 서수면 서수문화길 12-4
군산시,운원경로당,군산시 서수면 운원길 9
군산시,독자개경로당,군산시 서수면 독자길 7
군산시,신상용전경로당,군산시 서수면 하용전길 120
군산시,신장경로당,군산시 서수면 축동신장길 3
군산시,구산경로당,군산시 서수면 신구2길 23
군산시,원화등경로당,군산시 서수면 원화등길 65-1
군산시,외무장마을경로당,군산시 서수면 외무장길 76-88
군산시,대야경로당,군산시 대야면 석화로 19
군산시,탑동경로당,군산시 대야면 탑동길 45-10
군산시,양지경로당,군산시 대야면 우덕1길 9
군산시,덕봉경로당,군산시 대야면 덕봉2길 63
군산시,내덕경로당,군산시 대야면 내덕길 70-6
군산시,금반경로당,군산시 대야면 금반길 11
군산시,서악경로당,군산시 대야면 서악길 42
군산시,외덕경로당,군산시 대야면 외덕길 46-3
군산시,장좌경로당,군산시 대야면 장좌길 66
군산시,남우경로당,군산시 대야면 남우길 9
군산시,오산경로당,군산시 대야면 석화로 74
군산시,석화경로당,군산시 대야면 대야관통로 197
군산시,대야여성경로당,군산시 대야면 우덕1길 9
군산시,접산경로당,군산시 대야면 원접산길 26
군산시,신월경로당,군산시 대야면 만경로 1929-19
군산시,덕곡경로당,군산시 대야면 덕곡길 20
군산시,상리경로당,군산시 대야면 상리길 32
군산시,남만자경로당,"군산시 대야면 대야관통로 26, 한신타운 2층"
군산시,원두경로당,군산시 대야면 원두길 37
군산시,신창경로당,군산시 대야면 복교신창길 31
군산시,신동경로당,군산시 대야면 신동길 64-1
군산시,광산경로당,군산시 대야면 서광산길 12
군산시,라궁경로당,군산시 대야면 라궁길 10
군산시,하광경로당,군산시 대야면 하광2길 28
군산시,대광경로당,군산시 대야면 대광길 32-2
군산시,동만자경로당,군산시 대야면 만자샛길 10
군산시,오동경로당,군산시 대야면 서악길 78
군산시,야주경로당,군산시 대야면 야중길 26
군산시,경창경로당,군산시 대야면 경창길 19
군산시,신복경로당,군산시 대야면 신복길 32-1
군산시,대차경로당,군산시 대야면 대차길 18-1
군산시,장자경로당,군산시 대야면 장자골길 87-23
군산시,고척경로당,군산시 대야면 고척길 140
군산시,신촌경로당,군산시 대야면 복교신촌길 34-4
군산시,안정경로당,군산시 대야면 보덕안정길 61
군산시,용절경로당,군산시 대야면 용절길 16
군산시,함열경로당,군산시 대야면 함열촌길 15
군산시,초산경로당,군산시 대야면 수림로 194
군산시,내상경로당,군산시 대야면 내상길 21-10
군산시,우덕경로당,군산시 대야면 우덕실길 36
군산시,명성경로당,군산시 대야면 석화로 21-10(명성파크맨션)
군산시,탑동여자경로당,군산시 대야면 탑동길 50
군산시,무지개아파트경로당,군산시 대야면 수림로 7-10
군산시,중광경로당,군산시 대야면 중옥안길 8
군산시,고산경로당,군산시 대야면 고산촌길 18-1
군산시,삼길경로당,군산시 대야면 삼길1길 25
군산시,내기경로당,군산시 대야면 내기길 2
군산시,백마경로당,군산시 대야면 대야관통로 60-12
군산시,율북경로당,군산시 개정면 아동남로 16
군산시,동정경로당,군산시 개정면 동정1길 75
군산시,충량경로당,군산시 개정면 충량1길 64
군산시,아촌경로당,군산시 개정면 아동북길 97
군산시,호덕경로당,군산시 개정면 아동북길 15
군산시,송호경로당,군산시 개정면 송호3길 23
군산시,당산경로당,군산시 개정면 당산1길 55
군산시,와룡경로당,군산시 개정면 운회길 133
군산시,정수경로당,군산시 개정면 정수길 12
군산시,아산경로당,군산시 개정면 아산1길 37
군산시,원아산경로당,군산시 개정면 원아산2길 27
군산시,월령경로당,군산시 개정면 최호장군길 128-4
군산시,원발산경로당,군산시 개정면 바르메길 155-2
군산시,대방경로당,군산시 개정면 대방1길 1
군산시,신발산경로당,군산시 개정면 바르메길 64-5
군산시,대황경로당,군산시 개정면 대황3길 12
군산시,능동경로당,군산시 개정면 능동1길 12-4
군산시,신장산경로당,군산시 개정면 통사길 15
군산시,우산경로당,군산시 개정면 우산길 60
군산시,옥석경로당,군산시 개정면 옥석길 3-2
군산시,신흥경로당,군산시 개정면 옥흥길 8-8
군산시,남발산경로당,군산시 개정면 바르메길 16-11
군산시,능동2구경로당,군산시 개정면 능동2길 21
군산시,문화마을경로당,군산시 개정면 개정문화길 33-12
군산시,신동화1경로당,군산시 개정면 신동화1길 18-1
군산시,성일경로당,군산시 성산면 동군산로 31-3
군산시,대동경로당,군산시 성산면 큰골길 32
군산시,대명경로당,군산시 성산면 옥곡길 36
군산시,성일여자경로당,군산시 성산면 성일길 2-6
군산시,산동경로당,군산시 성산면 창오1길 4-1
군산시,상작경로당,군산시 성산면 상작2길37-20
군산시,창암경로당,군산시 성산면 창암길 41
군산시,성덕경로당,군산시 성산면 성덕길 56
군산시,만줄경로당,군산시 성산면 만줄길 26-2
군산시,상흥경로당,군산시 성산면 오성로 167-3
군산시,수심경로당,군산시 성산면 수심길 37-8
군산시,고봉경로당,군산시 성산면 고봉2길 66
군산시,산곡경로당,군산시 성산면 산곡1길 16
군산시,작촌경로당,군산시 성산면 깐치멀1길 29
군산시,창오경로당,군산시 성산면 창오1길 21
군산시,만동경로당,군산시 성산면 만동2길 62
군산시,산남경로당,군산시 성산면 산남길 38
군산시,식천경로당,군산시 성산면 식천1길 28
군산시,창안경로당,군산시 성산면 창안길 80
군산시,구작경로당,군산시 성산면 깐치멀1길 61
군산시,도암경로당,군산시 성산면 북일길 105
군산시,둥지아파트경로당,군산시 성산면 북일길 10
군산시,기린마을경로당,군산시 성산면 기린2길 42
군산시,요동경로당,군산시 성산면 요동길 35
군산시,중흥경로당,군산시 성산면 둔덕4길 34-1
군산시,곡동경로당,군산시 성산면 곡동길 18
군산시,둔덕경로당,군산시 성산면 둔덕2길 45
군산시,마동경로당,군산시 성산면 마동2길 52
군산시,여방경로당,군산시 성산면 여방1길 122
군산시,흔옥경로당,군산시 성산면 오성로 67
군산시,대동경로당,군산시 나포면 대동길 16
군산시,둔기경로당,군산시 나포면 둔기길 15-11
군산시,원서포경로당,군산시  나포면 원서포길 76
군산시,원나포경로당,군산시 나포면 철새로 987-1
군산시,진장경로당,군산시 나포면 진장1길 81
군산시,신촌경로당,군산시 나포면 주곡신촌길 13
군산시,부곡경로당,군산시 나포면 우곡제길 186
군산시,와촌경로당,군산시 나포면 내와촌길 41
군산시,후죽경로당,군산시 나포면 후죽길 74
군산시,서지경로당,군산시 나포면 서지길 17
군산시,강정경로당,군산시 나포면 강정2길 47
군산시,교동경로당,군산시 나포면 교동1길 22
군산시,문화경로당,군산시 나포면 옥곤문화2길 39
군산시,등동경로당,군산시 나포면 등동1길 34
군산시,외곡경로당,군산시 나포면 외곡길 24
군산시,원주곡경로당,군산시 나포면 뜰아름길 64
군산시,원부곡경로당,군산시 나포면 원부곡길 20
군산시,외곤경로당,군산시 나포면 외곤1길 45-14
군산시,원장상경로당,군산시 나포면 고상골길 45-14
군산시,서왕경로당,군산시 나포면 서왕길 22-3
군산시,혜곡경로당,군산시 나포면 혜곡길 25-5
군산시,신방경로당,군산시 나포면 입점고분길 43
군산시,군둔경로당,군산시 나포면 군둔길 162-8
군산시,신성경로당,군산시 나포면 신성1길 8
군산시,내촌경로당,군산시 나포면 서포로 45
군산시,옥동경로당,군산시 나포면 옥동1길 16
군산시,신기경로당,군산시 나포면 서포신기길 11
군산시,개야경로당,군산시 옥도면 개야도길 59-3
군산시,개야2구경로당,군산시 옥도면 개야도 8길 1-2
군산시,연도경로당,군산시 옥도면 연도1길 4
군산시,신시도경로당,군산시 옥도면 신시도길 83-5
군산시,야미도경로당,군산시 옥도면 야미도3길 25-2
군산시,어청도경로당,군산시 옥도면 어청도길 91-1
군산시,무녀1구경로당,군산시 옥도면 무녀도4길 24
군산시,비안도경로당,군산시 옥도면 비안도3길 9-2
군산시,선유3구경로당,군산시 옥도면 선유도3길 33-4
군산시,선유2구경로당,군산시 옥도면 선유북길 68
군산시,관리도경로당,군산시 옥도면 관리도길 56
군산시,옥서경로당,군산시 옥서면 원성산1길 36
군산시,남수라경로당,군산시 옥서면 남수라1길 21
군산시,남동경로당,군산시 남동3길 13
군산시,계산경로당,군산시 옥서북길 129
군산시,내성산경로당,군산시 옥서면 원성산1길 50-5
군산시,외성산경로당,군산시 옥서면 옥구저수지로 152
군산시,삼숭경로당,군산시 옥서면 구호촌길 34
군산시,오산촌경로당,군산시 옥서면 양포로 115
군산시,송촌경로당,군산시 옥서면 옥서서길 22
군산시,산동경로당,군산시 옥서면 산동길 45
군산시,장전경로당,군산시 옥서면 선연장전길 22
군산시,장원경로당,군산시 옥서면 선연장원길 17-7
군산시,성남동경로당,군산시 옥서면 성남동길 43
군산시,원성산경로당,군산시 옥서면 원성산1길 36
군산시,신촌경로당,군산시 옥서면 신오산길 169
군산시,신장원경로당,군산시 옥서면 신장원길 16-7
군산시,삼거리경로당,군산시 옥서면 옥봉초교길 2-17
군산시,신성경로당,군산시 옥서면 옥구로 372
군산시,신동경로당,군산시 옥서면 신동1길 123
군산시,해망경로당,군산시 해망로 321 (해망동)
군산시,금동동신아파트경로당,군산시 구영신창길 77(금동)
군산시,금동경로당,군산시 중앙로 228-4 (금동)
군산시,신흥경로당,군산시 절골2길 17-2(신흥동) 
군산시,희망경로당,군산시 장계1길 7-8 (해망동)
군산시,한신아파트경로당,"군산시 구영1길 113, 110호 (금동, 한신88맨션아파트) "
군산시,희망루아파트경로당,"군산시 월명로 584(해망동,희망루아파트)"
군산시,월명경로당,군산시 월명1길 17-1(월명동)
군산시,영화동경로당,군산시 구영4길 15-15(영화동)
군산시,신월중경로당,군산시 구영3길 31-7
군산시,클래시움아파트경로당,군산시 월명1길 3
군산시,현대오솔경로당,"군산시 구영5길 21-3(월명동,현대오솔아파트)"
군산시,창성주공아파트경로당,"군산시 창성1길 10(창성동,창성주공아파트)"
군산시,군산경로당,군산시 개복길 35(개복동)군산시 개복동 12-5(임시경로당 주소)
군산시,선양경로당,군산시 아리랑로 36(선양동)
군산시,선명경로당,군산시 오룡재길 46(선양동)
군산시,명성경로당,군산시 선양1길 16-1
군산시,행우경로당,군산시 구영2길 38-2(영화동)
군산시,다원파크빌아파트경로당,군산시 구영6길 31 101동 103호(다원파크빌아파트)
군산시,삼오경로당,군산시 서해대길 27(오룡동)
군산시,금광삼성아파트경로당,군산시 대학로 114-1 (금광동 삼성아파트 관리사무소 1층)
군산시,서해경로당,군산시 효자길2(삼학동)
군산시,삼학경로당,군산시 삼학안1길 30-8(삼학동)
군산시,삼학동대우아파트경로당,군산시 축동로 188 (삼학동 대우아파트 관리사무소 1층)
군산시,삼학주공아파트경로당,군산시  미원로 61 (삼학동 주공아파트 관리사무소 1층)
군산시,사랑경로당,군산시 삼학3길 48-4(삼학동)
군산시,오룡경로당,군산시 오룡재길 9(오룡동)
군산시,신풍경로당,군산시 신풍길 47(신풍동)
군산시,송산경로당,군산시 송산1길 3-10(송풍동)
군산시,문화경로당,군산시 서흥안2길 40(문화동)
군산시,석치산경로당,군산시 석치안길 22(문화동)
군산시,삼성아파트경로당,"군산시 백토로 93(문화동,삼성아파트)"
군산시,신풍부향경로당,"군산시 신풍길 6, 214호(신풍동,신풍부향하나로아파트)"
군산시,중앙경로당,군산시 백토로 32-7(문화동)
군산시,월명아파트경로당,"군산시 신풍길 22,E동 203호(신풍동, 월명아파트)"
군산시,신송경로당,군산시 신풍1길 20-29(신풍동)
군산시,중금암경로당,군산시 선창2길 17 (중동)
군산시,중동경로당,군산시 서래1길 16-1(중동)
군산시,신영경로당,군산시 싸전길 34-2 (신영동)
군산시,서래경로당,군산시 신금길 76-4 (중동)
군산시,경우경로당,군산시 해망로 146-10 (금암동)
군산시,레비뉴스테이아파트경로당,군산시 대명4길 9
군산시,샘터경로당,군산시 서래안1길 63-2(중동)
군산시,미원경로당,군산시 풍남길 60-1(미원동)
군산시,중3가경로당,군산시 동팔마길 39(장재동 한일A)
군산시,그린장미아파트경로당,군산시 풍문2길 30(장재동 그린장미아파트)
군산시,현대세솔아파트경로당,군산시 풍문2길 35(장재동 현대세솔A)
군산시,대명경로당,군산시 대명2길 16-1(대명동)
군산시,흥남경로당,군산시 월명로 354-21(서흥남동)
군산시,팔마경로당,군산시 팔마안길 10(동흥남동)
군산시,남흥경로당,군산시 서흥2길 56(서흥남동 고려아파트)
군산시,서흥경로당,군산시 동리2길 22(서흥남동)
군산시,에듀힐아파트경로당,군산시 동흥남길 9(서흥남동)
군산시,현대메트로타워경로당,군산시 대명길 3(대명동 현대메트로타워)
군산시,현대메트로타워2차아파트경로당,군산시 구암3.1로 30 205동 201호
군산시,선동경로당,군산시 부골4길 6(조촌동)
군산시,동성경로당,군산시 부골2길 24-3(조촌동)
군산시,조촌경로당,군산시 부골1길 3
군산시,양안경로당,군산시 법원로 96(조촌동)
군산시,동락경로당,군산시 검다메2길 7-4(조촌동)
군산시,경장경로당,군산시 백릉안2길 20-1(경장동)
군산시,삼성아파트경로당,"군산시 백릉로 162(조촌동,삼성아파트)"
군산시,시영아파트경로당,"군산시 양안로 130(조촌동,시영아파트)"
군산시,동신개나리아파트경로당,"군산시 양안로 119(조촌동,동신개나리아파트)"
군산시,현대아파트경로당,"군산시 양안로 120(조촌동,현대아파트)"
군산시,경포경로당,군산시 조촌2길 91(조촌동)
군산시,조우경로당,군산시 양안1길 19-14(조촌동)
군산시,매청경로당,군산시 법원로 19-4(조촌동)
군산시,조촌부향경로당,"군산시 번영로 188-22, 1306호(조촌동,부향아파트)"
군산시,타워서미트경로당,"군산시 공단대로 54(조촌동,타워서미트아파트)"
군산시,경촌경로당,"군산시 경촌안1길 3-3(조촌동,경촌아파트)"
군산시,푸르지오경로당,"군산시 궁포2로 20(조촌동,푸르지오아파트)"
군산시,이편한세상디오션시티경로당,"군산시 궁포2로 25(조촌동,이편한세상디오션시티아파트)"
군산시,경성경로당,군산시 검다메안길 1 (조촌동)
군산시,경암경로당,군산시 경암5길 51-1(경암동)
군산시,경암동여자경로당,군산시 경암5길 124(경암동)
군산시,새한아파트경로당,"군산시 경촌3길 23(경암동,새한아파트)"
군산시,부향아파트경로당,"군산시 경촌1길56(경암동,부향아파트)"
군산시,경포경로당,군산시 서래안1길 14(경암동)
군산시,경마경로당,군산시 경암안1길 13(경암동)
군산시,삼일경로당,군산시 새터길 17(구암동)
군산시,구암경로당,군산시 외산2길 10
군산시,내흥경로당,군산시 안정길 32(내흥동)
군산시,현대apt1차경로당,"군산시 서당길 11(구암동,현대Apt1차아파트)"
군산시,현대apt2차경로당,"군산시 서당길 11(구암동,현대Apt2차아파트)"
군산시,구암세풍아파트경로당,"군산시 영명길 6(구암동,구암세풍아파트)"
군산시,잠두경로당,군산시 잠두2길 47
군산시,궁멀경로당,군산시 구암3.1로 245-6(구암동)
군산시,거척경로당,군산시 거척길 25(내흥동)
군산시,휴먼시아아파트경로당,군산시 궁멀길55-8 104동
군산시,해령경로당,군산시 해령1길 80(내흥동)
군산시,내흥7단지경로당,"군산시 돌끝로 52(내흥동, 내흥7LH아파트)"
군산시,오션클래스경로당,"군산시 내정로 27(내흥동, 오션클래스)"
군산시,내흥3단지경로당,군산시 사옥로 69
군산시,청풍경로당,군산시 번영로 329(사정동)
군산시,금호1차아파트경로당,군산시 내사길 43(사정동)
군산시,금호2차아파트경로당,군산시 두란뜸2길 8(사정동)
군산시,내사경로당,군산시 내사길 25-9(사정동)
군산시,동안경로당,군산시 동안길 48-1(개정동)
군산시,달여경로당,군산시 달여길 63(개정동)
군산시,역전경로당,군산시 번영로 447-17(개정동)
군산시,서개정경로당,군산시 논절길 23(개정동)
군산시,외사경로당,군산시 금동안길 14(사정동)
군산시,동개정경로당,군산시 동개정안길 8(개정동)
군산시,삼수경로당,군산시 삼수안길 25(사정동)
군산시,신덕경로당,군산시 진포3길 34 (수송동)
군산시,수송연립경로당,군산시 축동안1길6 (수송동)
군산시,미장경로당,군산시 진포안2길 44(미장동)
군산시,동신아파트경로당,군산시 축동로 10 (수송동)
군산시,수송현대아파트경로당,군산시 진포1길 10 (수송동)
군산시,예그린아파트경로당,군산시 문화로 205 (미장동)
군산시,동영아파트경로당,군산시 신평길 12 (수송동)
군산시,수송동제일아파트경로당,군산시 축동안길 37 (수송동)
군산시,은파코아루아파트은빛쉼터경로당,군산시 동지곡길 53 (지곡동)
군산시,현대파인빌1차아파트경로당,군산시 문화로 208-8 (미장동)
군산시,현대파인빌2차아파트경로당,군산시 미장안길 55 (수송동)
군산시,정인리경로당,군산시 동메2길 25 (수송동)
군산시,미래경로당,군산시 진포1길 57 (수송동)
군산시,해나지오경로당,군산시 계산로 78 (수송동)
군산시,수송아이파크경로당,군산시 수송동로 91 (수송동)
군산시,오투그란데1단지경로당,"군산시 축동로 42 (수송동,오투그란데 1단지 아파트) "
군산시,수송제일오투그란데2단지경로당,"군산시 축동로 34 (수송동,오투그란데 2단아파트)"
군산시,미장코아루아파트경로당,군산시 미장안길 42 (미장동)
군산시,한라비발디1단지경로당,군산시 수송동로 36 (수송동)
군산시,한라비발디2단지경로당,군산시 수송동로 20 (수송동)
군산시,미장휴먼시아아파트경로당,군산시 경포천로 34 (미장동)
군산시,수송공원쉐르빌경로당,"군산시 경포천로 66 (미장동, 삼성쉐르빌)"
군산시,수송2차오투경로당,"군산시 수송동로 105(수송동,수송2차 703-102)"
군산시,세영리첼아파트경로당,"군산시 수송동로 100(수송동,세영리첼아파트)"
군산시,의정경로당,군산시 진포3길 24-1(수송동)
군산시,쌍용예가경로당,"군산시 계산로 71(지곡동,쌍용예가아파트 관리동 1층)"
군산시,제일풍경채경로당,군산시 미장13길 33(미장동)
군산시,미장아이파크경로당,군산시 미장남로 10(미장동)
군산시,지곡현대엠코타운경로당,군산시 계산로 90(지곡현대엠코타운 107동내)
군산시,군산미장2차아이파크경로당,"군산시 미장안길 45(미장동,미장2차아이파크아파트)"
군산시,청운경로당,군산시 상신2길 15-4(나운동)
군산시,주공3단지경로당,군산시 하나운안1길 40
군산시,대명4차경로당,"군산시 나운로 70, 203호(나운동)"
군산시,현대백조아파트경로당,군산시 상나운1길 30(나운동)
군산시,나운경로당,군산시 나운로 24-4(나운동)
군산시,한신경로당,군산시 상나운로 19
군산시,우진경로당,"군산시 하신재길 18, 12동 106호(나운동,우진아파트)"
군산시,동신진주아파트경로당,"군산시 상신7길 15, 104동 206호"
군산시,그린골드아파트경로당,군산시 상나운1길 25
군산시,보람더하임경로당,군산시 하신3길 7 
군산시,동산연립경로당,"군산시 하신3길 24, 제2동 109호(나운동,동산연립주택)"
군산시,세광타운경로당,군산시 하나운1길 30-1
군산시,동신진주3차아파트경로당,"군산시 상신6길 2,104동 206호(나운동)"
군산시,나운금호어울림센트럴경로당,군산시 하나운2길 15
군산시,대성경로당,"군산시 문화로 36(나운동,주공4차아파트)"
군산시,나운2동주공5차경로당,군산시 백토로 117(나운동)
군산시,금호타운1차아파트경로당,군산시 수송로 49(나운동)
군산시,나운2동금호2차경로당,군산시 수송로 71(나운동)
군산시,삼성경로당,군산시 나운3길 9
군산시,현대2차아파트경로당,"군산시 나운로 39(나운동,현대2차아파트)"
군산시,현대3차아파트경로당,"군산시 나운안2길 8(나운동,현대3차아파트)"
군산시,현대4차경로당,"군산시 나운안1길 24(나운동,현대4차아파트)"
군산시,롯데1차아파트경로당,군산시 하나운로 45(나운동)
군산시,나운2동롯데3차경로당,군산시 하나운로 48(나운동)
군산시,수송금호어울림아파트경로당,군산시 서수송2길 23(나운동)
군산시,유원아파트경로당,군산시 부곡1길 39(나운동)
군산시,현대1차아파트경로당,군산시 현충로 33(나운동)
군산시,미제마을경로당,군산시 미제길 36(미룡동)
군산시,나운서호아파트경로당,"군산시 의료원로 188(나운동,서호아파트)"
군산시,우성아파트경로당,군산시 백토로 230(나운동)
군산시,신일아파트경로당,군산시 의료원로 163(나운동)
군산시,나운롯데4차아파트경로당,"군산시 백토로 242(나운동,나운롯데4차아파트)"
군산시,한울아파트경로당,"군산시 하나운로 20(나운동,한울아파트)"
군산시,나운동신아파트경로당,"군산시 백토로 216(나운동,동신아파트)"
군산시,남전경로당,군산시 한밭3길 10(나운동)
군산시,미룡주공3차아파트경로당,군산시 미룡로 42
군산시,청솔경로당,군산시 나운로 133
군산시,아리랑아파트경로당,"군산시 한밭3길 9,다동 101호(나운동)"
군산시,영창B단지아파트경로당,군산시 의료원로 147(나운동)
군산시,세경아파트경로당,군산시 하나운로 28(나운동)
군산시,관여산경로당,군산시 신관북길 23(신관동)
군산시,원당마을경로당,군산시 관여길 40(미룡동)
군산시,미룡주공1단지경로당,군산시 미룡로 12(미룡동)
군산시,영창A단지아파트경로당,"군산시 의료원로 137(나운동,영창A단지아파트)"
군산시,비사벌아파트경로당,"군산시 하나운로 7(나운동,비사벌아파트)"
군산시,개사마을경로당,군산시 개사길 105-2(개사동)
군산시,미룡주공2단지경로당,"군산시 미룡로 41(미룡동,미룡주공2차아파트)"
군산시,리젠시빌아파트경로당,"군산시 미룡로 64(미룡동,리젠시빌아파트)"
군산시,은파롯데캐슬경로당,"군산시 미룡로 63(미룡동,은파롯데캐슬)"
군산시,미룡베네스타A.P.T경로당,"군산시 용둔길 12(미룡동,금광베네스타아파트)"
군산시,신촌경로당,군산시 신촌남길 19-6(신관동)
군산시,미룡대명아파트경로당,"군산시 칠성4길20 (미룡동,대명2차아파트)"
군산시,동산은파경로당,"군산시 한밭1길 30(나운동,동산은파아파트)"
군산시,한밭경로당,군산시 한밭2길 10(나운동 금호2차아파트 나동 102호)
군산시,장수경로당,"군산시 칠성5길 30(미룡동,부향3차하나로아파트)1층"
군산시,소룡분회경로당,군산시 설림4길 15(소룡동)
군산시,동아아파트경로당,"군산시 동아로 160(소룡동, 동아@)"
군산시,솔고지경로당,군산시 솔꼬지2길 10(소룡동)
군산시,그린서해아파트경로당,"군산시 풍전3길 26(소룡동, 그린서해@)"
군산시,진흥아파트경로당,"군산시 설림안3길 30(소룡동, 진흥@)"
군산시,명성경로당,"군산시 칠성4길 186(소룡동, 명성주택)"
군산시,쉼터경로당,군산시 설림5길 75(소룡동)
군산시,금강골드빌경로당,"군산시 설림2길 33-1(소룡동,금강골드빌아파트)"
군산시,대신경로당,군산시 설림안2길 64
군산시,남전경로당,군산시 풍전4길 10(소룡동)
군산시,성원샹떼빌아파트경로당,"군산시 해망로 447(소룡동,성원상떼빌@)"
군산시,오향경로당,군산시 설림5길 31(소룡동)
군산시,현대경로당,군산시 풍전4길 18(소룡동 현대주택)
군산시,제이파크경로당,군산시 해망로 606(소룡동 제이파크@)
군산시,동아연립경로당,군산시 풍전4길 14(소룡동 동아주택)
군산시,신도시경로당,군산시 풍전6길 16(소룡동 신도시@)
군산시,이화아파트경로당,군산시 설림안3길 26(소룡동 이화@)
군산시,오식도경로당,군산시 오식도동 615-3
군산시,한성필하우스경로당,군산시 요죽길 76
군산시,개원경로당,군산시 미창개원길 56-1
군산시,산북주공아파트경로당,군산시 동아로 145-1
군산시,시영2차아파트경로당,군산시 산북로 162(산북동)
군산시,코오롱아파트경로당,군산시 소룡안3길 24(산북동)
군산시,금강파크맨션경로당,군산시 소룡길 86-5(산북동)
군산시,내초경로당,군산시 내초안길 30(내초동)
군산시,미성경로당,군산시 갈마길 54-5(임시경로당 주소)
군산시,미창경로당,군산시 개원길 15-4(산북동)
군산시,임사경로당,군산시 임사안1길7(산북동)
군산시,장전경로당,군산시 장전안길 2(산북동)
군산시,해성2구경로당,군산시 장전길 9(산북동)
군산시,해성칠구경로당,군산시 해칠길 123-22
군산시,시영1차아파트경로당,군산시 칠성안1길 18(산북동)
군산시,옥성마을경로당,군산시 옥성길 10(산북동)
군산시,해성8구경로당,군산시 해팔길 44-8(신관동)
군산시,칠성사전경로당,군산시 칠성3길 45(산북동)
군산시,거사마을경로당,군산시 거사길 9(개사동)
군산시,서흥경로당,군산시 서흥2구길 37-10 (산북동)
군산시,원산북경로당,군산시 산북로 201-3
군산시,하나리움시티아파트경로당,"군산시 칠성7길 56(산북동), 101동 지하 301호"
군산시,부향4차경로당,"군산시 칠성안4길 39,727호(산북동)"
군산시,옥선경로당,군산시 옥서북1길 37(개사동)
군산시,신창경로당,군산시 신창안길 40-6(산북동)
군산시,금성마을경로당,군산시 금성길 97-4(산북동)
군산시,평화마을경로당,군산시 금성길 128-4(산북동)
군산시,임사2구경로당,군산시 임사길 39(산북동)
군산시,화흥경로당,군산시 화흥길 52(산북동)
익산시,용왕경로당,익산시 함열읍 용왕길 18
익산시,함열경로당,익산시 함열읍 함열1길 79
익산시,미력경로당,익산시 함열읍 미력길 9
익산시,석치경로당,익산시 함열읍 석매석치길 86
익산시,와리경로당,익산시 함열읍 와리3길 38
익산시,와야경로당,익산시 함열읍 와야길 25-2
익산시,함열동신경로당,익산시 함열읍 동신길 14
익산시,정자경로당,익산시 함열읍 정자길 122
익산시,다송경로당,익산시 함열읍 다송방교길 61
익산시,남당경로당,익산시 함열읍 남당길 67
익산시,동지경로당,익산시 함열읍 와리들길 145
익산시,상지원경로당,익산시 함열읍 상지원길 67
익산시,학선여자경로당,익산시 함열읍 학선길 40
익산시,매교경로당,익산시 함열읍 매교길 19
익산시,학선경로당,익산시 함열읍 학선길 6
익산시,멀메경로당,익산시 함열읍 흘산로 511-4
익산시,함열장등경로당,익산시 함열읍 장등길 38
익산시,두라마을경로당,익산시 함열읍 두라길 42
익산시,상시마을 경로당,익산시 함열읍 함열7길 33
익산시,정동경로당,익산시 함열읍 정동길 31
익산시,소지경로당,익산시 함열읍 용지1길 33-13
익산시,신흥촌경로당,익산시 함열읍 남당길 44-5
익산시,함열제일@경로당,익산시 함열읍 함열5길 19-21
익산시,하조경로당,익산시 함열읍 남당길 48
익산시,상조경로당,익산시 함열읍 상조길 33
익산시,장구2경로당,익산시 함열읍 와리4길 13-4
익산시,동지상경로당,익산시 함열읍 동지상1길 13
익산시,삼양경로당,익산시 함열읍 삼양길 3
익산시,대지경로당,익산시 함열읍 용지1길 109
익산시,장구1경로당,익산시 함열읍 함열3길 58
익산시,현대화시장경로당,익산시 함열읍 와리2길 8
익산시,박전경로당,익산시 함열읍 박전1길 16-6
익산시,함열방교경로당,익산시 함열읍 다송방교길 11
익산시,상마경로당,익산시 함열읍 상마1길 20-1
익산시,함열휴먼시아1단지경로당,익산시 함열읍 함열5길 28
익산시,금성경로당,익산시 함열읍 금성길 5
익산시,함열신호e플러스@경로당,익산시 함열읍 함열중앙로 38 (함열 신호 e플러스 아파트)
익산시,오산중앙경로당,익산시 오산면 평동로 295-23
익산시,문화마을경로당,익산시 오산면 문화마을1길 4
익산시,영만경로당,익산시 오산면 만석길 163
익산시,신동리경로당,익산시 오산면 후동길 2
익산시,신동리부녀경로당,익산시 오산면 전동길 11-1
익산시,영성경로당,익산시 오산면 남전1길 128
익산시,북참경로당,익산시 오산면 남전1길 68
익산시,옥포경로당,익산시 오산면 옥포2길 40-2
익산시,외검경로당,익산시 오산면 외검길 35
익산시,용곤경로당,익산시 오산면 용곤길 54-1
익산시,신석경로당,익산시 오산면 신석길 14-2
익산시,오산경로당,익산시 오산면 항쟁로 173-11
익산시,광양경로당,익산시 오산면 광양2길 14
익산시,서오산경로당,익산시 오산면 평동로 248-5
익산시,오산학동경로당,익산시 오산면 군익로2길 16-15
익산시,농흥경로당,익산시 오산면 농흥1길 17-5
익산시,청수경로당,익산시 오산면 청수1길 18
익산시,원오산경로당,익산시 오산면 원오산길 22
익산시,신오산경로당,익산시 오산면 신오산길 46-5
익산시,모산경로당,익산시 오산면 오산들길 82
익산시,금몽경로당,익산시 오산면 금몽길 20-6
익산시,가장경로당,익산시 오산면 가장길 10-5
익산시,신중경로당,익산시 오산면 신중길 71
익산시,회복경로당,익산시 오산면 번영로1길 83
익산시,남참경로당,익산시 오산면 남참길 20-1
익산시,북신석경로당,익산시 오산면 북신석길 2
익산시,상아경로당,익산시 오산면 오산3길 13-2
익산시,장신휴먼시아3단지경로당,익산시 오산면 선화로4길 14
익산시,장신휴먼시아2단지경로당,익산시 오산면 선화로4길 24-9
익산시,장신휴먼시아1단지경로당,익산시 오산면 선화로4길 66
익산시,월포경로당,익산시 오산면 남오산1길 229
익산시,신교경로당,익산시 오산면 신교1길 19-11
익산시,야전마을경로당,익산시 오산면 야전길 9
익산시,만신경로당,익산시 오산면 만신길 17-1
익산시,내검경로당,익산시 오산면 내검길 25
익산시,황등경로당,익산시 황등면 황등4길 4-4
익산시,황등신성경로당,익산시 황등면 시와로 323
익산시,황룡경로당,익산시 황등면 황등9길 8-5
익산시,죽촌경로당,익산시 황등면 죽촌2길 44
익산시,화부경로당,익산시 황등면 화농길 6
익산시,황농경로당,익산시 황등면 정착2길 9-8
익산시,황등용산경로당,익산시 황등면 황성로 286
익산시,율동경로당,익산시 황등면 율동2길 12-10
익산시,봉곡경로당,익산시 황등면 봉곡길 19
익산시,동련경로당,익산시 황등면 동연1길 63-11
익산시,도촌경로당,익산시 황등면 도촌길 44
익산시,황등청송경로당,익산시 황등면 황등6길 52
익산시,신평경로당,익산시 황등면 율촌길 43
익산시,보삼경로당,익산시 황등면 황등5길 18-5
익산시,삼거경로당,익산시 황등면 탑천로 192
익산시,황등방교경로당,익산시 황등면 방교길 21
익산시,황등신화경로당,익산시 황등면 신성신화길 2
익산시,구자경로당,익산시 황등면 구자길 87
익산시,보삼3구경로당,익산시 황등면 황등로 58-9
익산시,차상경로당,익산시 황등면 차상길 9
익산시,신기마을경로당,익산시 황등면 황등1길 25
익산시,해담아파트경로당,익산시 황등면 황등3길 15
익산시,시동경로당,익산시 황등면 황금로 23-3
익산시,무동경로당,익산시 황등면 무동길 13-1
익산시,황등시서2경로당,익산시 황등면 황등8길 6
익산시,부평신야경로당,익산시 황등면 신야길 6
익산시,차하경로당,익산시 황등면 차하길 27
익산시,시북 경로당,익산시 황등면 황등11길 13
익산시,대영@경로당,익산시 황등면 황등3길 6
익산시,황등신기촌경로당,익산시 황등면 신기촌길 85
익산시,백길경로당,익산시 황등면 백길 17
익산시,소산경로당,익산시 황등면 소산길 59
익산시,불로마을경로당,익산시 황등면 불로길 9
익산시,황방경로당,익산시 황등면 황방2길 17-1
익산시,진성@경로당,익산시 황등면 황등3길 37
익산시,대동경로당,익산시 황등면 대동1길 20
익산시,거성@경로당,익산시 황등면 황등3길 10-12
익산시,장고경로당,익산시 황등면 장고길 35-7
익산시,황등우남@경로당,익산시 황등면 황등로 44
익산시,원신기경로당,익산시 황등면 원신기길 72
익산시,정착2경로당,익산시 황등면 후정1길 77
익산시,송하경로당,익산시 황등면 송하동길 25
익산시,대성경로당,익산시 황등면 대성길 3
익산시,황교2마을경로당,익산시 황등면 용산로 224
익산시,상동마을경로당,익산시 황등면 동연4길 73-12
익산시,시동1구경로당,익산시 황등면 황등10길 8
익산시,황등후생1마을경로당,익산시 황등면 석재단지길 28-10
익산시,간성경로당,익산시 함라면 간성길 26
익산시,고월경로당,익산시 함라면 고월길 17-2
익산시,함라금곡경로당,익산시 함라면 금곡길 26-4
익산시,함라연화경로당,익산시 함라면 다망연화길 27
익산시,망월경로당,익산시 함라면 망월길 22-21
익산시,소룡경로당,익산시 함라면 소룡길 14
익산시,함라노소경로당,익산시 함라면 수동1길 6
익산시,다은경로당,익산시 함라면 시와로 472
익산시,진등경로당,익산시 함라면 신대진등길 118
익산시,신등경로당,익산시 함라면 신등길 112
익산시,신촌중앙경로당,익산시 함라면 신등신촌1길 15-5
익산시,함라오산경로당,익산시 함라면 신목오산길 15-1
익산시,신함경로당,익산시 함라면 신함길 4
익산시,안정경로당,익산시 함라면 안정교동길 2-10
익산시,양산경로당,익산시 함라면 양산1길 10
익산시,어등경로당,익산시 함라면 어등1길 52
익산시,와우경로당,익산시 함라면 와우길 4
익산시,입남경로당,익산시 함라면 입남길 56-10
익산시,장고재경로당,익산시 함라면 장고재길 7-8
익산시,장점경로당,익산시 함라면 장점길 21
익산시,진목경로당,익산시 함라면 진목1길 13-7
익산시,진산경로당,익산시 함라면 진산길 8-8
익산시,삼리노인회경로당,익산시 함라면 천남길 13-4
익산시,수동경로당,익산시 함라면 천남길 20-4
익산시,함라여성경로당,익산시 함라면 천남길 8
익산시,함라장등경로당,익산시 함라면 함라장등길 23
익산시,행동경로당,익산시 함라면 행동길 20
익산시,회룡경로당,익산시 함라면 회룡길 77
익산시,웅북경로당,익산시 웅포면 강변로 727-11
익산시,곰개강변경로당,익산시 웅포면 곰개길 10-9
익산시,웅포상제부녀경로당,익산시 웅포면 나루세길 8
익산시,구룡목경로당,익산시 웅포면 녹차마을길 13-5
익산시,구룡목여성경로당,익산시 웅포면 녹차마을길 81 (구룡목여성경로당)
익산시,대마경로당,익산시 웅포면 대마길 27-12
익산시,대맹경로당,익산시 웅포면 대맹길 22-7
익산시,웅포고창경로당,익산시 웅포면 덕성길 54
익산시,동산동경로당,익산시 웅포면 동산동길 27-1
익산시,웅포상제경로당,익산시 웅포면 붕새1길 29-6
익산시,소마여자경로당,익산시 웅포면 소마길 5
익산시,소맹경로당,익산시 웅포면 소맹길 26-8
익산시,송천경로당,익산시 웅포면 솔내길 8-4
익산시,웅포신촌경로당,익산시 웅포면 송천로 22-3
익산시,오류동여자경로당,익산시 웅포면 오류동길 53-37
익산시,원대암경로당,익산시 웅포면 원대암길 79
익산시,입점경로당,익산시 웅포면 입점고분길 44-3
익산시,하제경로당,익산시 웅포면 제성1길 6
익산시,매곡지종경로당,익산시 웅포면 지성길 103
익산시,웅포성동경로당,익산시 웅포면 지성길 185
익산시,진소경로당,익산시 웅포면 참빗길 77
익산시,웅포경로당,익산시 웅포면 철새로 145
익산시,내갈경로당,익산시 성당면 내갈길 40
익산시,내난경로당,익산시 성당면 내난길 11
익산시,성당교항경로당,익산시 성당면 다리목길 39-2
익산시,외갈경로당,익산시 성당면 도로재길 23-1
익산시,두동경로당,익산시 성당면 두동길 11
익산시,부곡경로당,익산시 성당면 부곡길 19
익산시,상와경로당,익산시 성당면 상중와길 74-15
익산시,성당갈산경로당,익산시 성당면 성당로 316
익산시,외두경로당,익산시 성당면 성당로 472
익산시,내수산경로당,익산시 성당면 수산길 18-1
익산시,성포경로당,익산시 성당면 승댕이길 9
익산시,성당장선경로당,익산시 성당면 신기중앙길 6
익산시,외수산경로당,익산시 성당면 외수산1길 55-28
익산시,성당경로당,익산시 성당면 월명길 26-1
익산시,장전경로당,익산시 성당면 진밭길 18
익산시,하와여성경로당,익산시 성당면 하와길 4
익산시,대기경로당,익산시 성당면 한틀길 63
익산시,간교경로당,익산시 성당면 함낭로 307-10
익산시,성당남성경로당,익산시 성당면 황성로 516
익산시,회선경로당,익산시 성당면 회선길 75
익산시,을산경로당,익산시 용안면 건지매길 4
익산시,웅동경로당,익산시 용안면 곰굴길 29-32
익산시,석우경로당,익산시 용안면 돌마루길 3
익산시,동지산경로당,익산시 용안면 동지산길 26-17
익산시,법성경로당,익산시 용안면 법성길 26
익산시,석동경로당,익산시 용안면 석동길 21
익산시,성치경로당,익산시 용안면 성치길 15-29
익산시,송산경로당,익산시 용안면 송산3길 11
익산시,신은경로당,익산시 용안면 신은길 15
익산시,안대경로당,익산시 용안면 안대동길 4-1
익산시,용두경로당,익산시 용안면 용두길 15
익산시,용북경로당,익산시 용안면 용북로 143-8
익산시,간이마을경로당,익산시 용안면 용북로 213
익산시,부억경로당,익산시 용안면 용북로 62-2
익산시,용안송정경로당,익산시 용안면 용안로 157
익산시,송곡경로당,익산시 용안면 용안로 275
익산시,용안용산경로당,익산시 용안면 용안용산1길 26
익산시,을산여성경로당,익산시 용안면 을동길 1
익산시,용안용남경로당,익산시 용안면 입산1길 6
익산시,자라경로당,익산시 용안면 자라길 21-4
익산시,중신경로당,익산시 용안면 중신1길 7
익산시,창리경로당,익산시 용안면 중창길 106
익산시,상신경로당,익산시 용안면 중창길 52
익산시,칠목경로당,익산시 용안면 칠목1길 43
익산시,용안학동경로당,익산시 용안면 칠목학동1길 33
익산시,중화경로당,익산시 용안면 하신1길 38
익산시,하신경로당,익산시 용안면 하신1길 6
익산시,용안교동경로당,익산시 용안면 현내1로 96-1
익산시,용안연동경로당,익산시 용안면 현내로 260-3
익산시,덕용경로당,익산시 용안면 현내로 344
익산시,용안성동경로당,익산시 용안면 현내로 424
익산시,용안경로당,익산시 용안면 현내로 431
익산시,용안화정경로당,익산시 용안면 화정길 40
익산시,성남경로당,익산시 낭산면 강변1길 4
익산시,석천경로당,익산시 낭산면 남천로 598-11
익산시,낭산부녀경로당,익산시 낭산면 낭산중앙로 403
익산시,내성경로당,익산시 낭산면 내성길 12
익산시,내돈경로당,익산시 낭산면 내외돈길 36
익산시,노동경로당,익산시 낭산면 노동길 46
익산시,덕영동부녀경로당,익산시 낭산면 덕영동길 31
익산시,구평상단경로당,익산시 낭산면 상단길 9-4
익산시,상북지경로당,익산시 낭산면 상북지길 19
익산시,상석경로당,익산시 낭산면 상석1길 41
익산시,석천대경로당,익산시 낭산면 석천대1길 1
익산시,소도마을경로당,익산시 낭산면 소도1길 37-9
익산시,신북경로당,익산시 낭산면 신북1길 2
익산시,상낭경로당,익산시 낭산면 아리랑로 818
익산시,오미경로당,익산시 낭산면 오미길 9
익산시,외성경로당,익산시 낭산면 외성길 39
익산시,우금경로당,익산시 낭산면 우금길 14
익산시,낭산장등경로당,익산시 낭산면 장등1길 24
익산시,장평경로당,익산시 낭산면 장평길 24-5
익산시,죽산경로당,익산시 낭산면 죽산길 37
익산시,낭산용성경로당,익산시 낭산면 중리길 4
익산시,중리여성경로당,익산시 낭산면 중리길 4
익산시,하낭경로당,익산시 낭산면 하낭길 30-4
익산시,맹동경로당,익산시 낭산면 하맹길 101-5
익산시,구평하단경로당,익산시 낭산면 하맹길 229
익산시,하북지경로당,익산시 낭산면 하북지길 23
익산시,하한경로당,익산시 낭산면 한기1길 35
익산시,한기경로당,익산시 낭산면 한기1길 8
익산시,마산경로당,익산시 낭산면 함낭로 1295-91
익산시,가산경로당,익산시 낭산면 함낭로 695-8
익산시,낭산경로당,익산시 낭산면 함낭로 955-2
익산시,호암부녀경로당,익산시 낭산면 호암신동길 16
익산시,호암경로당,익산시 낭산면 호암신동길 16-4
익산시,호천경로당,익산시 낭산면 호천길 114-3
익산시,금지경로당,익산시 망성면 금지길 24
익산시,라암경로당,익산시 망성면 나바위3길 5-6
익산시,화산경로당,익산시 망성면 나바위길 51-5
익산시,호산경로당,익산시 망성면 내촌1길 7
익산시,망성교항경로당,익산시 망성면 내촌다리목길 56-1
익산시,망성동촌경로당,익산시 망성면 내촌동촌길 27
익산시,망성화정경로당,익산시 망성면 내촌화정길 6-9
익산시,라평경로당,익산시 망성면 라평1길 67-2
익산시,발산경로당,익산시 망성면 망성로 246-2
익산시,수월경로당,익산시 망성면 무네미1길 9-5
익산시,무평경로당,익산시 망성면 무평2길 29
익산시,석곡경로당,익산시 망성면 석곡길 40
익산시,무형경로당,익산시 망성면 선리1길 22
익산시,상포경로당,익산시 망성면 소펄1길 290
익산시,신덕경로당,익산시 망성면 신덕길 21
익산시,망성장선경로당,익산시 망성면 신리1길 5
익산시,신용경로당,익산시 망성면 신용길 11
익산시,신당경로당,익산시 망성면 신작길 112
익산시,금호경로당,익산시 망성면 신작길 14
익산시,낭청내신경로당,익산시 망성면 신작길 41
익산시,망성신성경로당,익산시 망성면 신작신성길 92
익산시,신풍경로당,익산시 망성면 신풍길 86
익산시,야정경로당,익산시 망성면 야정1길 19
익산시,어량경로당,익산시 망성면 어동길 13-8
익산시,어남경로당,익산시 망성면 어량길 42
익산시,망성하발경로당,익산시 망성면 어량하발1길 5
익산시,미동경로당,익산시 망성면 여강로 565-24
익산시,고산경로당,익산시 망성면 여강로 788-8
익산시,왕촌경로당,익산시 망성면 왕촌길 25
익산시,하작경로당,익산시 망성면 하작길 4
익산시,망성부평경로당,익산시 망성면 화산1길 62
익산시,여산경로당,익산시 여산면 동헌길 15
익산시,두여경로당,익산시 여산면 여강로 257
익산시,여산석교경로당,익산시 여산면 제남석교길 64-5
익산시,여산금곡경로당,익산시 여산면 두여길 43
익산시,신막경로당,익산시 여산면 가람로 125
익산시,옥금동경로당,익산시 여산면 옥금동길 97
익산시,여산학동경로당,익산시 여산면 여산학동길 39-4
익산시,영전경로당,익산시 여산면 동헌길 47
익산시,상양경로당,익산시 여산면 서동요길 179
익산시,용기경로당,익산시 여산면 용기길 66
익산시,외사경로당,익산시 여산면 호산길 161
익산시,진사경로당,익산시 여산면 가람1길 64
익산시,태성리경로당,익산시 여산면 태성1길 99
익산시,유점경로당,익산시 여산면 유점길 9
익산시,수은경로당,익산시 여산면 수은길 101
익산시,남산경로당,익산시 여산면 제남남산길 65
익산시,원태경로당,익산시 여산면 구원태길 53
익산시,누항경로당,익산시 여산면 태성길 554
익산시,신부경로당,익산시 여산면 신부길 23
익산시,동촌경로당,익산시 여산면 여산동촌길 27-4
익산시,호월경로당,익산시 여산면 호산길 252
익산시,관연경로당,익산시 여산면 관연길 80-1
익산시,가재경로당,익산시 여산면 가재길 11-39
익산시,서촌경로당,익산시 여산면 여강로 22-5
익산시,후석경로당,익산시 여산면 여강로 50-17
익산시,금마경로당,익산시 금마면 고도길 65
익산시,미륵수성당경로당,익산시 금마면 미륵사지로 208
익산시,동편경로당,익산시 금마면 용순1길 93
익산시,금마갈산경로당,익산시 금마면 갈산길 3
익산시,기양경로당,익산시 금마면 기양길 17
익산시,한샘말경로당,익산시 금마면 금마4길 33
익산시,노상경로당,익산시 금마면 용순길 329
익산시,도천경로당,익산시 금마면 금마호수길 1
익산시,금마상제경로당,익산시 금마면 아리랑로 9-34
익산시,옥두말경로당,익산시 금마면 미륵사지로3길 8-9
익산시,금마구룡경로당,익산시 금마면 구룡길 62
익산시,천마동경로당,익산시 금마면 천마동길 12-1
익산시,금마구정경로당,익산시 금마면 고도4길 21
익산시,원촌경로당,익산시 금마면 미륵사지로5길 5
익산시,금마신촌경로당,익산시 금마면 고도신촌길 22-4
익산시,금마교동경로당,익산시 금마면 고도7길 9-1
익산시,천마동여자경로당,익산시 금마면 궁성로 770
익산시,각봉경로당,익산시 금마면 갈산길 54
익산시,서편경로당,익산시 금마면 용순길 253
익산시,금마 테라스경로당,"익산시 금마면 고도9길 42, 110동 (미륵산 더 테라스)"
익산시,견우상춘당경로당,익산시 왕궁면 견우길 36
익산시,신촌농장경로당,익산시 왕궁면 공소길 1-19
익산시,왕궁관동경로당,익산시 왕궁면 관동길 23
익산시,봉광동경로당,익산시 왕궁면 구덕길 107
익산시,칠복동경로당,익산시 왕궁면 구은동길 12
익산시,구은동경로당,익산시 왕궁면 구은동길 13-23
익산시,궁평경로당,익산시 왕궁면 궁평길 4
익산시,금광경로당,익산시 왕궁면 금광길 68-6
익산시,금오경로당,익산시 왕궁면 금오1길 12
익산시,금육동경로당,익산시 왕궁면 금오3길 21-18
익산시,부상경로당,익산시 왕궁면 도순길 34
익산시,학재마을경로당,익산시 왕궁면 동용길 108
익산시,동통경로당,익산시 왕궁면 동용길 296
익산시,동면경로당,익산시 왕궁면 동촌제길 167
익산시,상발경로당,익산시 왕궁면 발산길 106-1
익산시,구봉경로당,익산시 왕궁면 봉암길 2
익산시,사곡경로당,익산시 왕궁면 사곡1길 4
익산시,상동경로당,익산시 왕궁면 상동길 23
익산시,상암경로당,익산시 왕궁면 상암길 34
익산시,송선경로당,익산시 왕궁면 송선길 78
익산시,시대경로당,익산시 왕궁면 시대길 37
익산시,신흥경로당,익산시 왕궁면 신흥길 2
익산시,수성당경로당,익산시 왕궁면 신흥길 8
익산시,쌍제경로당,익산시 왕궁면 쌍제오룡길 44
익산시,안림경로당,익산시 왕궁면 안림길 41
익산시,앵금경로당,익산시 왕궁면 앵금1길 11-1
익산시,양동마을경로당,익산시 왕궁면 양곡길 31-4
익산시,동봉경로당,익산시 왕궁면 연정1길 22-1
익산시,온수경로당,익산시 왕궁면 온수길 86
익산시,예원동경로당,익산시 왕궁면 왕궁로 102-14
익산시,남양동경로당,익산시 왕궁면 왕궁로 152
익산시,신정경로당,익산시 왕궁면 왕궁신정길 24-65
익산시,왕궁용남경로당,익산시 왕궁면 용남길 23-1
익산시,이거경로당,익산시 왕궁면 이탄길 3
익산시,장중경로당,익산시 왕궁면 장중길 97
익산시,평리경로당,익산시 왕궁면 평리길 40
익산시,왕궁신기촌경로당,익산시 왕궁면 평장1길 9
익산시,근남경로당,익산시 왕궁면 평장길 69-74
익산시,평화촌경로당,익산시 왕궁면 평화촌1길 10
익산시,왕궁하발경로당,익산시 왕궁면 하발길 6
익산시,학호경로당,익산시 왕궁면 학호길 42-24
익산시,용화경로당,익산시 왕궁면 화곡길 24-2
익산시,황암경로당,익산시 왕궁면 황암길 44-3
익산시,후암경로당,익산시 왕궁면 후암길 31
익산시,마동경로당,익산시 왕궁면 흥암1길 142-1
익산시,왕궁갈전경로당,익산시 왕궁면 흥암갈전길 3
익산시,왕궁신기경로당,익산시 왕궁면 흥암길 153-29
익산시,춘포갈전경로당,익산시 춘포면 갈전길 53
익산시,광동경로당,익산시 춘포면 광동1길 50
익산시,구담경로당,익산시 춘포면 구담1길 19
익산시,익산더반포레@경로당,익산시 춘포면 궁성로 124
익산시,노적경로당,익산시 춘포면 노적길 20-10
익산시,덕신경로당,익산시 춘포면 덕동1길 6
익산시,시전경로당,익산시 춘포면 덕실1길 221-3
익산시,원덕실경로당,익산시 춘포면 덕실길 87-10
익산시,문덕경로당,익산시 춘포면 문덕길 33
익산시,문종경로당,익산시 춘포면 문종길 32
익산시,춘포신동경로당,익산시 춘포면 미등골길 217
익산시,반도경로당,익산시 춘포면 반도길 17
익산시,사천경로당,익산시 춘포면 사천길 37
익산시,삼포경로당,익산시 춘포면 삼포길 67
익산시,춘포신촌부녀경로당,익산시 춘포면 신촌1길 24
익산시,심암경로당,익산시 춘포면 심암길 70-1
익산시,쌍정경로당,익산시 춘포면 쌍정길 11
익산시,궁월경로당,익산시 춘포면 쌍정길 136
익산시,엽동경로당,익산시 춘포면 엽동길 96-2
익산시,입석경로당,익산시 춘포면 입석길 8
익산시,장연경로당,익산시 춘포면 장연길 12
익산시,창평경로당,익산시 춘포면 창평길 58
익산시,담월경로당,익산시 춘포면 천서길 135
익산시,안수경로당,익산시 춘포면 천서길 239
익산시,춘포원오산경로당,익산시 춘포면 천서길 59-5
익산시,초평경로당,익산시 춘포면 초삼길 9
익산시,회화경로당,익산시 춘포면 춘포4길 17
익산시,중촌경로당,익산시 춘포면 춘포4길 46
익산시,춘포신촌경로당,익산시 춘포면 춘포4길 80
익산시,신호경로당,익산시 춘포면 춘포5길 4
익산시,역전경로당,익산시 춘포면 춘포로 335-3
익산시,판문경로당,익산시 춘포면 판문길 22
익산시,판문부녀경로당,익산시 춘포면 판문길 37
익산시,학연경로당,익산시 춘포면 학연길 77
익산시,화평경로당,익산시 춘포면 화평길 47-1
익산시,하표경로당,익산시 삼기면 간촌2길 61
익산시,검지경로당,익산시 삼기면 검지2길 8-8
익산시,삼기구정경로당,익산시 삼기면 구정길 18-7
익산시,용연경로당,익산시 삼기면 대제길 20-23
익산시,사오랑경로당,익산시 삼기면 사오랑길 6
익산시,신도마경로당,익산시 삼기면 산단도마2길 25-9
익산시,기산경로당,익산시 삼기면 삼기길 150
익산시,석불경로당,익산시 삼기면 삼기길 367
익산시,하갈경로당,익산시 삼기면 서두길 16
익산시,석기경로당,익산시 삼기면 석기길 54
익산시,삼기연동경로당,익산시 삼기면 연동1길 20
익산시,옥실경로당,익산시 삼기면 옥실길 96
익산시,원기산경로당,익산시 삼기면 원기산1길 17
익산시,서두경로당,익산시 삼기면 원서두길 56
익산시,삼기경로당,익산시 삼기면 원서두길 8
익산시,죽청마을경로당,익산시 삼기면 죽청길 69
익산시,채산경로당,익산시 삼기면 채산길 98
익산시,현동경로당,익산시 삼기면 현동길 6
익산시,삼기상정마을경로당,익산시 삼기면 황금로 505
익산시,화실경로당,익산시 용동면 광두원길 49
익산시,농소경로당,익산시 용동면 농소길 17
익산시,당하경로당,익산시 용동면 당하길 32
익산시,대조경로당,익산시 용동면 대조길 38
익산시,용동신왕경로당,익산시 용동면 대조신왕1길 37
익산시,돈다산경로당,익산시 용동면 돈다산길 41
익산시,두무2리경로당,익산시 용동면 두무2길 28-3
익산시,두무경로당,익산시 용동면 두무길 16
익산시,비야경로당,익산시 용동면 비야1길 37
익산시,용동양촌경로당,익산시 용동면 양촌1길 36-16
익산시,용동연화경로당,익산시 용동면 연화길 13
익산시,용동와동경로당,익산시 용동면 와동길 41
익산시,용동경로당,익산시 용동면 용동1길 88-26
익산시,용동용성경로당,익산시 용동면 용동로 392-4
익산시,구산경로당,익산시 용동면 용동로 455
익산시,사결경로당,익산시 용동면 진북로 1351-44
익산시,화배경로당,익산시 용동면 화배1길 8-4
익산시,용동신화경로당,익산시 용동면 화배신화길 26
익산시,용동고창경로당,익산시 용동면 화왕로 38
익산시,흥왕경로당,익산시 용동면 흥왕길 52-2
익산시,갈산경로당,"익산시 인북로14길 12 (갈산동, 1층 ,2층)"
익산시,도레미경로당,익산시 중앙로4길 44 (갈산동)
익산시,만세경로당,익산시 중앙로7길 36 (창인동1가)
익산시,익산철도관사마을경로당,익산시 익산대로3길 1-11 (창인동2가)
익산시,적십자경로당,익산시 익산대로 153
익산시,중앙경로당,익산시 중앙로 12-233 (중앙동2가)
익산시,창인경로당,익산시 중앙로1길 40-5
익산시,철우경로당,익산시 익산대로 153
익산시,행우경로당,익산시 중앙로 22-184 (중앙동2가)
익산시,목천경로당,익산시 목상길 11 (목천동)
익산시,한스빌@경로당,익산시 목천로 30-14 (목천동)
익산시,목천원주@경로당,익산시 목천로 50 (목천동)
익산시,평화제일오투그란데에버@경로당,"익산시 번영로10길 31 (평화동, 익산 평화 제일 오투그란데 에버)"
익산시,평화제일@경로당,익산시 번영로8길 223 (평화동)
익산시,부농경로당,익산시 부농길 38 (목천동)
익산시,신광경로당,익산시 신광길 30 (목천동)
익산시,향촌경로당,익산시 이목상길 4 (목천동)
익산시,목천부녀경로당,익산시 이목상길 4 (목천동)
익산시,이목상경로당,익산시 이목상길 48-6 (목천동)
익산시,새뜰경로당,익산시 익산대로 73-18 (평화동)
익산시,평화경로당,익산시 평동로3길 15-8 (평화동)
익산시,무네미경로당,익산시 평동로8길 14-12 (평화동)
익산시,구슬목경로당,익산시 서동로7길 36 (주현동)
익산시,나룻가경로당,익산시 나룻가신천길 4-13 (인화동2가)
익산시,동이리경로당,익산시 평동로15길 6-16 (인화동2가)
익산시,신천경로당,익산시 신천길 37
익산시,이리경로당,익산시 중앙로10길 8 (주현동)
익산시,익산인화 행복주택 경로당,익산시 목천로 320 (인화동2가)
익산시,인화경로당,익산시 중앙로4길 56-7 (인화동1가)
익산시,제이파크경로당,익산시 서동로 31 (인화동2가)
익산시,한양@경로당,익산시 주현로 40 (주현동)
익산시,간리경로당,익산시 간리1길 49 (석탄동)
익산시,강경경로당,익산시 강경2길 16 (금강동)
익산시,고제경로당,익산시 유천고제길 47 (석탄동)
익산시,금강경로당,익산시 서동로32길 69 (금강동)
익산시,동산경로당,익산시 평동로 777-11 (동산동)
익산시,동산금곡경로당,익산시 평동로14길 72 (금강동)
익산시,동산동신@경로당,익산시 목천로 335 (동산동)
익산시,동산라인@경로당,익산시 동천로 81-12 (금강동)
익산시,동산비사벌@경로당,익산시 동천로7길 53-1 (동산동)
익산시,동산사회복지관경로당,익산시 동천로7길 26-1 (동산동)
익산시,동산삼성@경로당,익산시 평동로12길 11 (동산동)
익산시,동산신성경로당,익산시 동천로11길 17 (금강동)
익산시,동산양촌경로당,익산시 서동로32길 27 (금강동)
익산시,동산여울휴먼시아2단지@경로당,익산시 동천로 25 (동산동)
익산시,동산여울휴먼시아3단지@경로당,익산시 동천로1길 7 (동산동)
익산시,동산오투그란데@경로당,익산시 평동로23길 16 (동산동)
익산시,동산우남@경로당,익산시 평동로 799 (동산동)
익산시,동산우남남부@경로당,익산시 동산동 346 (동산동)
익산시,동산제일@경로당,익산시 서동로18길 46-1 (동산동)
익산시,동산제일2차@경로당,익산시 평동로17길 5 (동산동)
익산시,동산청송경로당,익산시 서동로12길 9 (동산동)
익산시,부평경로당,익산시 평동로 904-6 (금강동)
익산시,삼호@경로당,익산시 동천로7길 29 (동산동)
익산시,서동경로당,"익산시 서동로18길 50 (동산동, 오씨아이 사원아파트)"
익산시,석탄경로당,익산시 신복길 20 (석탄동)
익산시,성륜경로당,익산시 동천로5길 7-19 (동산동)
익산시,성륜부녀경로당,익산시 동천로5길 7-19 (동산동)
익산시,세경2차@경로당,익산시 동천로1길 29 (동산동)
익산시,"세경3,4차@경로당",익산시 목천로 361 (동산동)
익산시,옛뚝이경로당,익산시 옛둑1길 38 (동산동)
익산시,용강경로당,익산시 용강1길 26 (석탄동)
익산시,우성@경로당,익산시 서동로2길 50 (동산동)
익산시,운용경로당,익산시 하나로5길 20 (금강동)
익산시,유천경로당,익산시 유천길 12 (석탄동)
익산시,한성@경로당,익산시 동천로7길 47 (동산동)
익산시,계선경로당,익산시 중앙로29길 7-16 (마동)
익산시,고봉경로당,익산시 고봉로12길 9 (마동)
익산시,마동공원우남@경로당,익산시 서동로30길 34 (마동)
익산시,마동그린공원@경로당,익산시 서동로21길 13 (마동)
익산시,마동오투경로당,"익산시 선화로53길 10 (마동, 익산 오투그란데 글로벌카운티 아파트)"
익산시,마동우림@경로당,익산시 서동로 164 (마동)
익산시,마동주공@경로당,익산시 고봉로 144 (마동)
익산시,마동주공2단지@경로당,익산시 고봉로 116 (마동)
익산시,마동코아루@경로당,"익산시 선화로55길 6 (마동, 익산 마동 코아루 디펠리체)"
익산시,상우@경로당(마동),익산시 선화로22길 35 (마동)
익산시,스위트밸리@경로당,익산시 선화1로 31-46 (마동)
익산시,전원맨션@경로당,익산시 선화로 316-4 (마동)
익산시,혜정아파트경로당,익산시 고봉로 121 (마동)
익산시,경희남중경로당,익산시 동서로27길 16 (남중동)
익산시,남성맨션남자경로당,익산시 선화로33길 10 (남중동)
익산시,남성맨션여자경로당,익산시 선화로33길 10 (남중동)
익산시,남암경로당,익산시 익산대로11길 14 (남중동)
익산시,남중여성경로당,익산시 인북로56길 1 (남중동)
익산시,남중이화경로당,익산시 익산대로 225 (남중동)
익산시,남향경로당,익산시 선화로31길 22 (남중동)
익산시,상남경로당,익산시 인북로22길 14-3 (남중동)
익산시,우목남자경로당,익산시 동서로23길 3 (남중동)
익산시,우목여자경로당,익산시 동서로23길 3 (남중동)
익산시,장춘회경로당,익산시 선화로29길 59 (남중동)
익산시,고려@경로당,익산시 선화로23길 52
익산시,명일@경로당,익산시 배산로24길 64
익산시,모현동신@경로당,익산시 동서로 48
익산시,모현신기경로당,익산시 신기1길 22-4 (모현동2가)
익산시,모현오투그란데프리미어@경로당,"익산시 군익로13길 26 (모현동1가, 모현 오투그란데 프리미어)"
익산시,모현우림한솔@경로당,익산시 동서로 146-8
익산시,모현이화@경로당,익산시 선화로23길 42
익산시,모현제일@경로당,익산시 선화로10길 10 (모현동1가)
익산시,모현제일고층@경로당,익산시 고현로14길 16
익산시,모현창리경로당,익산시 선화로21길 34-6 (모현동1가)
익산시,모현현대1차@경로당,익산시 익산대로17길 16
익산시,모현현대2차@경로당,익산시 배산로14길 9
익산시,모현현대3차@경로당,익산시 배산로 91-9
익산시,"모현현대4,5,6차@경로당","익산시 선화로8길 12 (모현동1가, 모현5차 현대아파트)"
익산시,"모현현대4,5,6차여성경로당","익산시 배산로16길 33 (모현동1가, 현대아파트)"
익산시,묵동농은경로당,익산시 군익로15길 27-5 (모현동1가)
익산시,배산2차부영아파트경로당,익산시 선화로1길 57-33 (모현동2가)
익산시,배산경로당,익산시 동서로 83 (모현동2가)
익산시,배산부영@경로당,익산시 선화로 41
익산시,배산제일@경로당,"익산시 선화로13길 62 (모현동1가, 배산제일아파트)"
익산시,배산제일2차@경로당,익산시 선화로19길 30
익산시,배산제일오투그란데경로당,"익산시 선화로 17 ((모현동2가, 배산제일오투그란데))"
익산시,배산제일풍경채에듀파크@경로당,익산시 배산로 93
익산시,배산휴먼시아4단지@경로당,익산시 선화로1길 25-14
익산시,배산휴먼시아5단지@경로당,"익산시 선화로1길 57-32 (모현동2가, 배산휴먼시아 5단지)"
익산시,요곡경로당,익산시 고현로 69 (모현동1가)
익산시,요동경로당,익산시 배산로10길 12 (모현동1가)
익산시,이편한세상@경로당,익산시 선화로10길 17
익산시,중앙하이츠@경로당,익산시 선화로5길 45 (모현동1가)
익산시,항가메남성경로당,익산시 선화로2길 41 (모현동1가)
익산시,항가메여성경로당,익산시 선화로2길 42 (모현동1가)
익산시,현내남성경로당,익산시 선화로17길 13
익산시,현내여성경로당,익산시 선화로17길 13
익산시,명륜경로당,익산시 학곤로16길 12-4 (송학동)
익산시,물망초경로당,익산시 학곤로6길 17 (송학동)
익산시,송만경로당,익산시 배산로2길 25-1 (송학동)
익산시,송서경로당,익산시 군익로 426-65 (송학동)
익산시,송학경로당,"익산시 배산로2길 25-1 (송학동, 송학경로당)"
익산시,송학리젠시빌@경로당,익산시 배산로 33 (송학동)
익산시,송학이화@경로당,익산시 배산로2길 6 (송학동)
익산시,송학지안리즈경로당,익산시 학곤로 154-7 (송학동)
익산시,송학현대@경로당,익산시 배산로 34-1 (송학동)
익산시,신영마을경로당,익산시 군익로6길 17-55 (송학동)
익산시,영무예다음경로당,익산시 배산로2길 28 (송학동)
익산시,익산더샵아파트경로당,익산시 학곤로20길 77 (송학동)
익산시,크레지움캐슬@경로당,"익산시 학곤로16길 52-16 (송학동, 송학 크레지움캐슬)"
익산시,학곤경로당,익산시 학곤로 141-25 (송학동)
익산시,훼미리경로당,익산시 배산로2길 10 (송학동)
익산시,46통도치경로당,익산시 익산대로74길 20-1 (신용동)
익산시,금호어울림@경로당,익산시 인북로 334 (신동)
익산시,내곳경로당,익산시 계문1길 128 (신용동)
익산시,다가포경로당,익산시 다가포길 43-11 (만석동)
익산시,동북@경로당,익산시 동서로 179-14 (신동)
익산시,만석경로당,익산시 만석3길 8 (만석동)
익산시,만석부녀경로당,익산시 선화2로 293 (만석동)
익산시,북일경로당,익산시 익산대로23길 35-16 (신동)
익산시,서영경로당,익산시 인북로 435 (신동)
익산시,석상경로당,익산시 석상길 19 (신용동)
익산시,신곳경로당,익산시 신곳길 9-5 (신용동)
익산시,신동부녀경로당,익산시 익산대로23길 26 (신동)
익산시,신동제일@경로당,익산시 동서로21길 94-19 (신동)
익산시,어은경로당,익산시 어은1길 30-9 (신용동)
익산시,통정경로당,익산시 계문1길 166-2 (신용동)
익산시,현신경로당,익산시 현영길 173 (현영동)
익산시,현영경로당,익산시 계문길 25 (현영동)
익산시,수성경로당,익산시 인북로42길 8-10 (영등동)
익산시,약촌경로당,익산시 동서로41길 5-8 (영등동)
익산시,영등동신@경로당,익산시 약촌로 228 (영등동)
익산시,영등라인1차@경로당,익산시 고봉로16길 11 (영등동)
익산시,영등라인2차@경로당,익산시 고봉로16길 12 (영등동)
익산시,영등비사벌@경로당,익산시 고봉로30길 51 (영등동)
익산시,영등신일@경로당,익산시 약촌로 202 (영등동)
익산시,영등우남@경로당,익산시 무왕로16길 29 (영등동)
익산시,영등우미@경로당,익산시 무왕로16길 26 (영등동)
익산시,영등제일1차@경로당,익산시 고봉로30길 13 (영등동)
익산시,영등제일2차1단지@경로당,익산시 고봉로24길 30 (영등동)
익산시,영등제일2차2단지@경로당,익산시 고봉로24길 18 (영등동)
익산시,일우경로당,익산시 선화로47길 82 (영등동)
익산시,청복경로당,익산시 선화로59길 32-11 (영등동)
익산시,영등주공2단지@경로당,익산시 동서로 326-9 (영등동)
익산시,곡영대동경로당,익산시 마한로1길 7 (영등동)
익산시,영등부영3차@ 경로당,익산시 하나로 483-60 (영등동)
익산시,영등우남그랜드타운@경로당,익산시 하나로13길 26 (영등동)
익산시,영등우남샘물타운@경로당,익산시 고봉로34길 5-2 (영등동)
익산시,영등제일3차@경로당,익산시 고봉로34길 35 (영등동)
익산시,영등제일4차@경로당,익산시 무왕로9길 60 (영등동)
익산시,e편한세상 어양 경로당,익산시 동서로63길 25 (어양동)
익산시,동남로얄@경로당,익산시 동서로 465 (어양동)
익산시,미소드림@경로당,익산시 무왕로19길 65 (어양동)
익산시,쌍용@경로당,익산시 하나로 357 (어양동)
익산시,어곳경로당,익산시 어곳길 49-5 (어양동)
익산시,어양부영1차@경로당,익산시 무왕로20길 17 (어양동)
익산시,어양부영2차@경로당,익산시 동서로61길 30 (어양동)
익산시,어양엘드수목토경로당,익산시 무왕로19길 18 (어양동)
익산시,어양우미@경로당,익산시 무왕로22길 43 (어양동)
익산시,어양주공4단지@경로당,익산시 부송1로 17 (어양동)
익산시,어양주공5단지@경로당,익산시 부송1로 17 (어양동)
익산시,어양주공6단지경로당,익산시 무왕로19길 11 (어양동)
익산시,어양주공7단지@경로당,익산시 하나로10길 25 (어양동)
익산시,어양주공8단지경로당,익산시 궁동로 109 (어양동)
익산시,어양현대@경로당,"익산시 동서로61길 41 (어양동, 어양현대아파트)"
익산시,자이@경로당,익산시 동서로 509 (어양동)
익산시,익성경로당,익산시 무왕로 1313-10 (팔봉동)
익산시,원팔봉부녀경로당,익산시 무왕로27길 6-1 (팔봉동)
익산시,팔봉부녀경로당,익산시 무왕로30길 19-1 (팔봉동)
익산시,팔봉경로당,익산시 무왕로30길 19-1 (팔봉동)
익산시,기안2차@경로당,익산시 무왕로32길 80 (팔봉동)
익산시,기안파인골드빌@경로당,익산시 무왕로32길 85 (팔봉동)
익산시,장목경로당,익산시 장목길 17-2 (팔봉동)
익산시,하남경로당,익산시 하남길 78 (덕기동)
익산시,수신경로당,익산시 남산길 97 (덕기동)
익산시,은기경로당,익산시 은기길 178-25 (은기동)
익산시,중왕경로당,익산시 은기길 346 (은기동)
익산시,팔봉석교경로당,익산시 석교1길 8 (은기동)
익산시,석암경로당,익산시 서동로52길 41 (석암동)
익산시,추산경로당,익산시 서동로44길 18-3 (석암동)
익산시,팔봉관동마을경로당,익산시 서동로46길 103 (석암동)
익산시,용못경로당,익산시 선화로30길 73-2 (용제동)
익산시,배못경로당,익산시 석암로4길 8-1 (용제동)
익산시,팔봉신촌경로당,익산시 서동로48길 36 (용제동)
익산시,동부경로당,익산시 하왕길 69 (석왕동)
익산시,팔봉신왕경로당,익산시 신왕길 98 (석왕동)
익산시,상왕경로당,익산시 상왕길 9 (석왕동)
익산시,팔봉석치경로당,익산시 석치길 40-2 (석왕동)
익산시,초곡경로당,익산시 서동로40길 17 (신흥동)
익산시,망산경로당,"익산시 망산길 11-6 (부송동, 망산경로당)"
익산시,부송동신@경로당,익산시 부송1로 83 (부송동)
익산시,부송동아@경로당,익산시 무왕로26길 32 (부송동)
익산시,부송동아2차@경로당,익산시 선화로 683-4 (부송동)
익산시,부송리젠시빌@경로당,익산시 무왕로21길 64 (부송동)
익산시,부송부평경로당,익산시 부평1길 4 (부송동)
익산시,부송삼성@경로당,익산시 부송1로 95 (부송동)
익산시,부송송정경로당,익산시 송정길 13-4 (부송동)
익산시,부송아름드리@경로당,익산시 무왕로22길 27 (부송동)
익산시,부송오투그란데@경로당,익산시 선화로73길 38 (부송동)
익산시,부송우미@경로당,"익산시 선화로69길 45 (부송동, 우미아파트)"
익산시,부송제일5차@경로당,익산시 무왕로25길 8 (부송동)
익산시,부송주공1단지@경로당,익산시 무왕로22길 12 (부송동)
익산시,부송주공3단지@경로당,익산시 무왕로22길 28 (부송동)
익산시,부송주공9단지@경로당,익산시 궁동로 129 (부송동)
익산시,부영5차@경로당,익산시 하나로10길 97 (부송동)
익산시,송백마을@경로당,익산시 부송1로 123 (부송동)
익산시,신작천경로당,익산시 부송로6길 52 (부송동)
익산시,오페라하우스경로당,"익산시 선화로69길 42 (부송동, 오페라 하우스)"
익산시,우남콤비타운@경로당,익산시 무왕로26길 11-5 (부송동)
익산시,제일까치샘@경로당,익산시 무왕로21길 18 (부송동)
익산시,포레나익산부송@경로당,"익산시 무왕로 1195 (부송동, 포레나 익산 부송)"
익산시,푸른솔@경로당,익산시 부송로 52 (부송동)
익산시,상정마을경로당,익산시 정족1길 28 (정족동)
익산시,삼성경로당,익산시 임내길 67 (임상동)
익산시,월성경로당,익산시 하나로15길 42-14 (월성동)
익산시,내화경로당,익산시 내신길 49-25 (월성동)
익산시,외화경로당,익산시 몽환신화길 142 (월성동)
익산시,몽환경로당,익산시 몽환길 48 (임상동)
익산시,오상경로당,익산시 오동길 16 (임상동)
정읍시,원백산경로당,정읍시 원백산2길 16
정읍시,마동경로당,정읍시 마동길 18-3
정읍시,이암경로당,정읍시 이암길 13-27
정읍시,천단경로당,정읍시 천단1길 70
정읍시,장수경로당,정읍시 장수길 23
정읍시,노량산경로당,정읍시 감곡로 150-2
정읍시,농원경로당,정읍시 농원길 13
정읍시,내석경로당,정읍시 내석3길 10
정읍시,사해정경로당,정읍시 신태인초교길 72
정읍시,구사경로당,정읍시 구사3길 2
정읍시,남계경로당,정읍시 돌고지길 11
정읍시,상삼경로당,정읍시 신태인중앙로 57-15
정읍시,표천경로당,정읍시 표천길 30
정읍시,태화경로당,정읍시 태화2길 6
정읍시,남동노인정,정읍시 구사1길 17
정읍시,신시경로당,정읍시 시장3길 8
정읍시,인교동노인정,정읍시 인교2길 3
정읍시,평화1동경로당,정읍시 평천길 7-6
정읍시,평화2동경로당,정읍시 정신로 1187-11
정읍시,신태인읍금화마을경로당,정읍시 금화길 6-6
정읍시,주공아파트경로당,정읍시 호남철로 32-13
정읍시,노성경로회,정읍시 연정2길 3
정읍시,일노재경로당,정읍시 요동길 40-7
정읍시,동령경로당,정읍시 우령1길 7
정읍시,우령경로당,정읍시 우령3길 19
정읍시,우항경로당,정읍시 우항길 15
정읍시,하신양경로당,정읍시 하신양2길 37
정읍시,신흥경로회,정읍시 석지로 594
정읍시,화전경로당,정읍시 화전1길 28
정읍시,양괴경로당,정읍시 양괴2길 9
정읍시,대신경로당,정읍시 대신1길 13-3
정읍시,두지경로당,정읍시 두지동3길 55
정읍시,괴동경로당,정읍시 괴동1길 67
정읍시,산정경로당,정읍시 산정2길 43-2
정읍시,명금경로당,정읍시 신태인북길 489
정읍시,육리경로당,정읍시 육리5길 11
정읍시,청천경로당,정읍시 청천1길 3
정읍시,신곡경로당,정읍시 신곡길 18
정읍시,상서경로당,정읍시 상서길 1 
정읍시,덕신경로당,정읍시 육리1길 11
정읍시,포룡경로당,정읍시 화호7길 27
정읍시,용교경로당,정읍시 화호6길 13
정읍시,용서경로당,정읍시 화호2길 12
정읍시,신태인정자경로당,정읍시 화호9길 6
정읍시,서지노휴제,정읍시 서지길 9-7
정읍시,연가아파트경로당,정읍시 감곡로 13
정읍시,하유경로당,정읍시 상하유길 36
정읍시,관동경로당,정읍시 보림1길 387
정읍시,가정경로당,정읍시 보림2길 20
정읍시,마태경로당,정읍시 마태길 29
정읍시,월천경로당,정읍시 월천2길 7
정읍시,원오류경로당,정읍시 원오류길 62-10
정읍시,연지경로당,정읍시 연지길 24
정읍시,원마정경로당,정읍시 원마정 2길 33
정읍시,평촌경로당,정읍시 평촌2길 32
정읍시,원태곡경로당,정읍시 태곡길 32
정읍시,매곡경로당,정읍시 매곡길 7
정읍시,신흥경로당,정읍시 구평신흥길 212
정읍시,북면노휴제,정읍시 원한교 3길 16
정읍시,원한교경로당,정읍시 원한교2길 28
정읍시,구평경로당,정읍시 구평2길 19
정읍시,신촌경로당,정읍시 북신촌2길 9-7
정읍시,사거리경로당,정읍시 사거리길 18
정읍시,학동경로당,정읍시 학동3길 2
정읍시,장재경로당,정읍시 장학1길 73-1
정읍시,신평경로당,정읍시 동신2길 13
정읍시,신성경로당,정읍시 화평길 209-19
정읍시,장구경로당,정읍시 용북길 335
정읍시,탑성경로당,정읍시 탑성길 1
정읍시,노송경로당,정읍시 노송길 27-4
정읍시,원승부경로당,정읍시 원승부 2길 5
정읍시,금곡경로당,정읍시 금곡길 34-19
정읍시,원화해경로당,정읍시 원화해1길 7-4
정읍시,조동경로당,정읍시 화해성지길 42-36
정읍시,가전경로당,정읍시 가전길 115
정읍시,외야경로당,정읍시 외야길 82
정읍시,성원경로당,정읍시 칠북로 21-35
정읍시,성원3차경로당,정읍시 정읍북로 631-26
정읍시,이문경로당,정읍시 이문길 45
정읍시,원당경로당,정읍시 원당길 52-4
정읍시,오산경로당,정읍시 화해성지길 86
정읍시,입암노휴제,정읍시 정읍남로 473-6
정읍시,천원동부경로당,정읍시 동부길 27
정읍시,천원서부경로당,정읍시 천원아랫길 4
정읍시,영안경로당,정읍시 영안길 26
정읍시,옹암경로당,정읍시 옹암길 52
정읍시,신월경로당,정읍시 정읍남로 294
정읍시,반월경로당,정읍시 입암반월길 41
정읍시,신등경로당,정읍시 신등길 18-4
정읍시,원등경로당,정읍시 원등 2길 19
정읍시,군령경로당,정읍시 군령교길 153
정읍시,원하부경로당,정읍시 원하부길 30
정읍시,상부경로당,정읍시 상부2길 4-4
정읍시,만화경로당,정읍시 만신길 39
정읍시,평암경로당,정읍시 하평길 52
정읍시,가리대경로당,정읍시 가리대1길 56
정읍시,원신면경로당,정읍시 신면2길 1
정읍시,신면경로당,정읍시 면접길 208-1
정읍시,구면경로당,정읍시 구면1길 14
정읍시,진등경로당,정읍시 진등길 8-8
정읍시,신기경로당,정읍시 입신길 97
정읍시,선암경로당,정읍시 선암길 33
정읍시,대흥부녀경로당,정읍시 접지중앙길62
정읍시,접지서부경로당,정읍시 정읍남로 765-1
정읍시,대흥통합경로당,정읍시 접지중앙길62
정읍시,원접경로당,정읍시 원접길 64
정읍시,제내경로당,정읍시 제내길 84
정읍시,송정경로당,정읍시 송정길49
정읍시,문화경로당,정읍시 문화1길3-13
정읍시,신마석경로당,정읍시 신마석길 40-1
정읍시,구마석경로당,정읍시 구마석길 78
정읍시,지선 경로당,정읍시 지선길 12
정읍시,왕심경로당,정읍시 왕심2길 4
정읍시,월천경로당,정읍시 단곡월천 16
정읍시,양지경로당,정읍시 양지길 16-17
정읍시,엄동경로당,정읍시 엄동길 20-4
정읍시,차단경로당,정읍시 차단길 30-2
정읍시,원봉양경로당,정읍시 봉양1길 31
정읍시,봉양경로당,정읍시 봉양1길 54-4
정읍시,안당경로당,정읍시 안당1길 18
정읍시,문당경로당,정읍시 안당3길 35
정읍시,소성향노제,정읍시 보화1길 127-1
정읍시,대성경로당,정읍시 대성길 84
정읍시,보화경로당,정읍시 보화2길 34
정읍시,와석경로당,정읍시 와석2길 22
정읍시,부안경로당,정읍시 부안1길 44-1
정읍시,저동경로당,정읍시 저동길 156
정읍시,춘수경로당,정읍시 춘수1길 45
정읍시,신천경로당,정읍시 신천1길 65
정읍시,원두경로당,정읍시 원두길 21
정읍시,기린경로당,정읍시 기린길 6
정읍시,한정경로당,정읍시 한정길 52-4
정읍시,구룡경로당,정읍시 구룡길 5
정읍시,산곡경로당,정읍시 산곡길 14
정읍시,금동경로당,정읍시 금동길 99-4
정읍시,소고경로당,정읍시 소고길 85
정읍시,성고경로당,정읍시 성고길 47
정읍시,주정경로당,정읍시 주정2길 38
정읍시,재경경로당,정읍시 재경길 17
정읍시,연천경로당,정읍시 연천2길 48-36
정읍시,주동경로당,정읍시 주동2길 48
정읍시,반월경로당,정읍시 반월1길 31-1
정읍시,와룡경로당,정읍시 와룡길 8-2
정읍시,등계경로당,정읍시 등계길 29-1
정읍시,대동경로당,정읍시 대동3길 4
정읍시,마동경로당,정읍시 등계마동길 54-2
정읍시,원천경로당,정읍시 원천중앙길 32-6
정읍시,광조경로당,정읍시 광조길 42-1
정읍시,신광경로당,정읍시 광조길 18
정읍시,작천경로당,정읍시 작천1길 19
정읍시,광산경로당,정읍시 광산길 8
정읍시,기정경로당,정읍시 기정길 1
정읍시,용산경로당,정읍시 용산길 13
정읍시,외동경로당,정읍시 외동길 115
정읍시,모촌경로당,정읍시 애당모촌길 21
정읍시,애당경로당,정읍시 애당길 29
정읍시,두암경로당,정읍시 보애길 367
정읍시,강고경로당,정읍시 강고길 52
정읍시,관청경로당,정읍시 관청2길 14
정읍시,교동경로당,정읍시 교동4길 7-13
정읍시,구중경로당,정읍시 구중길 12-1
정읍시,남복경로당,정읍시 교동1길 14-16
정읍시,남영경로당,정읍시 남영길 52-6
정읍시,덕안경로당,정읍시 덕안길 72
정읍시,마정경로당,정읍시 덕신강길 427
정읍시,만수경로당,정읍시 하만길 7
정읍시,만화경로당,정읍시 만화길 79-1
정읍시,반용경로당,정읍시 백운길 145
정읍시,백운경로당,정읍시 고부백운길 22
정읍시,상만부녀경로당,정읍시 상만2길 5-3
정읍시,서당경로당,정읍시 만수길 160-3
정읍시,성촌경로당,정읍시 입석6길 53-10
정읍시,송곡경로당,정읍시 관청1길 2
정읍시,신용1경로당,정읍시 관용길 118
정읍시,신용2경로당,정읍시 신용2길 3
정읍시,신정경로당,정읍시 고신길 132
정읍시,신중경로당,정읍시 덕신강길 121
정읍시,신흥경로당,정읍시 고부신흥길 22-3
정읍시,안영경로당,정읍시 안영길 71
정읍시,앵곡경로당,정읍시 앵고길 30
정읍시,영주경로당,정읍시 교동3길 4-1
정읍시,예천경로당,정읍시 입석2길 3
정읍시,용등경로당,정읍시 용등길 38
정읍시,용회경로당,정읍시 용회길 38
정읍시,용흥경로당,정읍시 용흥길 53
정읍시,운용경로당,정읍시 운용길 48
정읍시,음지경로당,정읍시 음지길 21
정읍시,입석여성경로당,정읍시 입석4길 10-8
정읍시,작산경로당,정읍시 관청1길 147-8
정읍시,장문경로당,정읍시 교동2길 54
정읍시,종암경로당,정읍시 고부동서로 209-1
정읍시,주산경로당,정읍시 덕신강길 256-3
정읍시,죽리경로당,정읍시 죽리길 16
정읍시,진선경로당,정읍시 진선길 60
정읍시,청용경로당,정읍시 청룡길 20-2
정읍시,칠정경로당,정읍시 관청길 65-11
정읍시,학정경로당,정읍시 해정학정길 155
정읍시,해정경로당,정읍시 해정길 56-1
정읍시,홍원경로당,정읍시 홍원길 11-2
정읍시,장재경로당,정읍시 장재1길 60
정읍시,신기경로당,정읍시 장재2길 27
정읍시,합동경로당,정읍시 장재1길 3
정읍시,백양새마을,정읍시 백양1길 13
정읍시,주촌경로당,정읍시 주촌길 32-2
정읍시,청량경로당,정읍시 청량길 42
정읍시,미전경로당,정읍시 영원북길 194-4
정읍시,흔랑경로당,정읍시 앵성2길 26
정읍시,앵성경로당,정읍시 앵성1길 55-4
정읍시,수성경로당,정읍시 영원수성길 15
정읍시,신성경로당,정읍시 영원신성길 45
정읍시,노교경로당,정읍시 구파로 99
정읍시,금곡경로당,정읍시 금곡2길 13
정읍시,영원경로당,정읍시 영원로 1090-3
정읍시,태동경로당,정읍시 태동1길 5
정읍시,운학경로당,정읍시 운학2길 8-2
정읍시,갈선경로당,정읍시 갈선1길 19
정읍시,탑립경로당,정읍시 탑립2길 9
정읍시,은선경로당,정읍시 은선길 18-1
정읍시,북풍경로당,정읍시 풍촌3길 13-39
정읍시,풍촌경로당,정읍시 풍촌1길 14-3
정읍시,풍양경로당,정읍시 풍양길 43
정읍시,연지경로당,정읍시 풍월연지1길 19-10
정읍시,월현경로당,정읍시 월현길 25-7
정읍시,풍월2구경로당,정읍시 부월길 186
정읍시,신월경로당,정읍시 신월3길 30-8
정읍시,월산경로당,정읍시 월산2길 81-4
정읍시,경산경로당,정읍시 경산길 115
정읍시,신영경로당,정읍시 발립길 50-16
정읍시,효문경로당,정읍시 효문길 65
정읍시,후지경로당,정읍시 영원로 873-1
정읍시,성지경로당,정읍시 성지1길 22
정읍시,가정경로당,정읍시 동학로 681
정읍시,장문경로당,정읍시 장문1길 49-2
정읍시,중하경로당,정읍시 중하2길 22
정읍시,대죽경로당,정읍시 천곡사지로 132
정읍시,전림경로당,정읍시 학전길 19
정읍시,상학경로당,정읍시 상학3길 14
정읍시,도계경로당,정읍시 도계1길 12
정읍시,금계경로당,정읍시 금계2길 17-5
정읍시,신송경로당,정읍시 신송길 63
정읍시,신월경로당,정읍시 신월길 5
정읍시,삼봉경로당,정읍시 삼봉1길 52
정읍시,용곡경로당,정읍시 태고로 707
정읍시,제야경로당,정읍시 제야길 16
정읍시,산우경로당,정읍시 산우2길 11
정읍시,용두경로당,정읍시 용두길 10
정읍시,두지경로당,정읍시 두지2길 3-3
정읍시,내정경로당,정읍시 내정4길 17
정읍시,용전경로당,정읍시 용전1길 4
정읍시,만종경로당,정읍시 만종길 24
정읍시,덕천경로당,정읍시 황토현로 796
정읍시,도학경로당,정읍시 동학로 643-1
정읍시,송산경로당,정읍시 신월송산길 16
정읍시,각목경로당,정읍시 각목길 14-7
정읍시,국정경로당,정읍시 국정길 36-1
정읍시,대독경로당,정읍시 대독길 11
정읍시,대동경로당,정읍시 대동길 29
정읍시,대량경로당,정읍시 대량길 20
정읍시,도천경로당,정읍시 도천길 58
정읍시,돈지경로당,정읍시 돈지길 13-5
정읍시,두전경로당,정읍시 황전2길 4
정읍시,마항경로당,정읍시 답내길 9
정읍시,목교경로당,정읍시 하송길 65
정읍시,무릉경로당,정읍시 말목장터길 9-4
정읍시,복지경로당,정읍시 말목장터로 516
정읍시,산매경로당,정읍시 산매길 118-3
정읍시,서산경로당,정읍시 혁파길 79
정읍시,석전경로당,정읍시 요골길 60
정읍시,석정경로당,정읍시 석정길 23
정읍시,석지경로당,정읍시 돌못길 13
정읍시,세곡경로당,정읍시 세곡길 21-4
정읍시,소독경로당,정읍시 소독길 11
정읍시,소송경로당,정읍시 소송길 13
정읍시,신송경로당,정읍시 창서원길 70
정읍시,신월경로당,정읍시 태평길 229-11
정읍시,신일경로당,정읍시 오산2길 6
정읍시,양지경로당,정읍시 오금양지길 63-1
정읍시,연화경로당,정읍시 쌍배미길 31-1
정읍시,예동경로당,정읍시 혁파길 7
정읍시,오산경로당,정읍시 오산2길 153
정읍시,오정경로당,정읍시 오정길 11-1
정읍시,요서경로당,정읍시 요서길 23
정읍시,용전경로당,정읍시 용전길 6
정읍시,월산경로당,정읍시 월서길 6
정읍시,정애경로당,정읍시 궁동길 245-4
정읍시,조소경로당,정읍시 조소1길 9
정읍시,주산경로당,정읍시 창동주산길 73
정읍시,지지경로당,정읍시 지평길 34
정읍시,창동경로당,정읍시 창동1길 10
정읍시,창전경로당,정읍시 창전1길 24-5
정읍시,청량경로당,정읍시 궁월길 39-15
정읍시,팔선경로당,정읍시 오팔하길 44
정읍시,평령경로당,정읍시 평령1길 10-1
정읍시,포룡경로당,정읍시 두전포룡길 19-13
정읍시,하송경로당,정읍시 하송길 5
정읍시,한수경로당,정읍시 한수길 25-10
정읍시,현동경로당,정읍시 현동길 12
정읍시,황전경로당,정읍시 황전1길 42
정읍시,후송경로당,정읍시 후송길 52
정읍시,정우경로당,정읍시 초강1길 9
정읍시,금북경로당,정읍시 금북길 4-3
정읍시,금남경로당,정읍시 금남길 15
정읍시,월성경로당,정읍시 수금월성길 7
정읍시,금창경로당,정읍시 정신로 644-3
정읍시,산북경로당,정읍시 산북2길 21
정읍시,삼산경로당,정읍시 정우삼산길 35-1
정읍시,대정경로당,정읍시 대정1길 27
정읍시,신제경로당,정읍시 신제길 120
정읍시,대동경로당,정읍시 대서1길 42
정읍시,대서경로당,정읍시 대서1길 28
정읍시,교촌경로당,정읍시 교촌1길 13
정읍시,괴동경로당,정읍시 정괴동1길 19-1
정읍시,정토경로당,정읍시 정토길 13
정읍시,규촌경로당,정읍시 수회길 76-6
정읍시,화천경로당,정읍시 화천1길 32-6
정읍시,덕성경로당,정읍시 덕성길 15-1
정읍시,덕촌경로당,정읍시 덕촌1길 52-2
정읍시,송내경로당,정읍시 송내길 30-1
정읍시,양지경로당,정읍시 양지1길 29
정읍시,구성경로당,정읍시 구성길 5-4
정읍시,외장경로당,정읍시 외장길 19
정읍시,창납경로당,정읍시 초강4길 22-3
정읍시,신창경로당,정읍시 정신로 596
정읍시,천덕경로당,정읍시 태고로 1013-4
정읍시,천두경로당,정읍시 초강6길 36
정읍시,우산경로당,정읍시 우산길 27
정읍시,송배경로당,정읍시 송배1길 46-4
정읍시,서산경로당,정읍시 정우남로 77-1
정읍시,망담경로당,정읍시 망담1길 10-2
정읍시,대산경로당,정읍시 대산1길 60-1
정읍시,남산경로당,정읍시 정우남산길 39-4
정읍시,성동경로당,정읍시 성동길 21-6
정읍시,내기경로당,정읍시 내기길 31-2
정읍시,도찬경로당,정읍시 도찬길 35
정읍시,강삼경로당,정읍시 강삼2길 11-21
정읍시,과학경로당,정읍시 과학길 11-2
정읍시,관동경로당,정읍시 관동길 16
정읍시,샘들내경로당,정읍시 태용신길 29(샘들내@)
정읍시,기지내경로당,정읍시 기지내길 3
정읍시,낙양경로당,정읍시 원낙양2길 25
정읍시,내이경로당,정읍시 낙양길 43
정읍시,녹동경로당,정읍시 녹동길46
정읍시,덕두경로당,정읍시 태인남길 370-18
정읍시,독양경로당,정읍시 외칠길 18
정읍시,매계수양재,정읍시 중산길 15-11
정읍시,문화경로당,정읍시 개멀길 10
정읍시,박동경로당,정읍시 박동1길 21
정읍시,박서경로당,정읍시 박서2길 8-4
정읍시,북부노휴제,정읍시 천오길 16-2
정읍시,분동경로당,정읍시 분동길 39
정읍시,사리경로당,정읍시 독립길 31
정읍시,삼리경로당,정읍시 태흥2길 24-2
정읍시,상동구경로당,정읍시 상동구길 5
정읍시,상산경로당,정읍시 상산길 17-13
정읍시,상증경로당,정읍시 상증길 25
정읍시,서재경로당,정읍시 분서길 123
정읍시,시기경로당,정읍시 태시기길 29-1
정읍시,신기경로당,정읍시 거산1길 103
정읍시,여속경로당,정읍시 여속길 62
정읍시,오리경로당,정읍시 태거길 19
정읍시,옥하경로당,정읍시 수학정석길 4-11
정읍시,왕림경로당,정읍시 왕림길 132-8
정읍시,외이경로당,정읍시 낙양길 92
정읍시,원거산경로당,정읍시 태거길 59
정읍시,원고천경로당,정읍시 원고천1길 148
정읍시,원궁사경로당,정읍시 원궁사1길 13
정읍시,원오봉경로당,정읍시 원오봉길 16-2
정읍시,육리경로당,정읍시 창흥2길 4-9
정읍시,장재경로당,정읍시 장재길30
정읍시,점촌경로당,정읍시 점촌길 56
정읍시,주산경로당,정읍시 주산길 12
정읍시,중산경로당,정읍시 중산길 15-4
정읍시,중앙경로당,정읍시 향교1길 7
정읍시,천신경로당,정읍시 천신길 100-5
정읍시,청석경로당,정읍시 천신길 60
정읍시,청학경로당,정읍시 청학길 13
정읍시,칠리경로당,정읍시 칠리길 18
정읍시,태산경로당,정읍시 태산로 2942-1
정읍시,태인노휴제,정읍시 태인로 83
정읍시,하동구경로당,정읍시 하동구길 8
정읍시,하산경로당,정읍시 하산길 22-1
정읍시,하증경로당,정읍시 하증1길 18
정읍시,향교경로당,정읍시 정읍북로 1270
정읍시,감곡양수제,정읍시 원삼1길 42-9
정읍시,횡룡경로당,정읍시 횡룡길 34-17
정읍시,동곡경로당,정읍시 동곡길 52
정읍시,오공경로당,정읍시 오공3길 4
정읍시,학당경로당,정읍시 학당길 26-8
정읍시,석점경로당,정읍시 석점1길 43-14
정읍시,진농경로당,정읍시 감곡로 288
정읍시,진산경로당,정읍시 감곡진산1길 20
정읍시,진교경로당,정읍시 진교1길 64
정읍시,진흥양수제(소제),정읍시 소제2길 4
정읍시,산지경로당,정읍시 산지2길 23
정읍시,녹촌경로당,정읍시 녹촌길 52
정읍시,풍촌경로당,정읍시 풍촌길 64
정읍시,유치경로당,정읍시 유치1길 15
정읍시,천촌경로당,정읍시 천촌길 121
정읍시,석정경로당,정읍시 석정 1길 67
정읍시,순촌경로당,정읍시 순촌1길 43-1
정읍시,과반경로당,정읍시 백산감산로 687
정읍시,녹동경로당,정읍시 녹동1길 49
정읍시,통사경로당,정읍시 통사2길 25
정읍시,반룡경로당,정읍시 반룡2길 17
정읍시,장무경로당,정읍시 장무길 66
정읍시,관봉경로당,정읍시 관봉1길 23
정읍시,계봉경로당,정읍시 계봉길 46-5
정읍시,천곡경로당,정읍시 천곡길 29
정읍시,화삼경로당,정읍시 화삼길 58
정읍시,감산경로당,정읍시 감곡로 709-5
정읍시,옥신경로당,정읍시 옥학길 103-5
정읍시,유수경로당,정읍시 유수길 22-3
정읍시,정가경로당,정읍시 정가1길 19-1
정읍시,학일경로당,정읍시 학일길 10
정읍시,학성경로당,정읍시 학이길 8
정읍시,학두경로당,정읍시 학두길 19
정읍시,상평경로당,정읍시 상평길 9
정읍시,신평경로당,정읍시 신평길 57-4
정읍시,중평경로당,정읍시 중평길 72
정읍시,하평경로당,정읍시 하평2길 7
정읍시,송학노휴제(상하송),정읍시 용승길 124
정읍시,회암경로당,정읍시 용승길 87
정읍시,모산경로당,정읍시 모산2길 11
정읍시,승북경로당,정읍시 승북길 39-3
정읍시,승산경로당,정읍시 승산길 12
정읍시,중남경로당,정읍시 승방길 51
정읍시,방남경로당,정읍시 방남1길12-1
정읍시,양오경로당,정읍시 오주길 84
정읍시,용오경로당,정읍시 용오길 32
정읍시,장촌경로당,정읍시 장촌길 9-7
정읍시,감곡경로당,정읍시 감곡로 430
정읍시,수암경로당,정읍시 수암길 3
정읍시,두곡경로당,정읍시 두곡길 13-20
정읍시,산성경로당,정읍시 산성길 13
정읍시,칠전경로당,정읍시 대칠길 15
정읍시,삼리경로당,정읍시 삼리1길 21
정읍시,내동경로당,정읍시 내동2길 1-3
정읍시,척천경로당,정읍시 옹지동촌로 59
정읍시,정동경로당,정읍시 정동길 3
정읍시,매당경로당,정읍시 매당1길 39-1
정읍시,옹동노휴제,정읍시 매석길 8-6
정읍시,칠석경로당,정읍시 칠석1길 38
정읍시,시목경로당,정읍시 시목길 28-3
정읍시,성칠경로당,정읍시 성칠1길 25-3
정읍시,외칠경로당,정읍시 외칠길 102
정읍시,내칠경로당,정읍시 내칠길 16
정읍시,농원경로당,정읍시 칠석농원1길 9
정읍시,두립경로당,정읍시 두립길 173
정읍시,제내경로당,정읍시 오성길 55
정읍시,일리경로당,정읍시 일리1길 6
정읍시,작소경로당,정읍시 작소1길 110-17
정읍시,용호경로당,정읍시 옹동용호길 36
정읍시,용이경로당,정읍시 용이길 45
정읍시,용상경로당,정읍시 상산2길 16-6
정읍시,송월경로당,정읍시 송월길 45
정읍시,행정경로당,정읍시 산성행정길9
정읍시,저상경로당,정읍시 저상길 5
정읍시,신성경로당,정읍시 옹동신성길 20
정읍시,축촌경로당,정읍시 축촌길 71
정읍시,신기경로당,정읍시 신기길 67
정읍시,백암재,정읍시 원백암1길 39
정읍시,상일경로당,정읍시 상일길 45
정읍시,중일경로당,정읍시 백암길 45-10
정읍시,흥이경로당,정읍시 백암길 77
정읍시,흥삼경로당,정읍시 백암길 92-5
정읍시,보암제,정읍시 백암길 103
정읍시,묵동경로당,정읍시 먹골길 25
정읍시,신흥경로당,정읍시 칠보중앙로 143-8
정읍시,은석경로당,정읍시 은석길 37
정읍시,원노당경로당,정읍시 원촌1길 34
정읍시,도산경로당,정읍시 도산2길 37
정읍시,검단경로당,정읍시 검단1길 67
정읍시,행단제,정읍시 행단3길 23
정읍시,복호경로당,정읍시 복호2길 13
정읍시,시기경로당,정읍시 칠보중앙로 53
정읍시,건흥경로당,정읍시 건흥길 14-6
정읍시,송산경로당,정읍시 칠보송산1길 22
정읍시,중앙노소제,정읍시 칠보산로 1486-12
정읍시,동편경로당,정읍시 동편길 21-9
정읍시,남전경로당,정읍시 남전길 34-17
정읍시,세류경로당,정읍시 세류길 37-5
정읍시,원반경로당,정읍시 서리실길 5-26
정읍시,석탄경로당,정읍시 석탄길 25
정읍시,동막경로당,정읍시 동막길 49-27
정읍시,여옥경로당,정읍시 여옥길 31-3
정읍시,벌수경로당,정읍시 벌수1길 39
정읍시,황학경로당,정읍시 황토길 47
정읍시,옥정(종성)경로당,정읍시 산호수길 3
정읍시,사승경로당,정읍시 사승2길 1
정읍시,종암경로당,정읍시 수침동길 43-17
정읍시,평천경로당,정읍시 장금길 76
정읍시,백금경로당,정읍시 장금길 184
정읍시,하매경로당,정읍시 매대길 91
정읍시,중리경로당,정읍시 진상골길 186
정읍시,사내경로당,정읍시 사내길 39
정읍시,봉화대경로당,정읍시 청정로 1208
정읍시,산내경로당,정읍시 능교2길 29
정읍시,허궁실경로당,정읍시 허궁실1길 102
정읍시,구복경로당,정읍시 구복길 13-3
정읍시,신기경로당,정읍시 태산로 1640
정읍시,용암경로당,정읍시 용암길 95-33
정읍시,상례경로당,정읍시 상례길 14-1
정읍시,하례경로당,정읍시 하례길 94-2
정읍시,홍문경로당,정읍시 청정로 1565
정읍시,사교경로당,정읍시 사교2길 11-8
정읍시,두월경로당,정읍시 두월상두길 52
정읍시,자연경로당,정읍시 산내로 397
정읍시,방성경로당,정읍시 방성길 24
정읍시,이화동경로당,정읍시 이화동길 125
정읍시,수성재경로당,정읍시 산외로 474-1
정읍시,엄계경로당,정읍시 엄계길 13-1
정읍시,죽동경로당,정읍시 죽동길 109
정읍시,화정경로당,정읍시 화정2길 5
정읍시,사가경로당,정읍시 화죽길 13
정읍시,구장경로당,정읍시 상두1길 388
정읍시,만병경로당,정읍시 만병길 32
정읍시,동진경로당,정읍시 참시내1길 6
정읍시,서진경로당,정읍시 참시내2길13-18
정읍시,상두경로당,정읍시 상두3길 7-7
정읍시,원정경로당,정읍시 원정3길 1
정읍시,상용경로당,정읍시 상용길 45-1
정읍시,도원경로당,정읍시 도원1길 47
정읍시,능암경로당,정읍시 내능길 34-1
정읍시,외능경로당,정읍시 외능길 42-1
정읍시,민하경로당,정읍시 종운로 157
정읍시,안계경로당,정읍시 안계길 41-8
정읍시,노은경로당,정읍시 평사3길 45-2
정읍시,운전경로당(뿔도장),정읍시 운전2길 19
정읍시,평사경로당,정읍시 평사2길 11-20
정읍시,신촌경로당,정읍시 신촌 1길 18-16
정읍시,용두경로당,정읍시 산외로 455-63
정읍시,동곡경로당,정읍시 동곡 2길 5-3
정읍시,지금경로당,정읍시 상산로 816
정읍시,야정경로당,정읍시 빗재로 367-8
정읍시,신배경로당,정읍시 신배길 39
정읍시,쌍정경로당,정읍시 신암길 11
정읍시,이치경로당,정읍시 이치길 60
정읍시,내목경로당,정읍시 내목2길 4-3
정읍시,외목경로당,정읍시 외목길 6-1
정읍시,종산1경로당,정읍시 원종산길 11
정읍시,종산2경로당,정읍시 원바실길 6-9
정읍시,여우치경로당,정읍시 여우치길 115-1
정읍시,공동경로당,정읍시 공동길 48
정읍시,구미경로당,정읍시 구미길 79
정읍시,국악경로당,정읍시 성황산1길 12-18
정읍시,군대경로당,정읍시 군대길 89-1
정읍시,기우경로당,"정읍시 서성길 15, 2층"
정읍시,마곡경로당,정읍시 수성5로 65-11
정읍시,박동경로당,정읍시 박동길 29
정읍시,부영1차경로당,정읍시 수성택지2길 17
정읍시,부영2차경로당,정읍시 샘골로 158
정읍시,선은경로당,정읍시 선은본길 112
정읍시,신선경로당,정읍시 수성1로 30-30
정읍시,오정경로당,정읍시 하북2길 26
정읍시,용흥경로당,정읍시 하북1길 187
정읍시,제일경로당,정읍시 수성3로 26
정읍시,주공1차경로당,정읍시 수성2로 13-12
정읍시,주공1차(여)경로당,정읍시 수성2로 13-12
정읍시,주공2차경로당,정읍시 수성2로 13-11
정읍시,주공3차경로당,정읍시 수성3로 9
정읍시,중앙경로당,정읍시 성황산1길 12-20
정읍시,충무경로당,정읍시 충정로 228-31
정읍시,충정경로당,정읍시 충정로 253-21
정읍시,뉴캐슬경로당,정읍시 수성택지2길 65
정읍시,구량경로당,정읍시 구량1길 113
정읍시,용호경로당,정읍시 용호길 22
정읍시,동부경로당,정읍시 입석길 45-26
정읍시,매기경로당,정읍시 매기길 45
정읍시,신용호경로당,정읍시 쇠죽동길 9
정읍시,영창파크경로당,정읍시 말고개길 73-5
정읍시,장명경로당,정읍시 조곡천2길 118
정읍시,금북경로당,정읍시 금붕3길22
정읍시,대석경로당,정읍시 대석1길 14
정읍시,붕래경로당,정읍시 붕래길42-6
정읍시,행정경로당,정읍시 행정길90
정읍시,백석경로당,정읍시 백석길17
정읍시,부무경로당,정읍시 부무길42
정읍시,부전경로당,정읍시 부전안길5-8
정읍시,현대1차경로당,정읍시 하신경9길14-21
정읍시,상현(현대3차)경로당,정읍시 상동중앙로 62-16
정읍시,대림@경로당,정읍시 금붕1길1-1
정읍시,대우드림채@경로당,정읍시 학산로103-4
정읍시,명진로얄경로당,정읍시 충정로50-1
정읍시,상신경로당,정읍시 충정로41-9
정읍시,현대2차@경로당,정읍시 학산로127-4
정읍시,엘지@경로당,정읍시 상사3길47
정읍시,우미타운경로당,정읍시 학산로 95
정읍시,상사경로당,정읍시 상사4길 4
정읍시,종산경로당,정읍시 송산1길 90
정읍시,시영연립@경로당,정읍시 내장산로16-10
정읍시,송령경로당,정읍시 송산1길111
정읍시,송학경로당,정읍시 송산1길150-12
정읍시,답곡경로당,정읍시 답곡길 74
정읍시,월영경로당,정읍시 월영1길 62
정읍시,송죽경로당,정읍시 송죽길 25
정읍시,하신경로당,정읍시 충정로94-7
정읍시,엘드수목토경로당,정읍시 학산로89-25
정읍시,내장산실버노인회경로당,정읍시 금붕1길190
정읍시,회룡경로당,정읍시 종황길 7
정읍시,신성미소지움경로당,정읍시 상동중앙로41
정읍시,휴먼시아2단지경로당,정읍시 학산로89-71
정읍시,휴먼시아3단지경로당,정읍시 학산로89-72
정읍시,중사경로당,정읍시 관통로57-51
정읍시,대광로제비앙경로당,정읍시 학산로89-11
정읍시,부여경로당,정읍시 부여길 7-3
정읍시,강변경로당,정읍시 송산1길117-25
정읍시,검듸경로당,정읍시 금붕2길 5
정읍시,영무예다음경로당,정읍시 학산로 89-96
정읍시,남부노휴제,정읍시 청수3길 2
정읍시,대흥경로당,정읍시 대흥2길 11
정읍시,삼화그린아파트 남자경로당,정읍시 대흥3길 21-13
정읍시,삼화그린여성경로당,정읍시 대흥3길 21-13
정읍시,시기경로당,정읍시 태평5길 49
정읍시,정읍노휴재,정읍시 태평7길 51
정읍시,제1시장노휴제경로당,정읍시 태평6길 22-10
정읍시,청수경로당,정읍시 청수1길 5-6
정읍시,아양경로당,정읍시 정읍남로 1441-72
정읍시,동원경로당,정읍시 천변로 350-1
정읍시,남산경로당,정읍시 남산2길 10
정읍시,유창1차APT,정읍시 남산5길 19-9
정읍시,유창2차APT,정읍시 남산6길 10
정읍시,현대APT(남),정읍시 초산로 3-1
정읍시,현대APT(여),정읍시 초산로 3-1
정읍시,신기메이플,정읍시 정읍남로 1348
정읍시,초헌경로당(남),정읍시 초산1길8
정읍시,초헌경로당(여),정읍시 초산1길 8
정읍시,영화아파트경로당,정읍시 천변로 310
정읍시,은하APT,정읍시 초산1길 21
정읍시,센트럴카운티,정읍시 시기1길 22
정읍시,시영연립경로당,정읍시 천변로 388-1
정읍시,양우아파트,정읍시 천변로 394-16
정읍시,초산약수경로당,정읍시 초산약수2길 7
정읍시,코아루경로당,정읍시 정읍남로 1400
정읍시,당현경로당,정읍시 당현길 13
정읍시,시기영무예다음경로회,정읍시 시기4길42
정읍시,연지1통경로당,정읍시 연지3길 86
정읍시,연지할아버지경로당,정읍시 연지3길 26
정읍시,연지할머니경로당,정읍시 연지3길 26
정읍시,서연지경로당,정읍시 서연지2길 25-20
정읍시,대실경로당,정읍시 죽림2길 25
정읍시,서부남성경로당,정읍시 연지시장2길 16-6
정읍시,서부여성경로당,정읍시 연지시장2길 20
정읍시,동부경로당,정읍시 연지8길 49
정읍시,죽림경로당,정읍시 죽림1길 19
정읍시,신흥경로당,"정읍시 연지7길 36, 단풍@"
정읍시,명덕경로당,정읍시 명덕1길 9-7
정읍시,영무예다음경로당,정읍시 중앙로 55
정읍시,연지6통경로당,정읍시 관사1길 4
정읍시,효죽경로당,정읍시 소정1길 22-10
정읍시,복룡경로당,정읍시 해평복룡길 57
정읍시,농흥경로당,정읍시 농흥2길 18
정읍시,가곡경로당,정읍시 가곡길 17 (영파동)
정읍시,기산경로당,정읍시 소정1길 68-12
정읍시,천곡경로당,정읍시 망제천곡길 71
정읍시,동곡경로당,정읍시 동곡중앙길 43-2
정읍시,부암경로당,정읍시 비녀골길 45 (망제동)
정읍시,망제경로당,정읍시 옹골길 4 (망제동)
정읍시,신정경로당,정읍시 황토현로 991-5
정읍시,삼화타운경로당,정읍시 수성1로 7
정읍시,상흑경로당,정읍시 현암1길 60 (흑암동)
정읍시,현암경로당,정읍시 현암1길 34-2
정읍시,두승경로당,정읍시 흑암신흥길 40
정읍시,정문경로당,정읍시 정문들목길 63-2
정읍시,구암경로당,정읍시 동학로 20-3
정읍시,용계경로당,정읍시 용계1길 32
정읍시,동심경로당,정읍시 공평길 2-3
정읍시,회로제경로당,정읍시 충정로 531-6
정읍시,신덕경로당,정읍시 신덕중앙길 71 (용계동)
정읍시,목련경로당,정읍시 충정로 531-3 (공평동)
정읍시,목련2차경로당,정읍시 충정로 531-3 (공평동)
정읍시,농소주공경로당,정읍시 서부산업도로409
정읍시,석교경로당,정읍시 석교길07-1
정읍시,월천경로당,정읍시 월천길 64-7
정읍시,모촌경로당,정읍시 모촌길 51
정읍시,원상평경로당,정읍시 원상평길 18
정읍시,산재경로당,정읍시 산우길 11
정읍시,칠정경로당,정읍시 칠정2길 15-3
정읍시,신기경로당,정읍시 용신길 73
정읍시,용흥경로당,정읍시 용흥1길 20-15
정읍시,음성경로당,정읍시 음성길 60-4
정읍시,장미1차경로당,정읍시 용흥1길15-25
정읍시,향지경로당,정읍시 향지길 40
정읍시,삼산경로당,정읍시 삼산1길 34-7
정읍시,내동경로당,정읍시 삼산2길 66
정읍시,신구경로당,정읍시 신구길 28
정읍시,과교경로당,정읍시 정읍남로 1120-2
정읍시,남일경로당,정읍시 구계2길 2
정읍시,백운경로당,정읍시 백운길 47
정읍시,삼군경로당,정읍시 삼군길 92
정읍시,진산경로당,정읍시 진산1길 31
정읍시,석고경로당,정읍시 석고길 31
정읍시,교암경로당,정읍시 삼군길 9
정읍시,한마음경로당,정읍시 구암길16-10
정읍시,조월경로당,정읍시 조월길 136
정읍시,계화경로당,정읍시 계화1길 47
정읍시,서월경로당,정읍시 월성길 37
정읍시,동월경로당,정읍시 신성길 47
정읍시,신성경로당,정읍시 신성길 161
정읍시,복용경로당,정읍시 복룡길 17-1
정읍시,칠정 제2경로당,정읍시 칠정1길 10-6
정읍시,정촌경로당,정읍시 정촌1길 53
정읍시,전지경로당,정읍시 전지길 30
정읍시,신정마을경로당,정읍시 신정마을길 36
정읍시,백학경로당,정읍시 백학2길 115
정읍시,원부귀경로당,정읍시 부귀1길 33
정읍시,상정경로당,정읍시 상정2길 22-4
정읍시,금구경로당,정읍시 금구길 56
정읍시,신흥장미2차경로당,정읍시 용흥1길 7-11
정읍시,첨단LH행복주택경로당,정읍시 첨단1로47
정읍시,첨단LH1단지경로당,정읍시 첨단3로7
남원시,가동경로당,남원시 운봉읍 가동길 46
남원시,가산경로당,남원시 운봉읍 가산길 65
남원시,가장경로당,남원시 운봉읍 가장길 4
남원시,공안경로당,남원시 운봉읍 공안길 18
남원시,군화동경로당,남원시 운봉읍 48-1
남원시,권포경로당,남원시 운봉읍 권포1길 35
남원시,덕산경로당,남원시 운봉읍 덕산길 29-13
남원시,동상경로당,남원시 운봉읍 동천2길 15
남원시,동하경로당,남원시 운봉읍 동천4길 11
남원시,매요경로당,남원시 운봉읍 매요길 53
남원시,방현경로당,남원시 운봉읍 방현길 113
남원시,북천경로당,남원시 운봉읍 북천길 119
남원시,비전경로당,남원시 운봉읍 비전길 12
남원시,산덕경로당,남원시 운봉읍 산덕길 15
남원시,삼산경로당,남원시 운봉읍 삼산길 7-1
남원시,서남경로당,남원시 운봉읍 서천길 62
남원시,서상경로당,남원시 운봉읍 서천길 34
남원시,서하경로당,남원시 운봉읍 서천2길 11
남원시,소석경로당,남원시 운봉읍 소석길 77
남원시,수철경로당,남원시 운봉읍 행정공안길 205
남원시,신기경로당,남원시 운봉읍 운봉신기길 103
남원시,엄계경로당,남원시 운봉읍 엄계길 25
남원시,연동경로당,남원시 운봉읍 연동길 103
남원시,용산경로당,남원시 운봉읍 운봉용산길 9
남원시,용은경로당,남원시 운봉읍 용은길 38
남원시,유평경로당,남원시 운봉읍 유평길 13-3
남원시,임리경로당,남원시 운봉읍 임리길 50
남원시,장교경로당,남원시 운봉읍 장교길 5-2
남원시,장동경로당,남원시 운봉읍 장동아랫길 4
남원시,전촌경로당,남원시 운봉읍 가산화수길 51-2
남원시,주촌경로당,남원시 운봉읍 166
남원시,준향경로당,남원시 운봉읍 준향길 78-1
남원시,행정경로당,남원시 운봉읍 운봉행정길 8-9
남원시,화신경로당,남원시 운봉읍 화신길 19
남원시,고촌경로당,남원시 주천면 고촌안길 18-1
남원시,내기경로당,남원시 주천면 정령치로 770
남원시,내송경로당,남원시 주천면 내송길 32-5
남원시,내용궁경로당,남원시 주천면 내용궁길 32
남원시,노치경로당,남원시 주천면 노치길 71-2
남원시,덕촌경로당,남원시 주천면 덕촌길 162
남원시,무수경로당,남원시 주천면 무수길 47
남원시,배촌경로당,남원시 주천면 배촌길 66-16
남원시,상주경로당,남원시 주천면 상주길 25
남원시,숲속경로당,남원시 주천면 숲속마을길 33-5
남원시,신기경로당,남원시 주천면 호기신기길 36
남원시,안곡경로당,남원시 주천면 안곡길 86
남원시,외용궁경로당,남원시 주천면 외용궁길 38
남원시,외평경로당,남원시 주천면 외평2길 16
남원시,외평여성경로당,남원시 주천면 외평2길 16-1
남원시,용담경로당,남원시 주천면 용담1길 5-3
남원시,웅치경로당,남원시 주천면 웅치길 55-2
남원시,중송경로당,남원시 주천면 중송길 10
남원시,하송경로당,남원시 주천면 하송2길 13-2
남원시,하주경로당,남원시 주천면 하주2길 27
남원시,행정경로당,남원시 주천면 은행정길 83
남원시,호경경로당,남원시 주천면 정령치로 194
남원시,호곡경로당,남원시 주천면 범실길 42
남원시,회덕경로당,남원시 주천면 회덕길 27
남원시,가정경로당,남원시 수지면 가정길 6
남원시,갈촌경로당,남원시 수지면 갈촌길 25
남원시,고정경로당,남원시 수지면 고주로 893
남원시,남창경로당,남원시 수지면 물머리로 385
남원시,내호곡경로당,남원시 수지면 내호곡2길 6
남원시,내호곡여성경로당,남원시 수지면 내호곡1길 6
남원시,등동경로당,남원시 수지면 등동길 4-4
남원시,마륜경로당,남원시 수지면 두곡길 69
남원시,마연경로당,남원시 수지면 마연길 52
남원시,산촌경로당,남원시 수지면 수지산촌길 193
남원시,서당경로당,남원시 수지면 수지서당길 53
남원시,수지면분회경로당,남원시 수지면 고주로 635-12
남원시,신덕경로당,남원시 수지면 호곡리 92번지 152호
남원시,신평경로당,남원시 수지면 신평길 11
남원시,양촌경로당,남원시 수지면 수지양촌길 10
남원시,외호곡경로당,남원시 수지면 외호곡길 15
남원시,외호곡여성경로당,남원시 수지면 외호곡길 40
남원시,용강경로당,남원시 수지면 용강길 10
남원시,유촌경로당,남원시 수지면 유촌길 30
남원시,진곡경로당,남원시 수지면 진곡길 52-1 (고평리 477-4)
남원시,초리경로당,남원시 수지면 초리길 43
남원시,포암경로당,남원시 수지면 포암길 5
남원시,내사촌경로당,남원시 송동면 내사촌길 40
남원시,동서내경로당,남원시 송동면 동서내1길 21
남원시,동양경로당,남원시 송동면 동양길 23
남원시,두곡경로당,남원시 송동면 두곡1길 9
남원시,문치경로당,남원시 송동면 문치길 24
남원시,백평 경로당,남원시 송동면 용투산로 279
남원시,부동경로당,남원시 송동면 송기안길 21
남원시,부석경로당,남원시 송동면 노송로 979-4
남원시,부일경로당,남원시 송동면 부석안길 50
남원시,생촌경로당,남원시 송동면 생촌길 8
남원시,소척동경로당,남원시 송동면 척동앞길 61-1
남원시,손동경로당,남원시 송동면 손동길 11
남원시,송내경로당,남원시 송동면 송내2길 7
남원시,송동경로당,남원시 송동면 송기길 45
남원시,신기 경로당,남원시 송동면 용투산로 415
남원시,신산경로당,남원시 송동면 신산길 28
남원시,신촌경로당,남원시 송동면 물머리로 60
남원시,안계경로당,남원시 송동면 안계안길 30
남원시,양평경로당,남원시 송동면 물머리로 174
남원시,연산경로당,남원시 송동면 송동연산길 9
남원시,영촌경로당,남원시 송동면 잿말길 45
남원시,오촌경로당,남원시 송동면 송동오촌길 45
남원시,외사촌경로당,남원시 송동면 외사촌길 15
남원시,우동경로당,남원시 송동면 송기윗길 43
남원시,원촌경로당,남원시 송동면 송동원촌길 10-6
남원시,장포경로당,남원시 송동면 장포1길 20-5
남원시,중상경로당,남원시 송동면 신산길 11
남원시,척동경로당,남원시 송동면 척동앞길 18
남원시,태동경로당,남원시 송동면 태동길 33
남원시,태산경로당,남원시 송동면 태산길 34-8
남원시,광촌경로당,남원시 주생면 광촌길 13-20
남원시,낙동경로당,남원시 주생면 낙동안길 21
남원시,내동경로당,남원시 주생면 주생내동길 57
남원시,대지경로당,남원시 주생면 대지안길 12-7
남원시,도산경로당,남원시 주생면 도산2길 10-14
남원시,동산경로당,남원시 주생면 상도길 275-11
남원시,모사동경로당,남원시 주생면 상도길 138
남원시,반송경로당,남원시 주생면 반송안길 29
남원시,부동경로당,남원시 주생면 주생부동길 67
남원시,상도경로당,남원시 주생면 도산2길 77
남원시,상동경로당,남원시 주생면 상동길 10-5
남원시,서만경로당,남원시 주생면 서만길 16
남원시,소지경로당,남원시 주생면 소지길 120
남원시,영촌경로당,남원시 주생면 주생영촌길 1
남원시,유매경로당,남원시 주생면 유매길 6
남원시,정충경로당,남원시 주생면 정송1길 16
남원시,제천경로당,남원시 주생면 제천길 34
남원시,주생면경로당,남원시 주생면 요천로 821
남원시,중동경로당,남원시 주생면 중동길 12(중동리 714-4)
남원시,효동경로당,남원시 주생면 효동길 15-4
남원시,고룡경로당,남원시 금지면 요천로 637-4
남원시,귀석경로당,남원시 금지면 귀석길 19
남원시,금정경로당,남원시 금지면 독우물안길 38-3
남원시,금지면분회,남원시 금지면 물머리로 15
남원시,금평경로당,남원시 금지면 금평길 34
남원시,내기경로당,남원시 금지면 영사정길 24
남원시,대성경로당,남원시 금지면 대성길 10-3
남원시,동촌경로당,남원시 금지면 갓바위2길 21
남원시,매촌경로당,남원시 금지면 매촌길 29
남원시,반월경로당,남원시 금지면 서매반월길 2
남원시,방촌경로당,남원시 금지면 방촌길 8
남원시,방촌여성경로당,남원시 금지면 방촌길 8
남원시,상귀경로당,남원시 금지면 섬진로 41-7
남원시,상신경로당,남원시 금지면 금지상신길 12
남원시,서재경로당,남원시 금지면 서재안길 15
남원시,서촌경로당,남원시 금지면 갓바위2길 57
남원시,석정경로당,남원시 금지면 독우물길 33
남원시,연촌경로당,남원시 금지면 갓바위2길 109
남원시,용전경로당,남원시 금지면 용전4길 2
남원시,임촌경로당,남원시 금지면 임촌길 38
남원시,장승경로당,남원시 금지면 금지장승길 30
남원시,택촌경로당,남원시 금지면 택촌안길 21
남원시,하도경로당,남원시 금지면 하도길 149-1
남원시,호산경로당,남원시 금지면 호산길 21-2
남원시,황구경로당,남원시 금지면 황구길 15
남원시,후동경로당,남원시 금지면 독우물안길 138
남원시,후촌경로당,남원시 금지면 갓바위1길 20-16
남원시,가덕경로당,남원시 대강면 가덕광암길 72
남원시,강석경로당,남원시 대강면 강석길 10
남원시,곡촌경로당,남원시 대강면 곡촌안길 40
남원시,광암경로당,남원시 대강면 광암길 14
남원시,금탄경로당,남원시 대강면 쇠여울길 17
남원시,대강면경로당,남원시 대강면 섬진로 857
남원시,도곡경로당,남원시 대강면 도곡길 29
남원시,방동여성경로당,남원시 대강면 양편동길 12
남원시,방산경로당,남원시 대강면 방산길 56-6
남원시,비홍치경로당,남원시 대강면 도곡길 143
남원시,사촌경로당,남원시 대강면 금탄로 646
남원시,사촌여성경로당,남원시 대강면 금탄로 646
남원시,산촌경로당,남원시 대강면 대강산촌길 35
남원시,상대치경로당,남원시 대강면 송치1길 34
남원시,생사경로당,남원시 대강면 생사길 11
남원시,석촌경로당,남원시 대강면 석촌길 5-1
남원시,송내경로당,남원시 대강면 송내길 35
남원시,수촌경로당,남원시 대강면 수촌1길 20-1
남원시,신기경로당,남원시 대강면 대강신기1길 4
남원시,양동경로당,남원시 대강면 양편동길 15
남원시,양촌경로당,남원시 대강면 대강양촌길 26
남원시,옥전경로당,남원시 대강면 대강옥전길 51
남원시,월산경로당,남원시 대강면 대강월산길 34
남원시,입암경로당,남원시 대강면 입암1길 7-8
남원시,저동경로당,남원시 대강면 저동길 162-10
남원시,택촌경로당,남원시 대강면 택촌길 6
남원시,편동여성경로당,남원시 대강면 편동길 40-3
남원시,평촌경로당,남원시 대강면 평촌1길 10-5
남원시,평촌여성경로당,남원시 대강면 평촌1길 10-2
남원시,하대치경로당,남원시 대강면 송치2길 77
남원시,감동경로당,남원시 대산면 감동2길 10-3
남원시,감성경로당,남원시 대산면 감성1길 28
남원시,감성여성경로당,남원시 대산면 감성1길 29-6
남원시,금강경로당,남원시 대산면 금강길 133
남원시,노산경로당,남원시 대산면 늘뫼안길 13
남원시,노촌경로당,남원시 대산면 갈랭이길 36-48
남원시,대곡여성경로당,남원시 대산면 대곡신계길 184
남원시,독산경로당,남원시 대산면 독산길 14
남원시,상대경로당,남원시 대산면 대곡신계길 202
남원시,신촌경로당,남원시 대산면 대산신촌안길 8-13
남원시,신촌여성경로당,남원시 대산면 대산신촌안길 15
남원시,심곡경로당,남원시 대산면 심곡길 185
남원시,옥전경로당,남원시 대산면 대산옥전길 63
남원시,왈길경로당,남원시 대산면 왈길1길 30
남원시,운교경로당,남원시 대산면 운교2길 51
남원시,운교여성경로당,남원시 대산면 운교2길 51-6
남원시,월계경로당,남원시 대산면 월계길 28
남원시,율정경로당,남원시 대산면 율정길 39-3
남원시,하대경로당,남원시 대산면 대곡신계길 184
남원시,계동경로당,남원시 사매면 계수리 124 
남원시,관촌경로당,남원시 사매면 구터길 95
남원시,노봉경로당,남원시 사매면 노봉길 84
남원시,대산경로당,남원시 사매면 사매대산길 35
남원시,대율경로당,남원시 사매면 대율2길 5
남원시,덕평경로당,남원시 사매면 덕평길 110
남원시,도루메 경로당,남원시 사매면 사매수촌길 78
남원시,사매경로당,남원시 사매면 덕오로 99-17
남원시,상신경로당,남원시 사매면 여의터길 40-3 (상신경로당)
남원시,서촌경로당,남원시 사매면 서도안길 10
남원시,손율경로당,남원시 사매면 대사로 1291-9
남원시,수동경로당,남원시 사매면 구술길 29-2
남원시,수월경로당,남원시 사매면 수월길 102-6
남원시,수촌경로당,남원시 사매면 사매수촌길 31
남원시,신촌경로당,남원시 사매면 오신1길 95
남원시,인화경로당,남원시 사매면 인화리 345-3 
남원시,중신경로당,남원시 사매면 오신1길 46
남원시,풍촌경로당,남원시 사매면 풍촌길 31
남원시,하신경로당,남원시 사매면 오신리 637 
남원시,화정경로당,남원시 사매면 꽃정이1길 3
남원시,고정경로당,남원시 덕과면 덕과고정길 34-5
남원시,덕과경로당,남원시 덕과면 덕오로 382-35
남원시,덕동경로당,남원시 덕과면 덕과덕동안길 10-2
남원시,도촌경로당,남원시 덕과면 덕과도촌길 23-3
남원시,만동경로당,남원시 덕과면 만동길 17-13
남원시,배산경로당,남원시 덕과면 배산길 39
남원시,비촌경로당,남원시 덕과면 비촌길 19
남원시,사곡경로당,남원시 덕과면 사율길 132
남원시,수촌경로당,남원시 덕과면 덕촌리 474-1 
남원시,신정경로당,남원시 덕과면 덕과로 157
남원시,양선경로당,남원시 덕과면 양선길 50
남원시,용산경로당,남원시 덕과면 덕과용산길 13
남원시,월평경로당,남원시 덕과면 덕과월평길 13
남원시,율천경로당,남원시 덕과면 덕과남길 9
남원시,작소경로당,남원시 덕과면 작소길 10
남원시,추산경로당,남원시 덕과면 추산길 12
남원시,개신경로당,남원시 보절면 개신1길 48
남원시,계월경로당,남원시 보절면 계월길 8
남원시,금계경로당,남원시 보절면 금다리 341-1 
남원시,내동경로당,남원시 보절면 보절내동길 84
남원시,내황경로당,남원시 보절면 내황길 160
남원시,다산경로당,남원시 보절면 다산길 7-1
남원시,도촌경로당,남원시 보절면 사계로 73
남원시,벌촌경로당,남원시 보절면 벌촌길 27
남원시,보절면경로당,남원시 보절면 신흥1길 12
남원시,부흥경로당,남원시 보절면 부흥길 14-6
남원시,사촌경로당,남원시 보절면 사촌길 42-1
남원시,사촌여성경로당,남원시 보절면 사촌길 15-7
남원시,상신경로당,남원시 보절면 신파리 608 
남원시,서당경로당,남원시 보절면 보절서당길 59
남원시,성남경로당,남원시 보절면 성남길 28-1
남원시,성북경로당,남원시 보절면 성북길 22-2
남원시,신기경로당,남원시 보절면 보절신기길 11
남원시,신동경로당,남원시 보절면 파동신동길 263-4
남원시,안평경로당,남원시 보절면 사계로 289
남원시,양촌경로당,남원시 보절면 양촌뒷골길 4
남원시,연산경로당,남원시 보절면 사계로 487-34
남원시,외황경로당,남원시 보절면 외황길 36
남원시,용평경로당,남원시 보절면 용동길 47
남원시,은천경로당,남원시 보절면 은천길 9
남원시,음촌경로당,남원시 보절면 음촌길 20-1
남원시,중현경로당,남원시 보절면 중현길 46
남원시,진목경로당,남원시 보절면 진목1길 45
남원시,진목여성경로당,남원시 보절면 진목1길 67
남원시,파동경로당,남원시 보절면 파동신동길 82
남원시,하신경로당,남원시 보절면 신흥2길 62-17
남원시,호복동경로당,남원시 보절면 진기금다길 291-1
남원시,대상경로당,남원시 산동면 대상1길 46-1
남원시,대상요동경로당,남원시 산동면 대상2길 74
남원시,대촌경로당,남원시 산동면 대촌길 24
남원시,대촌신기경로당,남원시 산동면 대촌신기길 17
남원시,등구경로당,남원시 산동면 등구길 26
남원시,목동경로당,남원시 산동면 목동길 86-4
남원시,부동경로당,남원시 산동면 부절1길 1
남원시,부서경로당,남원시 산동면 부절길 17-11
남원시,불선재경로당,남원시 산동면 평선길 111
남원시,산동면경로당,남원시 산동면 요천로 2924
남원시,상신경로당,남원시 산동면 만행산길 108-1
남원시,상신신기경로당,남원시 산동면 상신신기길 12
남원시,석동경로당,남원시 산동면 석동길 21
남원시,식련경로당,남원시 산동면 식련길 10
남원시,신풍경로당,남원시 산동면 신풍길 23
남원시,월산경로당,남원시 산동면 달뫼길 16
남원시,이곡경로당,남원시 산동면 배실길 24
남원시,중절경로당,남원시 산동면 중절길 10
남원시,태평경로당,남원시 산동면 태평길 23-8
남원시,평선경로당,남원시 산동면 평선길 55-2
남원시,강촌경로당,남원시 이백면 강태1길 40
남원시,계산송호경로당,남원시 이백면 닭뫼길 41
남원시,과리경로당,남원시 이백면 과리길 22
남원시,남평경로당,남원시 이백면 남평길 26
남원시,내기경로당,남원시 이백면 이백내기길 7
남원시,내동경로당,남원시 이백면 안골길 50-6
남원시,넘잣골경로당,남원시 이백면 척동2길 17
남원시,목가경로당,남원시 이백면 목가길 78-15
남원시,문화경로당,남원시 이백면 문화안길 5
남원시,산남경로당,남원시 이백면 산남길 36
남원시,서동경로당,남원시 이백면 서당골길 78-21
남원시,양강경로당,남원시 이백면 기양길 6
남원시,오촌경로당,남원시 이백면 이백오산길 104-2
남원시,외동경로당,남원시 이백면 숲밖길 38-4
남원시,이백면분회경로당,남원시 이백면 과리길 16
남원시,입촌경로당,남원시 이백면 입촌아랫길 19
남원시,채곡경로당,남원시 이백면 서곡리 65 
남원시,척동경로당,남원시 이백면 척동길 3
남원시,척동부녀회경로당,남원시 이백면 척동길 16
남원시,초동경로당,남원시 이백면 초동길 1
남원시,평촌경로당,남원시 이백면 평촌안길 38
남원시,폐문경로당,남원시 이백면 척문길 24
남원시,효기경로당,남원시 이백면 효기1길 32-11
남원시,효촌경로당,남원시 이백면 효촌길 93
남원시,계암경로당,남원시 인월면 계암길 12-2
남원시,구인월경로당,남원시 인월면 구인월길 11-7
남원시,내건경로당,남원시 인월면 부귀길 50
남원시,덕실경로당,남원시 인월면 덕실길 60
남원시,도장경로당,남원시 인월면 도장길 102
남원시,동무경로당,남원시 인월면 동무길 7-6
남원시,동월경로당,남원시 인월면 인월로 80
남원시,동현경로당,남원시 인월면 인월북1길 7
남원시,상우경로당,남원시 인월면 상우길 81
남원시,서무경로당,남원시 인월면 서무1길 31
남원시,서신경로당,남원시 인월면 인월1길 28-7
남원시,성내경로당,남원시 인월면 유곡리 732 
남원시,성산경로당,남원시 인월면 성산길 19-14
남원시,신인월경로당,남원시 인월면 인월2길 49
남원시,신촌경로당,남원시 인월면 인월신촌길 11
남원시,어머니경로당,남원시 인월면 인월2길 80
남원시,연실경로당,남원시 인월면 인월연실길 46
남원시,외건경로당,남원시 인월면 외건길 50
남원시,용주경로당,남원시 인월면 용주길 14-3
남원시,월평경로당,남원시 인월면 달오름길 24
남원시,유곡경로당,남원시 인월면 인월유곡길 16
남원시,인월경로당,남원시 인월면 인월2길 65-12
남원시,자래경로당,남원시 인월면 자래길 87
남원시,장평경로당,남원시 인월면 장평길 66
남원시,중군경로당,남원시 인월면 중군리 72-1 
남원시,지산경로당,남원시 인월면 지산길 45
남원시,취암경로당,남원시 인월면 취암길 18
남원시,하우경로당,남원시 인월면 하우길 22
남원시,황이경로당,남원시 인월면 61
남원시,고인경로당,남원시 아영면 고인길 9
남원시,광평경로당,남원시 아영면 아백로 363-8
남원시,구상경로당,남원시 아영면 구상길 12
남원시,구지경로당,남원시 아영면 구지길 36
남원시,내인경로당,남원시 아영면 내인1길 21
남원시,당동경로당,남원시 아영면 당동길 49
남원시,동갈경로당,남원시 아영면 동갈길 15-1
남원시,두락경로당,남원시 아영면 두락길 74
남원시,매산경로당,남원시 아영면 아백로 105-1
남원시,봉대경로당,남원시 아영면 봉대아랫길 4
남원시,부동경로당,남원시 아영면 아영부동길 13-6
남원시,상성경로당,남원시 아영면 흥부1길 39-2
남원시,서갈경로당,남원시 아영면 서갈길 12
남원시,서정경로당,남원시 아영면 서정길 24
남원시,송리경로당,남원시 아영면 송리길 32
남원시,신지경로당,남원시 아영면 신지길 39
남원시,아곡경로당,남원시 아영면 아곡안길 18
남원시,아영면경로당,남원시 아영면 고인청계길 7
남원시,오산경로당,남원시 아영면 오산길 4
남원시,외인경로당,남원시 아영면 승전로 953
남원시,외지경로당,남원시 아영면 외지2길 2
남원시,율동경로당,남원시 아영면 율동1길 64-2
남원시,의지경로당,남원시 아영면 의지길 11
남원시,이동경로당,남원시 아영면 이동길 184
남원시,일대경로당,남원시 아영면 봉화산로 1029
남원시,임곡경로당,남원시 아영면 봉대윗길 33
남원시,청계경로당,남원시 아영면 고인청계길 89
남원시,하성경로당,남원시 아영면 흥부2길 11
남원시,내령경로당,남원시 산내면 지리산로 1322-1
남원시,달궁경로당,남원시 산내면 산내달궁길 12
남원시,대정경로당,남원시 산내면 대정길 68
남원시,덕동경로당,남원시 산내면 덕동길 76
남원시,매동경로당,남원시 산내면 매동길 15
남원시,백일경로당,남원시 산내면 백일길 7
남원시,산내면분회경로당,남원시 산내면 천왕봉로 673-9
남원시,삼화경로당,남원시 산내면 삼화길 34
남원시,상황경로당,남원시 산내면 황치길 156
남원시,원백일경로당,남원시 산내면 백일윗길 36
남원시,원천경로당,남원시 산내면 산내원천길 33
남원시,입석경로당,남원시 산내면 입석길 46
남원시,장항경로당,남원시 산내면 장항안길 8-1
남원시,중기경로당,남원시 산내면 중기1길 11
남원시,중황경로당,남원시 산내면 황치길 123
남원시,하황경로당,남원시 산내면 하황길 35-2
남원시,동충2통경로당,남원시 비석길 147-3 (동충동)
남원시,동충4통경로당,남원시 충열길 4 (동충동)
남원시,동충7통경로당,남원시 의총로 106-23 (동충동)
남원시,동충8통경로당,남원시 마방길 70-7 (동충동)
남원시,용성경로당,남원시 광한북로 94-6 (동충동)
남원시,현대아파트경로당,"남원시 동문로 83 (동충동, 현대아파트)"
남원시,남원기로회경로당,남원시 동문로 34 (죽항동)
남원시,쌍교동경로당,남원시 관서당길 43 (쌍교동)
남원시,"죽항2,3,4통경로당",남원시 널벙바위길 30 (죽항동)
남원시,죽항5통경로당,남원시 동림로 8 (죽항동)
남원시,죽항동경로당,남원시 숲정이2길 12-4 (죽항동)
남원시,죽항아파트경로당,"남원시 용성로 156 (죽항동, 죽항아파트)"
남원시,하정동경로당,남원시 동헌길 39-6 (하정동)
남원시,호남경로회경로당,남원시 동문로 35-6 (죽항동)
남원시,남명더라우아파트 경로당,"남원시 여수길 47, 106동 1층 (노암동, 남명더라우아파트 경로당)"
남원시,노암 13.14통경로당,남원시 노송로 1255-9 (노암동)
남원시,노암2통 경로당,남원시 술미길 7 (노암동)
남원시,노암3통 경로당,남원시 금암길 16 (노암동)
남원시,노암4통 경로당,남원시 소리길 10 (노암동)
남원시,노암5통 경로당,남원시 여수2길 28 (노암동)
남원시,노암주공아파트경로당,남원시 노송로 1255-9 (노암동)
남원시,명지아파트 경로당,남원시 쑥고개로 41 (노암동)
남원시,비안아파트 경로당,남원시 노송로 1237 (노암동)
남원시,비안정경로당,남원시 여수2길 9-6 (노암동)
남원시,신촌 경로당,남원시 노암동 224-4 
남원시,어현 경로당,남원시 함파우길 85-5 (어현동)
남원시,한신아파트1경로당,"남원시 노송로 1229 (노암동, 한신아파트)"
남원시,627경로당,남원시 의총로 23-7 (금동)
남원시,금동8통경로당,남원시 조산안길 19-6 (조산동)
남원시,금동경로당,남원시 광한서로 50-12 (금동)
남원시,금동아파트경로당,남원시 금하정1길 8-6 (금동)
남원시,농원경로당,남원시 농원길 136 (조산동)
남원시,메카센트럴 노인회,남원시 요천로 1300 (조산동)
남원시,수창해뜨레아파트경로당,남원시 농원길 27 (조산동)
남원시,요천경로당,남원시 요천로 2216-6 (식정동)
남원시,조산경로당,남원시 조산길 75 (조산동)
남원시,천거13통경로당,남원시 광한서로 7 (천거동)
남원시,천거14통경로당,남원시 천거3길 5-1 (천거동)
남원시,휴먼시아경로당,"남원시 가방뜰길 57 (금동,휴먼시아아아파트)"
남원시,강정경로당,남원시 강정몰1길 4 (왕정동)
남원시,금호아파트경로당,남원시 남문로 385-16 (왕정동)
남원시,남신정경로당,남원시 샛터길 108 (신정동)
남원시,대정경로당,남원시 한우물길 98 (화정동)
남원시,복음산경로당,"남원시 성황단길 38 (왕정동, 명지2단지아파트)"
남원시,비사벌아파트경로당,"남원시 광천남길 410 (왕정동, 비사벌아파트)"
남원시,상정경로당,남원시 윗정재길 86-8 (신정동)
남원시,시목동경로당,남원시 시목동길 191 (화정동)
남원시,시영아파트경로당,남원시 의서길 10 (왕정동)
남원시,애동경로당,남원시 쑥골길 24 (왕정동)
남원시,오투그란데퍼스트시티아파트경로당,"남원시 교룡로 28 (신정동, 오투그란데퍼스트시티아파트 경로당)"
남원시,"왕정1,5통경로당",남원시 서문길 37 (왕정동)
남원시,왕정4통경로당,남원시 의총로 81-16 (왕정동)
남원시,장미아파트경로당,남원시 성황단길 12 (왕정동)
남원시,중신정경로당,남원시 아랫정재길 37 (신정동)
남원시,칠승경로당,남원시 칠승리길 80 (신정동)
남원시,화산당경로당,남원시 화산당안길 3 (화정동)
남원시,갈음경로당,남원시 갈음다리길 24-1 (용정동)
남원시,광치경로당,남원시 광석길 149 (광치동)
남원시,구룡경로당,남원시 구룡길 55 (용정동)
남원시,남원경로당,남원시 향교동 56-12 (향교동)
남원시,내동경로당,남원시 내척안길 18 (내척동)
남원시,미동경로당,남원시 미동길 32 (내척동)
남원시,박달경로당,남원시 박달길 58 (용정동)
남원시,보성경로당,남원시 보성길 76-2 (내척동)
남원시,보훈경로당,남원시 만인로 71-8 (향교동)
남원시,산곡경로당,남원시 산곡동 226 
남원시,시영1차아파트경로당,남원시 붕맛길 81-17 (향교동)
남원시,시영2차아파트경로당,"남원시 붕맛길 81-21 (향교동, 시영아파트)"
남원시,용정경로당,남원시 용정안길 71-2 (향교동)
남원시,율치경로당,남원시 율치길 25 (광치동)
남원시,장승경로당,남원시 산성길 1-14 (향교동)
남원시,재실경로당,남원시 재실길 25 (내척동)
남원시,하이츠아파트경로당,남원시 동림로 129 (향교동)
남원시,향교12통경로당,남원시 네마실4길 39-10 (향교동)
남원시,향교16통경로당,남원시 옥정5길 32 (향교동)
남원시,향교1통 경로당,남원시 봉당길 33 (향교동)
남원시,향교2통경로당,남원시 향교동 122번지 9호
남원시,향교3통경로당,남원시 구암길 57 (향교동)
남원시,향교4통경로당,남원시 향교안길 18 (향교동)
남원시,향교4통여성경로당,남원시 향교안길 45 (향교동)
남원시,향교7통경로당,남원시 유천길 11-1 (향교동)
남원시,향교8통 경로당,남원시 옥정3길 28-5 (향교동)
남원시,향교9통 경로당,"남원시 네마실1길 16 (향교동, 향교동 9통 경로당)"
남원시,향교아파트경로당,남원시 붕맛길 95 (향교동)
남원시,갈치경로당,남원시 중갈치길 77 (갈치동)
남원시,고산경로당,남원시 고산안길 8 (고죽동)
남원시,낙현경로당,남원시 낙현안길 13 (월락동)
남원시,도통14통경로당,남원시 용중1길 13 (도통동)
남원시,도통35통경로당,남원시 시청북1길 10 (도통동)
남원시,도통3통경로당,남원시 시청동로 22-12 (도통동)
남원시,도통동남부경로당,남원시 대교2길 23 (도통동)
남원시,도통아파트경로당,남원시 용성로 227 (도통동)
남원시,동부도통동경로당,남원시 동도2길 5-2 (도통동)
남원시,부영1차아파트경로당,"남원시 용성로 207 (도통동, 부영아파트 103동)"
남원시,부영2차아파트경로당,남원시 월락동 638 
남원시,부영3차아파트경로당,"남원시 오들1길 82 (월락동, 3차부영아파트)"
남원시,부영5차아파트경로당,"남원시 오들1길 26 (도통동, 남원5차 부영아파트)"
남원시,서부도통동 경로당,남원시 농고길 65 (도통동)
남원시,식정경로당,남원시 정자길 18 (식정동)
남원시,양우내안애아파트경로당,남원시 낙현길 5 (월락동)
남원시,우성아파트경로당,남원시 용성로 221-42 (도통동)
남원시,이그린아파트 경로당,"남원시 황죽로 11 (고죽동,이그린아파트 경로당)"
남원시,코아루아파트 경로당,"남원시 충정로 310 (월락동, 코아루아파트 경로당)"
남원시,해뜨레베스티움아파트경로당,"남원시 오들로 65 (월락동, 남원 월락 해뜨레베스티움, 경로당)"
남원시,호반아파트경로당,"남원시 오들1길 90 (월락동, 호반리젠시빌)"
남원시,황죽경로당,남원시 황죽천변길 6 (고죽동)
김제시,경수당경로당,김제시 만경읍 두내산로 11-18
김제시,내죽경로당,김제시 만경읍 내죽길 91-1
김제시,대동경로당,김제시 만경읍 대동길 312
김제시,대죽경로당,김제시 만경읍 능제4길 122
김제시,몽산경로당,김제시 만경읍 화포로 113-9
김제시,몽포경로당,김제시 만경읍 몽포길 46
김제시,문화센터(남자)경로당,김제시 만경읍 만경3길 14
김제시,문화센터(여자)경로당,김제시 만경읍 만경3길 14
김제시,봉회문화경로당,김제시 만경읍 봉회길 82-48
김제시,상리경로당,김제시 만경읍 송상리2길 11
김제시,상원경로당,김제시 만경읍 만경로 787
김제시,소동경로당,김제시 만경읍 대동길 459
김제시,신덕경로당,김제시 만경읍 송상리1길 34
김제시,영광경로당,김제시 만경읍 만경로 870-12
김제시,옥산경로당,김제시 만경읍 지평선로 2145-14
김제시,용지동경로당,김제시 만경읍 장산2길 81
김제시,율리경로당,김제시 만경읍 화포로 571-1
김제시,장산경로당,김제시 만경읍 능제3길 35-49
김제시,장흥경로당,김제시 만경읍 화포5길 50
김제시,제항경로당,김제시 만경읍 제항길 71
김제시,주행산경로당,김제시 만경읍 화포3길 35
김제시,창자경로당,김제시 만경읍 창자길 250-34
김제시,춘수경로당,김제시 만경읍 소토길 188-1
김제시,춘천경로당,김제시 만경읍 만경로 1255-41
김제시,토정경로당,김제시 만경읍 토정길 110
김제시,하리경로당,김제시 만경읍 송상리길 225-1
김제시,화포경로당,김제시 만경읍 화포로 309-2
김제시,황상동경로당,김제시 만경읍 능제로 283-13
김제시,내재경로당,김제시 죽산면 내재2길 66
김제시,내촌경로당,김제시 죽산면 홍산7길 66
김제시,대선경로당,김제시 죽산면 죽백9길 69
김제시,대옥산경로당,김제시 죽산면 옥성3길 69
김제시,대장경로당,김제시 죽산면 대창로 486-17
김제시,대죽경로당,김제시 죽산면 죽산2길 32
김제시,마포경로당,김제시 죽산면 죽백로 395-24
김제시,명량1경로당,김제시 죽산면 명량길 162
김제시,명량2경로당,김제시 죽산면 명량1길 3
김제시,명마경로당,김제시 죽산면 옥성1길 168-35
김제시,방목경로당,김제시 죽산면 서포3길 96
김제시,부성경로당,김제시 죽산면 신흥로 27-9
김제시,불당경로당,김제시 죽산면 서포3길 275
김제시,삼진경로당,김제시 죽산면 죽백14길 295
김제시,석산경로당,김제시 죽산면 석산1길 61-22
김제시,신동경로당,김제시 죽산면 옥성2길 117
김제시,신용경로당,김제시 죽산면 서포1길 211-2
김제시,신월경로당,김제시 죽산면 신흥3길 39
김제시,신창경로당,김제시 죽산면 서포5길 215-4
김제시,신촌경로당,김제시 죽산면 신촌길 263-12
김제시,신흥경로당,김제시 죽산면 죽산로 383
김제시,쌍궁경로당,김제시 죽산면 홍산1길 54-5
김제시,영구경로당,김제시 죽산면 영구1길 21
김제시,오봉경로당,김제시 죽산면 화초1길 40-3
김제시,옥산경로당,김제시 죽산면 옥성4길 55
김제시,외리경로당,김제시 죽산면 홍산4길 2
김제시,원기경로당,김제시 죽산면 서포2길 66-3
김제시,유호경로당,김제시 죽산면 죽백13길 12-3
김제시,유흥경로당,김제시 죽산면 신흥5길 28
김제시,장돌경로당,김제시 죽산면 대창로 406
김제시,제내경로당,김제시 죽산면 옥성6길 86
김제시,종남경로당,김제시 죽산면 종남길 188-14
김제시,죽동경로당,김제시 죽산면 죽동1길 39
김제시,죽산경로당,김제시 죽산면 죽산1길 18
김제시,죽산제2경로당,김제시 죽산면 죽산1길 33
김제시,학우제경로당,김제시 죽산면 자고길 15
김제시,해창경로당,김제시 죽산면 대창로 214-10
김제시,화동경로당,김제시 죽산면 대창로 298
김제시,궁지경로당,김제시 백산면 하서3길 69-3
김제시,남산경로당,김제시 백산면 하서1길 108
김제시,당산경로당,김제시 백산면 조종1길 52
김제시,대산경로당,김제시 백산면 대산로 122
김제시,대촌경로당,김제시 백산면 석교3길 54
김제시,돌제경로당,김제시 백산면 종정1길 20
김제시,두동경로당,김제시 공덕면 황상4길 14
김제시,두신경로당,김제시 백산면 황상로 149-32
김제시,복지경로당,김제시 백산면 하정5길 8
김제시,부곡경로당,김제시 백산면 부거2길 113
김제시,부신연산경로당,김제시 백산면 부거1길 76
김제시,부창경로당,김제시 백산면 옹기가마길 24-8
김제시,산치경로당,김제시 백산면 산치2길 32
김제시,상상경로당,김제시 백산면 상상길 12-1
김제시,상서경로당,김제시 백산면 황상1길 56
김제시,생건경로당,김제시 백산면 생건길 102
김제시,석교경로당,김제시 백산면 석교3길 37
김제시,소라경로당,김제시 백산면 소라길 16
김제시,소음방경로당,김제시 백산면 소음방2길 19-19
김제시,연동경로회경로당,김제시 백산면 황상로 28
김제시,옥석경로당,김제시 백산면 옥석길 39
김제시,옥정경로당,김제시 백산면 옥정길 108-2
김제시,요교경로당,김제시 백산면 요교길 112-5
김제시,원상경로당,김제시 백산면 수록길 45-1
김제시,원조경로당,김제시 백산면 조종2길 30
김제시,자학경로당,김제시 백산면 자학길 48-29
김제시,전석경로당,김제시 백산면 석교2길 13
김제시,정동경로당,김제시 백산면 정동길 119-9
김제시,중상경로당,김제시 백산면 수록골길 26
김제시,중조경로당,김제시 백산면 조종로 113-23
김제시,지평선경로당,김제시 백산면 지평선산단2길 376-49
김제시,하건경로당,김제시 백산면 하건1길 20
김제시,하정경로당,김제시 백산면 학당1길 54
김제시,황경경로당,김제시 백산면 황경2길 11-31
김제시,후석경로당,김제시 백산면 후석길 110-8
김제시,양청경로당,김제시 백산면 양청1길 81
김제시,남조경로당,김제시 백산면 남조길 88
김제시,지오1차경로당,"김제시 백산면 지평선산단로 394-8, 102동 1층"
김제시,개토경로당,김제시 용지면 송산1길 174-2
김제시,거복경로당,김제시 용지면 거복길 80
김제시,내효경로당,김제시 용지면 효정2길 53
김제시,도리실경로당,김제시 용지면 도리실길 90-9
김제시,동평고경로당,김제시 용지면 용지1길 13
김제시,마다리경로당,김제시 용지면 용수5길 179
김제시,마항경로당,김제시 용지면 마항길 101-7
김제시,모산경로당,김제시 용지면 황토로 399
김제시,묘동경로당,김제시 용지면 용덕길 17-13
김제시,백자경로당,김제시 용지면 백자1길 147-2
김제시,벽동(반마교)경로당,김제시 용지면 반교2길 7
김제시,부교경로당,김제시 용지면 부교1길 2
김제시,비룡경로당,김제시 용지면 금백로 844-8
김제시,사산경로당,김제시 용지면 사산길 133
김제시,산정경로당,김제시 용지면 와룡2길 104
김제시,산직경로당,김제시 용지면 장신3길 41-3
김제시,서두경로당,김제시 용지면 서두길 173
김제시,서정경로당,김제시 용지면 신정길 231
김제시,서평고경로당,김제시 용지면 황토로 731-8
김제시,송삼경로당,김제시 용지면 송삼길 185-10
김제시,송죽경로당,김제시 용지면 송산1길 48
김제시,수하경로당,김제시 용지면 수하길 36
김제시,신리경로당,김제시 용지면 신리길 171
김제시,신사경로당,김제시 용지면 봉의2길 123
김제시,신암경로당,김제시 용지면 신암길 34-1
김제시,신흥경로당,김제시 용지면 용수6길 43-7
김제시,쌍용경로당,김제시 용지면 쌍용1길 38
김제시,영동경로당,김제시 용지면 영동1길 225
김제시,영등경로당,김제시 용지면 영등길 50
김제시,예촌경로당,김제시 용지면 황토로 649
김제시,예촌농원경로당,김제시 용지면 용지로 672
김제시,용와수경로당,김제시 용지면 용덕길 189-4
김제시,임상경로당,김제시 용지면 반교1길 75-6
김제시,자흥경로당,김제시 용지면 자흥길 29-3
김제시,장신농원경로당,김제시 용지면 장신농원1길 10
김제시,중평경로당,김제시 용지면 중평길 67
김제시,화룡경로당,김제시 용지면 와룡3길 65
김제시,강좌경로당,김제시 백구면 유강11길 21-5
김제시,공술경로당,김제시 백구면 공술길 22-8
김제시,난산경로당,김제시 백구면 마산1길 45-6
김제시,남반월경로당,김제시 백구면 반월길 61-9
김제시,내가전경로당,김제시 백구면 백구로 180-8
김제시,농원경로당,김제시 백구면 농원3길 30
김제시,동반월경로당,김제시 백구면 반월길 17
김제시,동월연대경로당,김제시 백구면 월연대1길 28
김제시,동자경로당,김제시 백구면 유강10길 65
김제시,뒷돌수경로당,김제시 백구면 석담1길 45
김제시,득자경로당,김제시 백구면 번영로 2897
김제시,마전경로당,김제시 백구면 마산2길 14
김제시,맥산경로당,김제시 백구면 영상5길 143
김제시,봉산마을경로당,김제시 백구면 봉의로 373-18
김제시,불무동경로당,김제시 백구면 학동1길 98
김제시,상모경로당,김제시 백구면 공술2길 107
김제시,새터경로당,김제시 백구면 영상3길 105
김제시,서반월경로당,김제시 백구면 반월길 102-6
김제시,서월연대경로당,김제시 백구면 월연대길 151
김제시,석담경로당,김제시 백구면 석담2길 62
김제시,성자동경로당,김제시 백구면 성자동길 77-2
김제시,수룡귀지경로당,김제시 백구면 수룡귀지길 234
김제시,신모경로당,김제시 백구면 신모길 69-52
김제시,역전경로당,김제시 백구면 부용로 150
김제시,영천경로당,김제시 백구면 영천길 26
김제시,오동촌경로당,김제시 백구면 영상5길 99
김제시,옥동경로당,김제시 백구면 백구7길 172-23
김제시,외가전경로당,김제시 백구면 백구2길 23
김제시,월봉4구경로당,김제시 백구면 부용로 164
김제시,월봉5구경로당,김제시 백구면 부용3길 15
김제시,유촌경로당,김제시 백구면 유강9길 31
김제시,장신경로당,김제시 백구면 백구7길 131
김제시,제내경로당,김제시 백구면 백구6길 10
김제시,창산경로당,김제시 백구면 창산길 10
김제시,토끼재경로당,김제시 백구면 영상2길 48
김제시,학동경로당,김제시 백구면 공술길 81
김제시,백구정경로당,김제시 백구면 번영4길 11-1
김제시,금신경로당,김제시 부량면 금강로 218-3
김제시,금화경로당,김제시 부량면 벽골제로 325
김제시,대성경로당,김제시 부량면 대평4길 92
김제시,대장경로당,김제시 부량면 대평1길 60
김제시,복지경로당,김제시 부량면 벽골제로 208
김제시,복촌경로당,김제시 부량면 벽골제로 441-21
김제시,서이경로당,김제시 부량면 신두길 90
김제시,서일경로당,김제시 부량면 신두1길 90-2
김제시,신신경로당,김제시 부량면 신신1길 31
김제시,신양경로당,김제시 부량면 신양1길 67
김제시,신정경로당,김제시 부량면 죽백4길 67
김제시,신평경로당,김제시 부량면 부량2길 27
김제시,용골경로당,김제시 부량면 용골길 45-42
김제시,전포경로당,김제시 부량면 금강2길 33
김제시,제월경로당,김제시 부량면 부량3길 96
김제시,주촌경로당,김제시 부량면 죽백6길 26-2
김제시,하방경로당,김제시 부량면 신흥6길 20
김제시,후군경로당,김제시 부량면 죽백1길 82-12
김제시,후포경로당,김제시 부량면 금강1길 30
김제시,공덕경로당,김제시 공덕면 공덕10길 137-14
김제시,과덕경로당,김제시 공덕면 과덕4길 19-2
김제시,남계경로당,김제시 공덕면 유강6길 65
김제시,남당경로당,김제시 공덕면 공덕7길 45
김제시,농장경로당,김제시 공덕면 동계1길 56-20
김제시,덕광경로당,김제시 공덕면 공덕8길 259
김제시,덕원경로당,김제시 공덕면 공덕10길 30
김제시,동계경로당,김제시 공덕면 유강로 485-37
김제시,동리경로당,김제시 공덕면 유강로 179-10
김제시,동자경로당,김제시 공덕면 저산2길 92-7
김제시,동촌경로당,김제시 공덕면 회룡길 426
김제시,둔기경로당,김제시 공덕면 황상3길 223
김제시,마현경로당,김제시 공덕면 공덕로 94
김제시,명천경로당,김제시 공덕면 청공로 631
김제시,상조경로당,김제시 공덕면 제말1길 14
김제시,서리경로당,김제시 공덕면 유강4길 20
김제시,서원경로당,김제시 공덕면 저산3길 23
김제시,서촌경로당,김제시 공덕면 회룡길 492-1
김제시,송산경로당,김제시 공덕면 공덕8길 437
김제시,송정경로당,김제시 공덕면 송정1길 29
김제시,송지경로당,김제시 공덕면 청공로 502
김제시,신촌경로당,김제시 공덕면 유강5길 12-10
김제시,양반경로당,김제시 공덕면 공덕9길 13
김제시,외황경로당,김제시 공덕면 유강2길 121
김제시,저동경로당,김제시 공덕면 저동길 270
김제시,저성경로당,김제시 공덕면 저동1길 64
김제시,제흥경로당,김제시 공덕면 제말3길 205-19
김제시,존걸경로당,김제시 공덕면 유강1길 171-15
김제시,중촌경로당,김제시 공덕면 황상로 140-9
김제시,지수경로당,김제시 공덕면 저산1길 58
김제시,갈산경로당,김제시 청하면 갈산길 85
김제시,거산경로당,김제시 청하면 청하7길 206
김제시,관동경로당,김제시 청하면 관상1길 270
김제시,관상경로당,김제시 청하면 관상1길 105
김제시,관신경로당,김제시 청하면 관상1길 100-28
김제시,구장산경로당,김제시 청하면 청공로 98
김제시,궁동경로당,김제시 청하면 동지산3길 32-7
김제시,농원경로당,김제시 청하면 청하3길 33
김제시,대신경로당,김제시 청하면 청공로 314
김제시,대청경로당,김제시 청하면 청공로 268
김제시,동촌경로당,김제시 청하면 강변로 12-9
김제시,목교경로당,김제시 청하면 대산1길 78
김제시,석동경로당,김제시 청하면 관상2길 89-14
김제시,석한경로당,김제시 청하면 월현6길 57
김제시,성남경로당,김제시 청하면 월현2길 87-32
김제시,시장경로당,김제시 청하면 만경로 1478-12
김제시,신금경로당,김제시 청하면 신금1길 63
김제시,신월경로당,김제시 청하면 청하5길 68
김제시,신창경로당,김제시 청하면 갈산길 8-15
김제시,연봉경로당,김제시 청하면 청하로 506
김제시,월송경로당,김제시 청하면 송상리길 319-2
김제시,월현경로당,김제시 청하면 백산로 693-11
김제시,장천경로당,김제시 청하면 월현3길 198-5
김제시,제상경로당,김제시 청하면 대청1길 43-6
김제시,척산경로당,김제시 청하면 동지산4길 12
김제시,청동경로당,김제시 청하면 월현3길 50
김제시,청하경로당,김제시 청하면 만경로 1478-20
김제시,청하산경로당,김제시 청하면 청하로 384-11
김제시,학수경로당,김제시 청하면 동지산1길 30
김제시,고현경로당,김제시 성덕면 고현길 113
김제시,나시경로당,김제시 성덕면 성덕1길 53-3
김제시,남광경로당,김제시 성덕면 남포6길 11
김제시,남성경로당,김제시 성덕면 남포4길 56
김제시,남포경로당,김제시 성덕면 지평선로 89-1
김제시,남호경로당,김제시 성덕면 남포5길 63
김제시,다복동경로당,김제시 성덕면 다복동2길 23-10
김제시,대목산경로당,김제시 성덕면 대목3길 118
김제시,대석경로당,김제시 성덕면 대석2길 4-3
김제시,도하경로당,김제시 성덕면 도하길 128-3
김제시,두무동경로당,김제시 성덕면 두무동길 112
김제시,모산경로당,김제시 성덕면 성덕로 137
김제시,묘라경로당,김제시 성덕면 묘라길 41-19
김제시,상리경로당,김제시 성덕면 석동1길 55
김제시,석동경로당,김제시 성덕면 석동2길 25-12
김제시,성동경로당,김제시 성덕면 대목1길 97-1
김제시,소석경로당,김제시 성덕면 소석길 273
김제시,수교경로당,김제시 성덕면 신교길 100
김제시,신평경로당,김제시 성덕면 신평1길 16
김제시,신흥경로당,김제시 성덕면 점촌1길 37-5
김제시,양지경로당,김제시 성덕면 해학로 438-20
김제시,옥동경로당,김제시 성덕면 신평로 389-11
김제시,용소경로당,김제시 성덕면 신평로 274
김제시,탄상경로당,김제시 성덕면 대목4길 102
김제시,탄하경로당,김제시 성덕면 대목5길 25
김제시,후리경로당,김제시 성덕면 후리길 67
김제시,가실경로당,김제시 진봉면 가실5길 49-7
김제시,갈전(남)경로당,김제시 진봉면 갈전길 90-8
김제시,갈전(여)경로당,김제시 진봉면 갈전길 77
김제시,거전경로당,김제시 진봉면 거전길 196
김제시,고사경로당,김제시 진봉면 고사2길 26
김제시,관기경로당,김제시 진봉면 진봉3길 61-16
김제시,규동경로당,김제시 진봉면 심포12길 41
김제시,길곤경로당,김제시 진봉면 심포1길 20-3
김제시,남상경로당,김제시 진봉면 남고2길 50-2
김제시,남하경로당,김제시 진봉면 남고1길 34
김제시,농장경로당,김제시 진봉면 남고7길 60
김제시,다상경로당,김제시 진봉면 정당2길 3
김제시,다하경로당,김제시 진봉면 정당3길 7
김제시,대덕경로당,김제시 진봉면 대덕3길 30
김제시,명동경로당,김제시 진봉면 심포9길 34
김제시,부동경로당,김제시 진봉면 가실1길 58
김제시,상궐경로당,김제시 진봉면 상궐2길 32
김제시,상수내경로당,김제시 진봉면 수내길 426-67
김제시,석교경로당,김제시 진봉면 진봉로 206-55
김제시,석소경로당,김제시 진봉면 고사8길 28-9
김제시,석치경로당,김제시 진봉면 고사7길 9
김제시,신고사경로당,김제시 진봉면 남고로 215
김제시,신부경로당,김제시 진봉면 신부길 162-1
김제시,신흥경로당,김제시 진봉면 지평선로 1849-4
김제시,심포경로당,김제시 진봉면 지평선로 1190
김제시,안하경로당,김제시 진봉면 심포2길 32
김제시,옥정경로당,김제시 진봉면 남고3길 16
김제시,우뭇경로당,김제시 진봉면 가실3길 5-12
김제시,인향경로당,김제시 진봉면 고사6길 16
김제시,전선경로당,김제시 진봉면 심포13길 32
김제시,정당경로당,김제시 진봉면 정당5길 136-11
김제시,정동경로당,김제시 진봉면 가실3길 13
김제시,정서경로당,김제시 진봉면 가실3길 44
김제시,종야경로당,김제시 진봉면 남고7길 275
김제시,중앙경로당,김제시 진봉면 남고8길 101
김제시,진봉경로당,김제시 진봉면 진봉1길 15-7
김제시,하수내경로당,김제시 진봉면 하수내길 217
김제시,해망경로당,김제시 진봉면 해망1길 38-3
김제시,효정경로당,김제시 진봉면 정당길 253-13
김제시,개전경로당,김제시 금구면 개전2길 10
김제시,광현경로당,김제시 금구면 광현2길 31
김제시,구암경로당,김제시 금구면 낙산4길 81
김제시,금용경로당,김제시 금구면 애통길 130-1
김제시,금천경로당,김제시 금구면 선비로 1162-5
김제시,당월경로당,김제시 금구면 월전3길 6-1
김제시,대복경로당,김제시 금구면 용복길 306-21
김제시,대화경로당,김제시 금구면 선비로 1193-8
김제시,둔산경로당,김제시 금구면 낙산3길 135-4
김제시,목련경로당,김제시 금구면 목련길 43
김제시,봉림경로당,김제시 금구면 오봉로 290
김제시,봉산경로당,김제시 금구면 월전1길 165-1
김제시,분토경로당,김제시 금구면 낙성2길 71-8
김제시,불로경로당,김제시 금구면 청운4길 97
김제시,사방경로당,김제시 금구면 사방길 107-20
김제시,상리경로당,김제시 금구면 청운2길 65
김제시,상사경로당,김제시 금구면 상사길 79
김제시,상송경로당,김제시 금구면 하신길 226-6
김제시,상하경로당,김제시 금구면 서도4길 57
김제시,상학경로당,김제시 금구면 봉두1길 53
김제시,서계경로당,김제시 금구면 서도1길 40
김제시,선락경로당,김제시 금구면 양시2길 35
김제시,성길경로당,김제시 금구면 선암로 36
김제시,신기마을경로당,김제시 금구면 풍요로 1069
김제시,신흥경로당,김제시 금구면 낙산1길 41-24
김제시,양명경로당,김제시 금구면 봉두로 12
김제시,양석경로당,김제시 금구면 오봉1길 56-1
김제시,어전경로당,김제시 금구면 어전길 61
김제시,연동경로당,김제시 금구면 연동길 162-1
김제시,연수당경로당,김제시 금구면 양시로 202-28
김제시,영천경로당,김제시 금구면 선암1길 160-17
김제시,오산경로당,김제시 금구면 오봉로 150
김제시,옥성사동경로당,김제시 금구면 옥용1길 36-22
김제시,용사경로당,김제시 금구면 옥용6길 17-2
김제시,용전경로당,김제시 금구면 옥용5길 61-2
김제시,장항경로당,김제시 금구면 대화2길 242
김제시,정농경로당,김제시 금구면 정농1길 38
김제시,청룡경로당,김제시 금구면 대율1길 157
김제시,청운사동경로당,김제시 금구면 청운3길 50-1
김제시,축령경로당,김제시 금구면 선암4길 7-12
김제시,하송경로당,김제시 금구면 하신길 286
김제시,하천경로당,김제시 금구면 양시3길 166
김제시,구성경로당,김제시 봉남면 구정1길 67
김제시,구중경로당,김제시 봉남면 화봉1길 56
김제시,구호경로당,김제시 봉남면 신호2길 118
김제시,남주경로당,김제시 봉남면 남주2길 41
김제시,내주경로당,김제시 봉남면 내광2길 61
김제시,농원경로당,김제시 봉남면 회성3길 11
김제시,동령경로당,김제시 봉남면 행촌2길 8
김제시,보산경로당,김제시 봉남면 종덕3길 102
김제시,봉서경로당,김제시 봉남면 화봉2길 14-8
김제시,봉서제경로당,김제시 봉남면 종덕2길 21
김제시,봉의제경로당,김제시 봉남면 평사7길 11-5
김제시,사정경로당,김제시 봉남면 회성5길 169
김제시,성덕경로당,김제시 봉남면 종덕4길 146
김제시,송내경로당,김제시 봉남면 대송1길 48
김제시,수강제경로당,김제시 봉남면 접주길 54
김제시,신기경로당,김제시 봉남면 평사10길 129
김제시,신덕경로당,김제시 봉남면 신호1길 29
김제시,신복경로당,김제시 봉남면 용신1길 40
김제시,신성경로당,김제시 봉남면 대송6길 27
김제시,신주경로당,김제시 봉남면 신응1길 86-2
김제시,오동경로당,김제시 봉남면 행촌1길 55
김제시,용신경로당,김제시 봉남면 용신3길 10
김제시,응좌경로당,김제시 봉남면 신응2길 263
김제시,장성경로당,김제시 봉남면 회성4길 56
김제시,접주여성경로당,김제시 봉남면 접주길 31-3
김제시,제내경로당,김제시 봉남면 행촌4길 71
김제시,주자경로당,김제시 봉남면 봉남로 190-12
김제시,중광경로당,김제시 봉남면 내광1길 25
김제시,칠성경로당,김제시 봉남면 종덕1길 45
김제시,평산경로당,김제시 봉남면 평사12길 8-5
김제시,화암경로당,김제시 봉남면 평사6길 77
김제시,회양경로당,김제시 봉남면 회성5길 40
김제시,고잔경로당,김제시 황산면 용홍로 58
김제시,남성경로당,김제시 황산면 남산3길 64
김제시,남양경로당,김제시 황산면 남양2길 115-2
김제시,농원경로당,김제시 황산면 용마1길 96-1
김제시,두월경로당,김제시 황산면 봉월7길 9
김제시,마산경로당,김제시 황산면 봉월10길 48
김제시,매산경로당,김제시 황산면 쌍감5길 25
김제시,문명경로당,김제시 황산면 남산1길 156
김제시,문수경로당,김제시 황산면 쌍감3길 54-2
김제시,백일경로당,김제시 황산면 쌍감1길 16
김제시,상목경로당,김제시 황산면 진흥3길 14
김제시,송학정경로당,김제시 황산면 남산4길 4
김제시,수의제경로당,김제시 황산면 봉진2길 58
김제시,신기경로당,김제시 황산면 용마4길 142
김제시,야은경로당,김제시 황산면 용마2길 105
김제시,연리경로당,김제시 황산면 연리길 78
김제시,의곡경로당,김제시 황산면 봉월2길 40
김제시,조양경로당,김제시 황산면 조양2길 60
김제시,종명경로당,김제시 황산면 봉월1길 29
김제시,중목경로당,김제시 황산면 진흥5길 21-22
김제시,진천경로당,김제시 황산면 진흥8길 106
김제시,하목경로당,김제시 황산면 진흥6길 50
김제시,홍정경로당,김제시 황산면 용홍3길 49
김제시,황산경로당,김제시 황산면 봉월4길 31
김제시,효원경로당,김제시 황산면 용홍로 213-3
김제시,거야경로당,김제시 금산면 삼봉길 172-8
김제시,계룡경로당,김제시 금산면 모악13길 16-4
김제시,계월경로당,김제시 금산면 구월1길 83
김제시,구미경로당,김제시 금산면 용호1길 62
김제시,구봉경로당,김제시 금산면 구월2길 55
김제시,구성경로당,김제시 금산면 구성8길 50-1
김제시,금암경로당,김제시 금산면 금평3길 9-27
김제시,낙수경로당,김제시 금산면 낙수길 126
김제시,대유경로당,김제시 금산면 용산2길 44
김제시,동곡경로당,김제시 금산면 모악7길 141
김제시,명산경로당,김제시 금산면 원평로 157
김제시,반곡경로당,김제시 금산면 구성3길 97
김제시,백오동경로당,김제시 금산면 금산사5길 11-7
김제시,베메경로당,김제시 금산면 송율길 242
김제시,봉은경로당,김제시 금산면 구성1길 82
김제시,부평경로당,김제시 금산면 모악로 68
김제시,산수경로당,김제시 금산면 선동1길 139-1
김제시,상화경로당,김제시 금산면 수류로 661
김제시,성암경로당,김제시 금산면 원평로 134
김제시,소용경로당,김제시 금산면 용호4길 76
김제시,송정경로당,김제시 금산면 송율길 98
김제시,시목경로당,김제시 금산면 수류4길 16
김제시,신암경로당,김제시 금산면 원평9길 30
김제시,신장경로당,김제시 금산면 금평로 95
김제시,신평경로당,김제시 금산면 모악4길 40
김제시,신흥경로당,김제시 금산면 금산사3길 79
김제시,아직경로당,김제시 금산면 선동로 148
김제시,양지경로당,김제시 금산면 삼봉1길 40
김제시,어유경로당,김제시 금산면 원평1길 197
김제시,용계경로당,김제시 금산면 모악5길 50-8
김제시,용반경로당,김제시 금산면 용산1길 47-12
김제시,용복경로당,김제시 금산면 수류5길 103
김제시,용산경로당,김제시 금산면 구성4길 65
김제시,용정경로당,김제시 금산면 용산3길 189
김제시,용화경로당,김제시 금산면 모악8길 20-3
김제시,월평경로당,김제시 금산면 금산사2길 49-11
김제시,유목경로당,김제시 금산면 원평6길 24
김제시,유정경로당,김제시 금산면 금평1길 281
김제시,율치경로당,김제시 금산면 수류7길 220
김제시,은곡경로당,김제시 금산면 금산사4길 219
김제시,이원경로당,김제시 금산면 수류로 27-3
김제시,장전경로당,김제시 금산면 용호3길 30
김제시,주평경로당,김제시 금산면 수류1길 20
김제시,중원경로당,김제시 금산면 원평3길 44
김제시,청도경로당,김제시 금산면 우림로 293
김제시,평지경로당,김제시 금산면 수류로 604-26
김제시,하운경로당,김제시 금산면 청도2길 32-2
김제시,학수재경로당,김제시 금산면 원평로 27
김제시,학원경로당,김제시 금산면 원평5길 9-4
김제시,학평경로당,김제시 금산면 원평8길 19-5
김제시,함평경로당,김제시 금산면 모악9길 72
김제시,황곡경로당,김제시 금산면 수류2길 71
김제시,회평경로당,김제시 금산면 모악6길 49
김제시,광활경로당,김제시 광활면 광활9길 9
김제시,구복경로당,김제시 광활면 창제3길 6
김제시,군평경로당,김제시 광활면 광활4길 116
김제시,선광경로당,김제시 광활면 광활3길 108
김제시,선진경로당,김제시 광활면 은파1길 114
김제시,선학경로당,김제시 광활면 광활2길 9
김제시,신광경로당,김제시 광활면 광활로 591-31
김제시,신구경로당,김제시 광활면 창제길 165-52
김제시,신흥경로당,김제시 광활면 창제1길 24-3
김제시,십자경로당,김제시 광활면 광활5길 14
김제시,옥창경로당,김제시 광활면 광활로 521-4
김제시,용신용평경로당,김제시 광활면 심창로 208
김제시,진흥경로당,김제시 광활면 광활7길 135-12
김제시,학당경로당,김제시 광활면 광활2길 110
김제시,화신경로당,김제시 광활면 광활13길 133
김제시,화이경로당,김제시 광활면 옥포로 34
김제시,화일경로당,김제시 광활면 광활로 472-14
김제시,회령경로당,김제시 광활면 옥포2길 310
김제시,회진경로당,김제시 광활면 광활6길 255
김제시,구수동경로당,김제시 구수동1길 140 (서암동)
김제시,궁전마을경로당,김제시 요촌3길 27 (요촌동)
김제시,김제시각장애인경로당,김제시 동서8길 66 (요촌동)
김제시,동신마을경로당,김제시 중앙로 51-28 (서암동)
김제시,동원경로당,김제시 남북로 298 (요촌동)
김제시,동진동우회경로당,김제시 문화2길 43 (요촌동)
김제시,두일골드경로당,김제시 향교길 178 (요촌동)
김제시,서편경로당,김제시 중앙로 8 (서암동)
김제시,성황1경로당,김제시 요촌5길 46 (요촌동)
김제시,성황2경로당,김제시 요촌5길 14 (요촌동)
김제시,수각경로당,김제시 하동4길 54 (하동)
김제시,수곡경로당,김제시 신곡2길 123-31 (신곡동)
김제시,승반경로당,김제시 승반길 211 (흥사동)
김제시,시우회경로당,김제시 서암4길 24 (서암동)
김제시,실버타운경로당,김제시 하동1길 79 (하동)
김제시,실버타운여자경로당,김제시 하동1길 79 (하동)
김제시,요촌경로당,김제시 화동1길 12 (요촌동)
김제시,요촌동용성마을성황경로당,김제시 요촌8길 46 (요촌동)
김제시,위드아파트경로당,김제시 남북로 267 (서암동)
김제시,일신경로당,김제시 일신1길 16 (신곡동)
김제시,장수경로당,김제시 요촌서길 25 (요촌동)
김제시,제내경로당,김제시 방죽안길 20 (흥사동)
김제시,지음경로당,김제시 진멀길 92 (하동)
김제시,진교경로당,김제시 신곡1길 15-4 (신곡동)
김제시,평화1경로당,김제시 문화2길 19 (요촌동)
김제시,하동복지타운 경로당,"김제시 하동1길 127, 101동 (하동)"
김제시,하동오투그란데 경로당,김제시 요촌중길 146 (하동)
김제시,후초암경로당,김제시 초암길 54 (서암동)
김제시,흥복경로당,김제시 흥복길 54-6 (흥사동)
김제시,강정경로당,김제시 강정1길 29 (황산동)
김제시,근로자@경로당,김제시 두월로 233-38 (신풍동)
김제시,금성경로당,김제시 중앙9길 63 (신풍동)
김제시,남신경로당,김제시 남북1길 38-11 (신풍동)
김제시,내기경로당,김제시 효자2길 12 (신풍동)
김제시,당산경로당,김제시 중앙7길 19 (신풍동)
김제시,대동경로당,김제시 양지길 17 (신풍동)
김제시,대방경로당,김제시 금성8길 56 (신풍동)
김제시,대촌경로당,김제시 남북2길 58 (신풍동)
김제시,덕조경로당,김제시 황산1길 63 (황산동)
김제시,도리봉경로당,김제시 난산1길 29 (난봉동)
김제시,도장경로당,김제시 봉남로 696 (도장동)
김제시,만석경로당,김제시 양전1길 32 (양전동)
김제시,묘암경로당,김제시 묘암길 139 (난봉동)
김제시,복흥경로당,김제시 양전3길 7-8 (양전동)
김제시,봉곡경로당,김제시 봉곡1길 16 (난봉동)
김제시,부영3차경로당,김제시 도작로 33 (신풍동)
김제시,비사벌경로당,김제시 도작8길 36 (신풍동)
김제시,삼통경로당,김제시 남북4길 42 (신풍동)
김제시,새한아파트경로당,김제시 금성2길 12 (신풍동)
김제시,서도경로당,김제시 도장3길 52 (도장동)
김제시,서정경로당,김제시 서정길 360 (서정동)
김제시,서중경로당,김제시 서정1길 141 (서정동)
김제시,석정경로당,김제시 동석길 190 (서정동)
김제시,성동경로당,김제시 월성1길 115 (월성동)
김제시,성리경로당,김제시 봉황로 1098-13 (월성동)
김제시,성산그린빌경로당,김제시 벽지산로 70 (신풍동)
김제시,소속골경로당,김제시 중앙7길 43-24 (신풍동)
김제시,수월경로당,김제시 수월길 88-3 (월성동)
김제시,신기경로당,김제시 용동1길 42 (용동)
김제시,신흥경로당,김제시 남북6길 13 (신풍동)
김제시,예동경로당,김제시 여수해1길 48 (용동)
김제시,오정경로당,김제시 오정1길 62 (오정동)
김제시,와룡경로당,김제시 봉남로 908-8 (황산동)
김제시,외호경로당,김제시 여수해3길 83-25 (용동)
김제시,용두경로당,김제시 용두로 43 (양전동)
김제시,용호경로당,김제시 용동2길 41 (용동)
김제시,우산경로당,김제시 우산길 149 (오정동)
김제시,월성여자경로당,김제시 월성2길 39-21 (월성동)
김제시,장수경로당,김제시 중앙13길 48 (신풍동)
김제시,주공경로당,김제시 금성로 102 (신풍동)
김제시,중앙경로당,김제시 대흥길 30-7 (신풍동)
김제시,한신경로당,김제시 두월로 207 (신풍동)
김제시,행우경로당,김제시 남북10길 34 (신풍동)
김제시,현대경로당,김제시 중앙16길 51 (신풍동)
김제시,화신경로당,김제시 금성로 33 (신풍동)
김제시,봉산경로당,김제시 황산2길 11 (황산동)
김제시,재향경우경로당,김제시 남북10길 14-21 (신풍동)
김제시,검산3단지경로당,김제시 금성로 140 (검산동)
김제시,농원경로당,김제시 순백3길 45 (순동)
김제시,대검산경로당,김제시 두월로 324-36 (검산동)
김제시,대덕경로당,김제시 대덕길 3-24 (백학동)
김제시,대리경로당,김제시 순백1길 27-6 (순동)
김제시,부동경로당,김제시 부동2길 45 (상동동)
김제시,부영1차경로당,김제시 도작로 111 (검산동)
김제시,부영2차경로당,김제시 요촌길 7 (검산동)
김제시,삼수경로당,김제시 상동1길 65 (상동동)
김제시,상록경로당,김제시 금성17길 31 (검산동)
김제시,샬레1차아파트경로당,김제시 검산택지4길 30 (검산동)
김제시,샬레2차경로당,김제시 검산택지길 61 (검산동)
김제시,성당경로당,김제시 도작3길 43 (검산동)
김제시,시영경로당,김제시 요촌길 10 (검산동)
김제시,신성경로당,김제시 상동2길 53-3 (상동동)
김제시,양지경로당,김제시 양지길 77 (검산동)
김제시,용곳경로당,김제시 백학로 108 (백학동)
김제시,원순동경로당,김제시 순동2길 82-3 (순동)
김제시,주공2차경로당,김제시 도작4길 55 (검산동)
김제시,주공경로당,김제시 요촌북로 110 (검산동)
김제시,진관경로당,김제시 백학로 227 (백학동)
김제시,진우2차경로당,"김제시 요촌동길 56, 205동 (검산동)"
김제시,진우경로당,김제시 요촌동길 56 (검산동)
김제시,포내경로당,김제시 백학로 319 (백학동)
김제시,화동경로당,김제시 콩쥐팥쥐로 15-60 (검산동)
김제시,흥학당경로당,김제시 두월로 287-8 (검산동)
김제시,대검산LH경로당,김제시 풍요로 25(검산동)
김제시,갈공경로당,김제시 갈공1길 134-7 (갈공동)
김제시,경제경로당,김제시 연정2길 72 (연정동)
김제시,교동휴먼시아경로당,김제시 교정길 36 (교동)
김제시,구봉경로당,김제시 옥산3길 84 (옥산동)
김제시,구산경로당,김제시 옥산3길 20 (옥산동)
김제시,난봉경로당,김제시 월산로 89 (월봉동)
김제시,남산경로당,김제시 입석7길 73 (입석동)
김제시,덕산경로당,김제시 덕산길 35-16 (신덕동)
김제시,리문경로당,김제시 복죽8길 48-14 (복죽동)
김제시,반월경로당,김제시 제월로 125 (제월동)
김제시,봉월경로당,김제시 월산3길 7-28 (월봉동)
김제시,산정경로당,김제시 산정1길 25 (옥산동)
김제시,소산경로당,김제시 입석로 438 (명덕동)
김제시,송촌경로당,김제시 명덕2길 99 (명덕동)
김제시,수월경로당,김제시 신덕2길 48 (신덕동)
김제시,신기경로당,김제시 신기길 31 (제월동)
김제시,신덕경로당,김제시 신덕1길 49 (신덕동)
김제시,신동경로당,김제시 교정길 6-84 (교동)
김제시,신월경로당,김제시 월산8길 6 (신월동)
김제시,신촌경로당,김제시 입석2길 20-1 (입석동)
김제시,신평경로당,김제시 복죽2길 75-4 (복죽동)
김제시,어울림경로당,김제시 동헌2길 49 (옥산동)
김제시,여연경로당,김제시 여연길 103 (연정동)
김제시,옥산아파트경로당,김제시 옥산길 86 (옥산동)
김제시,용현경로당,김제시 벽골제로 749 (입석동)
김제시,우독경로당,김제시 복죽3길 22-25 (복죽동)
김제시,월랑경로당,김제시 제월3길 56-23 (제월동)
김제시,율교경로당,김제시 명덕1길 124-16 (명덕동)
김제시,의두경로당,김제시 복죽4길 58 (복죽동)
김제시,입석경로당,김제시 선돌길 60 (입석동)
김제시,장화경로당,김제시 장화1길 68-6 (장화동)
김제시,제내경로당,김제시 복죽7길 19 (명덕동)
김제시,제월제내경로당,김제시 여수해로 42 (제월동)
김제시,죽절경로당,김제시 복죽5길 120 (복죽동)
김제시,향교경로당,김제시 성산서길 49 (교동)
김제시,후신경로당,김제시 후신길 48 (연정동)
김제시,후장경로당,김제시 장화2길 140 (장화동)
김제시,신원경로당,김제시 신원길 61 (연정동)
완주군,상서신 경로당,완주군 삼례읍 상서만경길 8-1
완주군,하서신 경로당,완주군 삼례읍 만경하서길 22
완주군,삼례기영당 경로당,완주군 삼례읍 동학로 67-16
완주군,이지움더퍼스트아파트경로당 경로당,완주군 삼례읍 삼봉로 47
완주군,서여 경로당,완주군 삼례읍 황서길 41-35
완주군,가인 경로당,완주군 삼례읍 가인길 18-10
완주군,장산아파트 경로당,완주군 삼례읍 삼봉로 77
완주군,동원 경로당,완주군 삼례읍 삼봉로 111
완주군,대영 경로당,완주군 삼례읍 왕궁로 10
완주군,새터 경로당,완주군 삼례읍 왕궁로 52-9
완주군,주공 경로당,완주군 삼례읍 왕궁로 56
완주군,주공2 경로당,완주군 삼례읍 웃삼례길 39-6
완주군,태평우성 경로당,완주군 삼례읍 삼례로 333
완주군,마천 경로당,완주군 삼례읍 마천3길 32
완주군,방촌 경로당,완주군 삼례읍 방촌길 21
완주군,유진아파트 경로당,완주군 삼례읍 삼례역로 66
완주군,후역전 경로당,완주군 삼례읍 후정로 60-9
완주군,원후정 경로당,완주군 삼례읍 원후정2길 8
완주군,원후상남자 경로당,완주군 삼례읍 후상4길 18
완주군,후상여자 경로당,완주군 삼례읍 후상4길 18-2
완주군,금반 경로당,완주군 삼례읍 금반길 5
완주군,대명 경로당,완주군 삼례읍 충혼길 50
완주군,비비정 경로당,완주군 삼례읍 비비정길 47
완주군,원어전 경로당,완주군 삼례읍 원어전길 78
완주군,신왕 경로당,완주군 삼례읍 신왕길 48
완주군,신평 경로당,완주군 삼례읍 신평길 29-3
완주군,원해전 경로당,완주군 삼례읍 해전1길 49
완주군,중해전 경로당,완주군 삼례읍 해전1길 32-3
완주군,장연 경로당,완주군 삼례읍 삼례장연길 32-6
완주군,원신금 경로당,완주군 삼례읍 원신금 1길 40
완주군,백두 경로당,완주군 삼례읍 백두전와길 91
완주군,별산 경로당,완주군 삼례읍 별산길 21
완주군,월산 경로당,완주군 삼례읍 신수로 59
완주군,농원 경로당,완주군 삼례읍 별산농원길 96
완주군,석전 경로당,완주군 삼례읍 원석전길 33
완주군,남석전 경로당,완주군 삼례읍 삼봉로 358-47
완주군,신정 경로당,완주군 삼례읍 석전로 66
완주군,청등 경로당,완주군 삼례읍 신수로 286
완주군,정산 경로당,완주군 삼례읍신수로 192
완주군,학동 경로당,완주군 삼례읍신수로 142
완주군,전와 경로당,완주군 삼례읍 전후와길 12-15
완주군,구와여성 경로당,완주군 삼례읍 구와로 117
완주군,유리 경로당,완주군 삼례읍 버드리1길 46
완주군,송정 경로당,완주군 삼례읍 신탁길 73
완주군,상신 경로당,완주군 삼례읍 상신길 20-6
완주군,원수계 경로당,완주군 삼례읍 신수로 377-1
완주군,장포 경로당,완주군 삼례읍 장포길 23
완주군,신풍 경로당,완주군 삼례읍 하리신풍1길 16
완주군,조사 경로당,완주군 삼례읍 하리로 189-2
완주군,용전 경로당,완주군 삼례읍 용전길 46
완주군,하리 경로당,완주군 삼례읍 삼례나들목로 50-9
완주군,신복 경로당,완주군 삼례읍 하리신복길 27
완주군,LH1단지 경로당,완주군 삼례읍 삼봉5로 60
완주군,삼봉우미린 경로당,완주군 삼례읍 삼봉3로 50
완주군,삼봉LH3단지경로당,완주군 삼례읍 삼봉5로 55
완주군,옥동 경로당,완주군 봉동읍 봉동로 782
완주군,신촌 경로당,완주군 봉동읍 제내신촌1길 19
완주군,제촌 경로당,완주군 봉동읍 제촌길 89
완주군,봉동제일오투그란데아파트 경로당,완주군 봉동읍봉비로 176(관리동)
완주군,통정 경로당,완주군 봉동읍 우주로 510
완주군,구정 경로당,완주군 봉동읍 구정2길 16-6
완주군,원구암 경로당,완주군 봉동읍 원구암길 94
완주군,모아엘가아파트 경로당,완주군 봉동읍 둔산1로 131(관리동)
완주군,센트럴카운티아파트 경로당,완주군 봉동읍 둔산1로 107(관리동)
완주군,렉시안아파트 경로당,완주군 봉동읍 둔산1로 142(관리동)
완주군,우동 경로당,완주군 봉동읍 둔산2로 70
완주군,산정 경로당,완주군 봉동읍 둔산산정길 46
완주군,신봉 경로당,완주군 봉동읍 둔산신봉길 142
완주군,코아루1차아파트 경로당,완주군 봉동읍 둔산3로 63(관리동)
완주군,코아루2차아파트 경로당,완주군 봉동읍 둔산1로 130(206동)
완주군,벽산e-솔렌스힐아파트 경로당,완주군 봉동읍 둔산3로 119-7(관리동)
완주군,용암 경로당,완주군 봉동읍 원용암길 17
완주군,용화 경로당,완주군 봉동읍 용화길 48
완주군,주동 경로당,완주군 봉동읍 주동길 120
완주군,추동 경로당,완주군 봉동읍 추동안길 39
완주군,우산 경로당,완주군 봉동읍 우산길 6-10
완주군,은하 경로당,완주군 봉동읍 은하길 61
완주군,은상 경로당,완주군 봉동읍 은하길 137-6
완주군,율소(남) 경로당,"완주군 봉동읍 율소1길 10, 1층"
완주군,원율소(여) 경로당,완주군 봉동읍 율소2길 1-8(치동)
완주군,봉림(남) 경로당,완주군 봉동읍 율소3길 121
완주군,새터(여) 경로당,완주군 봉동읍 율소2길 44-3
완주군,학교 경로당,완주군 봉동읍 학다리길 57-1
완주군,기안당 경로당,"완주군 봉동읍 봉동동서로 134-14, 1층"
완주군,봉동여성 경로당,완주군 봉동읍 하월길 32
완주군,봉상미선당 경로당,완주군 봉동읍 봉동로 122
완주군,월리 경로당,완주군 봉동읍 봉동동서로 121-11
완주군,하월 경로당,"완주군 봉동읍 낙평장기로 65, 101/109(명진1차)"
완주군,명진 경로당,완주군 봉동읍 봉동동서로 76(명진2차)
완주군,한계 경로당,"완주군 봉동읍 한계길 10, 3/101(진성아파트)"
완주군,임거 경로당,완주군 봉동읍 임거길 41
완주군,쌍계 경로당,완주군 봉동읍 오황쌍계길 55
완주군,낙정 경로당,완주군 봉동읍 낙평동서로 26
완주군,원낙평 경로당,완주군 봉동읍 낙평1길 25
완주군,신기 경로당,완주군 봉동읍 낙평신기길 25-10
완주군,보상 경로당,완주군 봉동읍 보상길 54
완주군,광신 경로당,완주군 봉동읍 낙평장기로 10(1차 관리동)
완주군,신월 경로당,완주군 봉동읍 낙평신월2길 39
완주군,주공1차아파트 경로당,완주군 봉동읍 봉동중앙로 53-18(106동 주민복지관)
완주군,주공2차아파트 경로당,완주군 봉동읍 봉동중앙로 53-20(108동 어린이집)
완주군,20세기 경로당,완주군 봉동읍 하보상길 18-6(한신2차)
완주군,쌍정 경로당,완주군 봉동읍 쌍정길 12
완주군,신중 경로당,완주군 봉동읍 신중길 38
완주군,기령당 경로당,완주군 봉동읍 성덕길 114-4
완주군,대복 경로당,완주군 봉동읍 성덕길 70
완주군,간리 경로당,완주군 봉동읍 성덕길 38
완주군,정동 경로당,완주군 봉동읍 서정길 207
완주군,서두 경로당,완주군 봉동읍 서정길 90
완주군,중리 경로당,완주군 봉동읍 중리길 20
완주군,구미(구호) 경로당,완주군 봉동읍 구미1길 51(하구미)
완주군,고천 경로당,완주군 봉동읍 고천대복길 10
완주군,신상 경로당,완주군 봉동읍 신상길 25
완주군,신덕 경로당,완주군 봉동읍 신덕성덕길 11
완주군,한신아파트 경로당,완주군 봉동읍 봉동로 19
완주군,구만 경로당,완주군 봉동읍 구만길 79
완주군,봉강 경로당,완주군 봉동읍 봉강구만길 31
완주군,건전 경로당,완주군 봉동읍 건전길 52
완주군,광신2 경로당,완주군 봉동읍 낙평남북로 18 202동 4호
완주군,전상삼 경로당,완주군 용진읍 상삼1길 43-10
완주군,후상삼 경로당,완주군 용진읍 상삼1길 13-8
완주군,용교 경로당,완주군 용진읍 구억명덕로 343-9
완주군,용암 경로당,완주군 용진읍 상삼용암1길 69
완주군,관전 경로당,완주군 용진읍 상삼간중길 155-2
완주군,설경 경로당,완주군 용진읍 설경길 73
완주군,하이 경로당,완주군 용진읍 하이1길 27
완주군,원구억 경로당,완주군 용진읍 구억명덕로 119-1
완주군,효천 경로당,완주군 용진읍 목효로 236
완주군,화개동 경로당,완주군 용진읍 목효로 66
완주군,운교 경로당,완주군 용진읍 상운길 46-12
완주군,계상 경로당,완주군 용진읍 상운길 22-19
완주군,원상운 경로당,완주군 용진읍 원상운길 5-4
완주군,신기 경로당,완주군 용진읍 신기서계길 16
완주군,서계 경로당,완주군 용진읍 신기서계길 35-9
완주군,부평 경로당,완주군 용진읍 부평길 32
완주군,시천 경로당,완주군 용진읍 용흥시천길 20
완주군,녹동 경로당,완주군 용진읍 녹동길 31
완주군,원간중 경로당,완주군 용진읍 간중길 47
완주군,오천 경로당,완주군 용진읍 간중길 143
완주군,도계 경로당,완주군 용진읍 봉서로 198
완주군,두억 경로당,완주군 용진읍 두억길 29
완주군,신촌 경로당,완주군 용진읍 신지송광로 342-5
완주군,신봉 경로당,완주군 용진읍 운곡신봉길 14-2
완주군,덕암 경로당,완주군 용진읍 운곡덕암길 16-16
완주군,지암 경로당,완주군 용진읍 지암안길 11
완주군,신강 경로당,완주군 용진읍 완주로 444-12
완주군,지동 경로당,완주군 용진읍 지동봉계길 1
완주군,봉계 경로당,완주군 용진읍 지동봉계길 33
완주군,양전 경로당,완주군 용진읍 양전지동길 31-7
완주군,신지동 경로당,완주군 용진읍 양전지동길 89
완주군,용복 경로당,완주군 용진읍 신지용복1길 53
완주군,가목 경로당,완주군 용진읍 가목길 101
완주군,원주 경로당,완주군 용진읍 완주로 716
완주군,순지 경로당,완주군 용진읍 순지1길 8
완주군,대영 경로당,완주군 용진읍 완주로 812
완주군,덕천 경로당,완주군 용진읍 가목길 21
완주군,모아1차 경로당,완주군 용진읍 운곡4로 20
완주군,모아미래도센트럴시티2차아파트경로당,완주군 용진읍 운곡5로 29
완주군,모아미래도센트럴시티3차아파트경로당,완주군 용진읍 운곡1로 28
완주군,신흥 경로당,완주군 상관면 신리신흥길 8
완주군,수월 경로당,완주군 상관면 수월길 11
완주군,상원신 경로당,완주군 상관면 상관소양로 48
완주군,상관신리 경로당,완주군 상관면 새원길 23
완주군,하원신(부녀) 경로당,완주군 상관면 새원길 12
완주군,상신광 경로당,완주군 상관면 새원길 39
완주군,하신광 경로당,완주군 상관면 신리로 72
완주군,지큐빌a 경로당,완주군 상관면 신리로 99
완주군,어두 경로당,완주군 상관면 내어두길 5-8
완주군,죽림 경로당,완주군 상관면 춘향로 4463
완주군,내정 경로당,완주군 상관면 내정길 53-3
완주군,공덕 경로당,완주군 상관면 죽림편백길 72-26
완주군,신촌 경로당,완주군 상관면 춘향로 4295-9
완주군,남관 경로당,완주군 상관면 춘향로 4156-7
완주군,마자 경로당,완주군 상관면 마자길 117
완주군,내아 경로당,완주군 상관면 내아길 123
완주군,산정 경로당,완주군 상관면 용암산정길 47
완주군,묘동 경로당,완주군 상관면 묘동길51-7
완주군,원의암 경로당,완주군 상관면 원의암길27
완주군,계민 경로당,완주군 상관면 계월길 30
완주군,마치 경로당,완주군 상관면 마치신덕길 45
완주군,신정 경로당,완주군 이서면 이서금평길 74-6
완주군,원금평 경로당,완주군 이서면 이서금평길 46
완주군,신흥 경로당,완주군 이서면 갈산신흥길 143
완주군,원이성 경로당,완주군 이서면 원이성1길 14
완주군,대문안 경로당,완주군 이서면 대문안길 3
완주군,삼태 경로당,완주군 이서면 이서남로 224
완주군,개태 경로당,완주군 이서면 개태길 73
완주군,신마산 경로당,완주군 이서면 상개길 25-5
완주군,오목1 경로당,완주군 이서면 상개길 52-21
완주군,춘수 경로당,완주군 이서면 이서로 63-3
완주군,하늘가 경로당,완주군 이서면 이서로 90-11
완주군,원용서 경로당,완주군 이서면 용서1길 80-5
완주군,남양 경로당,완주군 이서면 반교로 21(남양 아파트)
완주군,원은교 경로당,완주군 이서면 원은교길 21-5
완주군,신월 경로당,완주군 이서면 은교신월길 42
완주군,앵곡 경로당,완주군 이서면 신지앵곡길 234
완주군,지산 경로당,완주군 이서면 지산길 77-17
완주군,신지산 경로당,완주군 이서면 신지앵곡길 71
완주군,모고지 경로당,완주군 이서면 이문길 43
완주군,부영 경로당,"완주군 이서면 이문길15, 102동 104호"
완주군,원이문 경로당,완주군 이서면 이문길 161-10
완주군,산정 경로당,완주군 이서면 이문길 229-3
완주군,대농 경로당,완주군 이서면 정농대농길 237
완주군,초남 경로당,완주군 이서면 초남신기길 128-8
완주군,신기 경로당,완주군 이서면 초남신기길 213-34
완주군,갈동 경로당,완주군 이서면 수청갈동길 145
완주군,수청 경로당,완주군 이서면 갈산신흥길 200
완주군,원반교 경로당,완주군 이서면 원반교길 14-17
완주군,홍개 경로당,완주군 이서면 정농홍개길 117
완주군,정농1 경로당,완주군 이서면 정농홍개길 20
완주군,정농2 경로당,완주군 이서면 정농대농길 97-9
완주군,상금 경로당,완주군 이서면 대농금계길 63
완주군,하금 경로당,완주군 이서면 대농금계길 97
완주군,이노힐스 경로당,완주군 이서면 갈산1로 71(이노힐스)
완주군,혁신코오롱하늘채 경로당,"완주군 이서면 출판로 25, 에코르1차 관리동 1층"
완주군,혁신도시에코르2단지 경로당,"완주군 이서면 지사제로 29, 에코르 2차 관리동 1층"
완주군,전북혁신엘에이치아파트10단지 경로당,"완주군 이서면 갈산1로 12, LH 10단지 관리동"
완주군,전북혁신엘에이치아파트9단지 경로당,"완주군 이서면 갈산1로 72, 혁신 LH 9단지 관리동"
완주군,혁신도시에코르3단지 경로당,"완주군 이서면 반교로 51, 에코르 3단지 관리동"
완주군,잠평 경로당,완주군 소양면 잠평2길 20 
완주군,신교 경로당,완주군 소양면 신교안길 2
완주군,원당부녀 경로당,완주군 소양면 신교안길 20-1 
완주군,율곡 경로당,완주군 소양면 신교응암길 95-12 
완주군,행단 경로당,완주군 소양면 행단길 129-5
완주군,마월 경로당,완주군 소양면 마월길 17-2
완주군,평리 경로당,완주군 소양면 평리길 30
완주군,명덕 경로당,완주군 소양면 명덕로 84
완주군,토정 경로당,완주군 소양면 토정길 20-6
완주군,삼태 경로당,완주군 소양면 명덕로 248-9 
완주군,일임 경로당,완주군 소양면 명덕로 359 
완주군,죽절 경로당,완주군 소양면 죽절길 1-4 
완주군,상분토 경로당,완주군 소양면 분토길 277-1 
완주군,인덕 경로당,완주군 소양면 인덕길 239
완주군,황운 경로당,완주군 소양면 소양로 199
완주군,회룡 경로당,완주군 소양면 소양로 257-56
완주군,상망표 경로당,완주군 소양면 망표길 161
완주군,하망표 경로당,완주군 소양면 망표길 93
완주군,용연 경로당,완주군 소양면 용연길 4 
완주군,마수 경로당,완주군 소양면 마수길 39-9
완주군,봉덕 경로당,완주군 소양면 대흥봉덕길 39 
완주군,문화 경로당,완주군 소양면 대흥문화길 23-11
완주군,대흥 경로당,완주군 소양면 원대흥길 119 
완주군,송광1 경로당,완주군 소양면 송광수만로 286
완주군,송광2 경로당,완주군 소양면 신지송광로 908
완주군,위봉 경로당,완주군 소양면 송광수만로 750 
완주군,다리 경로당,완주군 소양면 다리안길 4
완주군,원암 경로당,완주군 소양면 원암로 191
완주군,신왕1 경로당,완주군 소양면 해월신왕길 10
완주군,해월 경로당,완주군 소양면 원해월길 42 
완주군,구진 경로당,완주군 소양면 전진로 1058-7
완주군,원화심 경로당,완주군 소양면 원화심길 32 
완주군,유상 경로당,완주군 소양면 상관소양로 1024-8 
완주군,약암 경로당,완주군 소양면 화심리 302
완주군,대승 경로당,완주군 소양면 대승길 10 
완주군,상리 경로당,완주군 소양면 신원상리길 85
완주군,신원 경로당,완주군 소양면 소양신원길 33 
완주군,반곡 경로당,완주군 소양면 반곡길 85-16
완주군,삼중 경로당,완주군 소양면 삼중길 9 
완주군,만덕 경로당,완주군 소양면 곰티로 301 
완주군,신촌부녀 경로당,완주군 소양면곰티로 365 
완주군,월상 경로당,완주군 소양면 월상길 80 
완주군,보검경로당,완주군 소양면 보검길 46-11
완주군,오상경로당,완주군 소양면 삼태길 75
완주군,보광 경로당,완주군 구이면 평촌로 269
완주군,상하보 경로당,완주군 구이면 평촌로 343
완주군,하척 경로당,완주군 구이면 하척길 22-20
완주군,태실 경로당,완주군 구이면 덕평로 268
완주군,원광곡 경로당,완주군 구이면 원광곡 1길 24
완주군,난산 경로당,완주군 구이면 난산평촌로 36-28
완주군,원덕천 경로당,완주군 구이면 원덕천길 12
완주군,영구 경로당,완주군 구이면 덕천구암길 22
완주군,구암여성 경로당,완주군 구이면 덕천구암2길 1
완주군,지등 경로당,완주군 구이면 덕천지등2길 11
완주군,와동 경로당,완주군 구이면 덕평로 161
완주군,칠암 경로당,완주군 구이면 덕평로 50
완주군,청명 경로당,완주군 구이면 내청명길 2-7
완주군,원두현 경로당,완주군 구이면 원두현길 10-3
완주군,두방 경로당,완주군 구이면 두방길 31
완주군,상학 경로당,완주군 구이면 상하학길 90-12
완주군,학천 경로당,완주군 구이면 상하학길 49
완주군,모악호수마을 경로당,완주군 구이면 모악호수로 45-12
완주군,원항가 경로당,완주군 구이면 항가길 19
완주군,신전 경로당,완주군 구이면 잣배기길 40
완주군,무지 경로당,완주군 구이면 호지길 39-1
완주군,신기 경로당,완주군 구이면 구이로 1352
완주군,반월 경로당,완주군 구이면 항가반월길 31-15
완주군,마음 경로당,완주군 구이면 마음길 64
완주군,망산 경로당,완주군 구이면 망산1길 97-1
완주군,원계곡 경로당,완주군 구이면 원계곡길 24
완주군,대덕 경로당,완주군 구이면 대덕길 28
완주군,염암 경로당,완주군 구이면 염암길 12
완주군,계곡신기 경로당,완주군 구이면 계곡신기길 55
완주군,교동 경로당,완주군 구이면 교동길 24-4
완주군,동성 경로당,완주군 구이면 구이로 1090
완주군,원백여 경로당,완주군 구이면 원백여길 163
완주군,신정 경로당,완주군 구이면 산외로 1149-5
완주군,상용 경로당,완주군 구이면 백여상용길 6-4
완주군,대모 경로당,완주군 구이면 정자대모길 128
완주군,정자 경로당,완주군 구이면 정자대모길 7
완주군,원안덕 경로당,완주군 구이면 원안덕길 39
완주군,장파 경로당,완주군 구이면 장파길 34-3
완주군,미치 경로당,완주군 구이면 장미로 246-3
완주군,교전 경로당,완주군 고산면 읍내2길 89
완주군,자포 경로당,완주군 고산면 읍내7길 17
완주군,읍내 경로당,완주군 고산면 읍내6길 32
완주군,읍내부녀 경로당,완주군 고산면 읍내6길 32
완주군,서봉 경로당,완주군 고산면 원서봉길 37
완주군,소농 경로당,완주군 고산면 서봉소농길 121
완주군,관덕 경로당,완주군 고산면 관덕길 34
완주군,율곡 경로당,완주군 고산면 원산길 20
완주군,외율 경로당,완주군 고산면 밤실길 19
완주군,어우 경로당,완주군 고산면 어우길 23
완주군,신덕 경로당,완주군 고산면 고산천로 158-21
완주군,남봉 경로당,완주군 고산면 남봉로 45
완주군,신기 경로당,완주군 고산면 남봉신기길 63-2
완주군,화정 경로당,완주군 고산면 양화로 44
완주군,명석 경로당,완주군 고산면 명석길 110
완주군,양야 경로당,완주군 고산면 양화로 129-90
완주군,신풍 경로당,완주군 고산면 양야신풍길 74
완주군,남악 경로당,완주군 고산면 남악길 17
완주군,인풍 경로당,완주군 고산면 양화로 341
완주군,화전 경로당,완주군 고산면 화전2길 50-9
완주군,성재 경로당,완주군 고산면 원성재길 68
완주군,송학 경로당,완주군 고산면 송학길 67-1
완주군,오산 경로당,완주군 고산면 원오산길 4
완주군,동봉 경로당,완주군 고산면 동봉길 15-9
완주군,신당 경로당,완주군 고산면 신당길 7
완주군,하삼 경로당,완주군 고산면 하삼길 52-5
완주군,종암 경로당,완주군 고산면 대아저수로 29
완주군,상삼 경로당,완주군 고산면 삼기상삼길 63
완주군,안남 경로당,완주군 고산면 안남길 48
완주군,소향 경로당,완주군 고산면 대아저수로 371
완주군,운용 경로당,완주군 고산면 운용길 11
완주군,대향 경로당,완주군 고산면 신상대향길 95
완주군,신진 경로당,"완주군 고산면 읍내2길 79, 107호"
완주군,동우 경로당,완주군 고산면 고산로 147-9
완주군,비봉 경로당,완주군 비봉면 천호로 578
완주군,구상 경로당,완주군 비봉면 눈기러기로 414
완주군,수선 경로당,완주군 비봉면 눈기러기로 527
완주군,원봉산 경로당,완주군 비봉면 봉산길 48
완주군,월암 경로당,완주군 비봉면 천호로 122
완주군,죽산 경로당,완주군 비봉면 죽산길 4-10
완주군,용동 경로당,완주군 비봉면 용동길 23
완주군,사치 경로당,완주군 비봉면 이수백로 17
완주군,신복 경로당,완주군 비봉면 천호로 453-3
완주군,문장 경로당,완주군 비봉면 문장길 76
완주군,평치 경로당,완주군 비봉면 천호로 539
완주군,원소농 경로당,완주군 비봉면 원소농길 12
완주군,동리 경로당,완주군 비봉면 장승길 57-6
완주군,명곡 경로당,완주군 비봉면 장승길 126
완주군,중리 경로당,완주군 비봉면 내월길 56
완주군,원내월 경로당,완주군 비봉면 내월길 144
완주군,천호 경로당,완주군 비봉면 다리실길 34-17
완주군,대상 경로당,완주군 비봉면 대치로 349
완주군,대흥(대치) 경로당,완주군 비봉면 대치대흥길 6
완주군,현암 경로당,완주군 비봉면 이수백로 161
완주군,자암 경로당,완주군 비봉면 이수백로 213-10
완주군,담곡 경로당,완주군 비봉면 담곡길 93
완주군,신기 경로당,완주군 비봉면 이수백로 363-5
완주군,원백도 경로당,완주군 비봉면 백도안길 18
완주군,원이전 경로당,완주군 비봉면 이전길 30
완주군,구중 경로당,완주군 비봉면 구상중하길 63
완주군,구하 경로당,완주군 비봉면 구상중하길 103
완주군,원수선 경로당,완주군 비봉면 수선길 29
완주군,송수 경로당,완주군 비봉면 송수길 48-2
완주군,평지 경로당,완주군 비봉면 눈기러기로 599-18
완주군,원장선 경로당,완주군 운주면 원장선로 34
완주군,덕동 경로당,완주군 운주면 덕동가척길 4
완주군,가척 경로당,완주군 운주면 덕동가척길 78
완주군,월당 경로당,완주군 운주면 월당길 43
완주군,내촌 경로당,완주군 운주면 내촌길 16
완주군,중촌 경로당,완주군 운주면 운주로 134-8
완주군,안심 경로당,완주군 운주면 안심길 288
완주군,원완창 경로당,완주군 운주면 원완창길 10
완주군,완선 경로당,완주군 운주면 원완창길 10
완주군,엄목 경로당,완주군 운주면 엄목길 97
완주군,수청 경로당,완주군 운주면 대둔산로 890
완주군,원구제 경로당,완주군 운주면 원구제안길 4
완주군,백석 경로당,완주군 운주면 원구제길 313-2
완주군,피묵 경로당,완주군 운주면 금고당로 965-7
완주군,원고당 경로당,완주군 운주면 금고당로 790
완주군,삼거리 경로당,완주군 운주면 금고당로 584
완주군,궁동 경로당,완주군 운주면 금고당로 378-5
완주군,옥배 경로당,완주군 운주면 옥배길 137
완주군,용계원 경로당,완주군 운주면 금고당로 181
완주군,원금당 경로당,완주군 운주면 금당길 16-2
완주군,신복 경로당,완주군 운주면 산북신복길 164
완주군,주암 경로당,완주군 운주면 숯고개길 324-8
완주군,당헌 경로당,완주군 운주면 대둔산로 1971-22
완주군,옥계 경로당,완주군 운주면 대둔산로 1843
완주군,고산촌 경로당,완주군 운주면 대둔산로 1858-78
완주군,월촌 경로당,완주군 운주면 장선로 110-2
완주군,게이트볼 경로당,완주군 화산면 화평1길 60
완주군,상고성(화평) 경로당,완주군 화산면 화산로 830-20
완주군,대평 경로당,완주군 화산면 화평1길 15
완주군,하고성 경로당,완주군 화산면 화평3길 2-6
완주군,가정 경로당,완주군 화산면 가정길 79-2
완주군,화월 경로당,완주군 화산면 신공길 11
완주군,신공 경로당,완주군 화산면 신공길 37
완주군,정자 경로당,완주군 화산면 화산남로 455-25
완주군,대서 경로당,완주군 화산면 창곡대서길 136
완주군,창곡 경로당,완주군 화산면 창곡대서길 45
완주군,구라 경로당,완주군 화산면 신구로 338-4
완주군,예곡 경로당,완주군 화산면 춘산로 157
완주군,덕동 경로당,완주군 화산면 춘산덕동길 73
완주군,봉판 경로당,완주군 화산면 봉판길 15
완주군,돈의 경로당,완주군 화산면 돈의길 46
완주군,부현 경로당,완주군 화산면 운곡로 290-3
완주군,석천 경로당,완주군 화산면 운곡로 405-43
완주군,용복 경로당,완주군 화산면 대치로 623-35
완주군,봉황 경로당,완주군 화산면 화산로 1131-8
완주군,죽병 경로당,완주군 화산면 화산로 1196-44
완주군,원우 경로당,완주군 화산면 화산로 1228-17
완주군,밀파 경로당,완주군 화산면 밀파길 36
완주군,누하 경로당,완주군 화산면 누하길 7
완주군,금평 경로당,완주군 화산면 고내곡로 540-12
완주군,상호 경로당,완주군 화산면 상호길 27
완주군,라복 경로당,완주군 화산면 라복2길 41
완주군,임전 경로당,완주군 화산면 화산남로 187-13
완주군,가양 경로당,완주군 화산면 궁평가양길 124
완주군,원종 경로당,완주군 화산면 화산남로 96-2
완주군,번대 경로당,완주군 화산면 용수번대길 57
완주군,용수 연세 경로당,완주군 화산면 용수번대길 11
완주군,상용 경로당,완주군 화산면 상용길 25
완주군,용동 경로당,완주군 화산면 하용마안길 15
완주군,마안 경로당,완주군 화산면 하용마안길 36-3
완주군,미남 경로당,완주군 화산면 미남길 9-11
완주군,미서 경로당,완주군 화산면 승치로 161
완주군,원승 경로당,완주군 화산면 승치로 451-6
완주군,거사 경로당,완주군 화산면 백암길 30
완주군,남동 경로당,완주군 화산면 화산로 382-6
완주군,옥포 경로당,완주군 화산면 운제로 286
완주군,거인 경로당,완주군 동상면 동상로 1447
완주군,용연 경로당,완주군 동상면 동상주천로 162
완주군,묵계 경로당,완주군 동상면 묵계길 17
완주군,사봉 경로당,완주군 동상면 동상로 1181-56
완주군,시평 경로당,완주군 동상면 동상로 860-10
완주군,연수 경로당,완주군 동상면 동상로737-10
완주군,신사 경로당,완주군 동상면 동상로 1068-15
완주군,수만 경로당,완주군 동상면 수만길 13
완주군,학동 경로당,완주군 동상면 수만길 123-7
완주군,다자 경로당,완주군 동상면 수만길 239
완주군,산천 경로당,완주군 동상면 대아수목로 129
완주군,은천 경로당,완주군 동상면 은천길 5
완주군,석장 경로당,완주군 경천면 석장길 49
완주군,신덕 경로당,완주군 경천면 용복신덕길 18
완주군,원용복 경로당,완주군 경천면 대둔산로 514
완주군,만수동 경로당,완주군 경천면 만수동길 92
완주군,구재 경로당,완주군 경천면 구재길 117-4
완주군,원가천 경로당,완주군 경천면 원가천길 34-7
완주군,요동 경로당,완주군 경천면 요동길 37
완주군,죽림 경로당,완주군 경천면 죽림길 70-2
완주군,오복 경로당,완주군 경천면 대둔산로 235-1
완주군,갱금 경로당,완주군 경천면 갱금길 14
진안군,가막경로당,진안군 진안읍 상가막길 6
진안군,개실경로당,진안군 진안읍 개실길 115
진안군,검북경로당,진안군 진안읍 검북로 89
진안군,고향마을경로당,진안군 진안읍 진장로 51-16
진안군,관산1동 경로당,진안군 진안읍 성산2길 21-9
진안군,관산2동경로당,진안군 진안읍 관산1길 12-5
진안군,구운경로당,진안군 진안읍 구운길 29
진안군,궁동경로당,진안군 진안읍 궁동3길 11
진안군,금마경로당,진안군 진안읍 금마길 218
진안군,남광경로당,"진안군 진안읍 진장로 52, 2동 107호 (남광진솔아파트)"
진안군,내사양경로당,진안군 진안읍 내사양길 34
진안군,내오천경로당,진안군 진안읍 죽산로 41
진안군,내후사경로당,진안군 진안읍 내후사길 66-12
진안군,노계1동 경로당,진안군 진안읍 노중길 6-28
진안군,노계2동경로당,진안군 진안읍 진용로 55
진안군,대광1동경로당,진안군 진안읍 대광1길 15-7
진안군,대광1동경모정,진안군 진안읍 대광1길15-7
진안군,대성경로당,진안군 진안읍 대괭이길 25
진안군,대성경모정,진안군 진안읍 대괭이길 16
진안군,대성동경로당,진안군 진안읍 대성동 1길 16-8
진안군,대연장경로당,진안군 진안읍 대연장길 88
진안군,부곡경로당,진안군 진안읍 임진로 2782
진안군,사인동경로당,진안군 진안읍 사인동길 9
진안군,산암경로당,진안군 진안읍 반월길 183-6
진안군,상도치경로당,진안군 진안읍 상도치길 47
진안군,상평경로당,진안군 진안읍 한들길 36-2
진안군,새마을경로당,진안군 진안읍 새마을길 22
진안군,석곡경로당,진안군 진안읍 석곡길 8
진안군,선인경로당,진안군 진안읍 선인길 8
진안군,소토실경로당,진안군 진안읍 소토실길 81
진안군,송대경로당,진안군 진안읍 송대길 32
진안군,신흥경로당,진안군 진안읍 신흥길 25-6
진안군,암곡경로당,진안군 진안읍 암곡길 37
진안군,양지경로당,진안군 진안읍 원양지길 75
진안군,어은경로당,진안군 진안읍 죽산로 369
진안군,언건경로당,진안군 진안읍 언건1길 10
진안군,에코르경로당,진안군 진안읍 향교길 66 진안에코르아파트 101동 1층
진안군,연구1동경로당,진안군 진안읍 중연길 24
진안군,연구2동상림경로당,진안군 진안읍 상역로 111
진안군,예리경로당,진안군 진안읍 구룡길 143
진안군,외기경로당,진안군 진안읍 외기길 101-13
진안군,외사양경로당,진안군 진안읍 외사양길 58
진안군,외오천경로당,진안군 진안읍 외오천길 8
진안군,외후사경로당,진안군 진안읍 외후사길 57
진안군,용지경로당,진안군 진안읍 용지동길 5
진안군,우화1동경로당,진안군 진안읍 우화1길 6
진안군,우화2동경로당,진안군 진안읍 시장2길 8-5
진안군,우화3동 경로당,"진안군 진안읍 우화4길 30-4, 105호 (쌍용아파트)"
진안군,우화4동 경로당,진안군 진안읍 우화4길35-2
진안군,원가림경로당,진안군 진안읍 가림길 131
진안군,원단양경로당,진안군 진안읍 원단양길 20
진안군,원물곡경로당,진안군 진안읍 원물곡길 44
진안군,원반월경로당,진안군 진안읍 원반월길 45
진안군,원연장경로당,진안군 진안읍 원연장1길 21-1
진안군,월랑경로당,진안군 진안읍 대광1길 4
진안군,월랑경모정,진안군 진안읍 대광1길 6
진안군,유산경로당,진안군 진안읍 유산길 12
진안군,은천경로당,진안군 진안읍 은천2길 6
진안군,정주동경로당,진안군 진안읍 정곡길 144
진안군,종평경로당,진안군 진안읍 종평길 5
진안군,주공1차경로당,진안군 진안읍 상역로 29-6
진안군,주공1차경모정,진안군 진안읍 상역로 29-6
진안군,주공2차경로당,진안군 진안읍 진용로 63-12(주공2차)
진안군,주공2차경모정,진안군 진안읍 진용로 63-12(주공2차)
진안군,중리경로당,진안군 진안읍 중말길 21
진안군,중앙경로당,진안군 진안읍 중연길 4
진안군,중평경로당,진안군 진안읍 중평길 4
진안군,탄곡경로당,진안군 진안읍 탄곡길 65
진안군,평촌경로당,진안군 진안읍 평촌길 21
진안군,하가막 경로당,진안군 진안읍 오가로 581-10
진안군,하도치경로당,진안군 진안읍 하도치길 23
진안군,하평경로당,진안군 진안읍 하평길 15-18
진안군,학천1동경로당,진안군 진안읍 향교길 36
진안군,학천2동경로당,진안군 진안읍 중앙로 122
진안군,학천2동경모정,진안군 진안읍 중앙로 122
진안군,학천3동경로당,진안군 진안읍 쇠징계로 13-15
진안군,활인동경로당,진안군 진안읍 전진로 3159
진안군,감동경로당,진안군 용담면 감동길 51-9
진안군,노온경로당,진안군 용담면 노온길 11
진안군,문화경로당,진안군 용담면 문화1길 8-9
진안군,방화경로당,진안군 용담면 방화길 8
진안군,번덕경로당,진안군 용담면 대송로 16
진안군,새마을경로당,진안군 용담면 송풍새마을길 8
진안군,옥거경로당,진안군 용담면 주용로 397-5
진안군,옥수경로당,진안군 용담면 옥수길 14
진안군,와룡경로당,진안군 용담면 와룡길 49
진안군,중앙경로당,진안군 용담면 대송로 6-18
진안군,호계경로당,진안군 용담면 호계길 540-18
진안군,회룡1리경로당,진안군 용담면 회룡2길 50
진안군,회룡2리경로당,진안군 용담면 회룡2길 14
진안군,회룡경모정,진안군 용담면 회룡2길 60
진안군,괴정경로당,진안군 안천면 괴목정2길 4
진안군,교동경로당,진안군 안천면 교동길 15-12
진안군,구곡경로당,진안군 안천면 안용로 367
진안군,구례경로당,진안군 안천면 구례길 40
진안군,노산경로당,진안군 안천면 노채길 28
진안군,노채경모정,진안군 안천면 노채길 29
진안군,대덕경로당,진안군 안천면 지사길 88
진안군,도라경로당,진안군 안천면 도라길 82
진안군,보한경로당,진안군 안천면 보한1길 5
진안군,보한경모정,진안군 안천면 보한길 46
진안군,상리경로당,진안군 안천면 상배실길 24-7
진안군,시장경로당,진안군 안천면 진무로 2982-15
진안군,안기경로당,진안군 안천면 안기길 8
진안군,율현경로당,진안군 안천면 율현길 70
진안군,장등경로당,진안군 안천면 장등길 19-8
진안군,중리경로당,진안군 안천면 중배실길 6
진안군,지사샛담,진안군 안천면 자신로 462
진안군,직동경로당,진안군 안천면 직동길 133
진안군,하리경로당,진안군 안천면 하배실길 29
진안군,고부경로당,진안군 동향면 고정길 6
진안군,금곡경로당,진안군 동향면 외금1길 53
진안군,노은경로당,진안군 동향면 자산길 29
진안군,대량경모정,진안군 동향면 상양지길 8
진안군,보촌경로당,진안군 동향면 보말길 41
진안군,봉곡경로당,진안군 동향면 봉곡길 15
진안군,봉곡경모정,진안군 동향면 봉곡길 15
진안군,사미대경로당,진안군 동향면 대야길 56
진안군,사미대경모정,진안군 동향면 대야길 56
진안군,상노경로당,진안군 동향면 자산길 279-4
진안군,상능길경로당,진안군 동향면 능금로 218
진안군,상향경로당,진안군 동향면 상향길 4
진안군,섬계경로당,진안군 동향면 진성로 1168-3
진안군,성은경로당,진안군 동향면 하향길 18
진안군,송학경로당,진안군 동향면 내유길 30
진안군,수월경로당,진안군 동향면 새울길 7
진안군,수침경로당,진안군 동향면 수침길 15
진안군,양지경로당,진안군 동향면 양지길 29
진안군,양지경모정,진안군 동향면 하양지2길 14
진안군,옥천경로당,진안군 동향면 창촌길 56
진안군,용암경로당,진안군 동향면 용암2길 7
진안군,용암경모정,진안군 동향면 용암2길 7
진안군,원금곡경로당,진안군 동향면 내금1길 36
진안군,을곡경로당,진안군 동향면 을곡길 20
진안군,장전경로당,진안군 동향면 장전길 16
진안군,중노경로당,진안군 동향면 자노로 87
진안군,추동경로당,진안군 동향면 추동1길 14
진안군,하노경모정,진안군 동향면 자산길 27-3
진안군,하능길경로당,진안군 동향면 능금로 197
진안군,하향경모정,진안군 동향면 햐향길 18-4
진안군,호천경로당,진안군 동향면 호천길 8-5
진안군,후고산경로당,진안군 동향면 자신로 162-7
진안군,교동경로당,진안군 상전면 다리골길 16-5
진안군,금당경로당,진안군 상전면 금당길 171
진안군,금지경로당,진안군 상전면 금지2길 12
진안군,금지경모정,진안군 상전면 금지2길 12
진안군,내송경로당,진안군 상전면 내송길 51
진안군,대구평경로당,진안군 상전면 진무로 2474-9
진안군,문화경로당,진안군 상전면 문화길 16-5
진안군,세동경로당,진안군 상전면 세동길 25
진안군,신연경로당,진안군 상전면 신연길 15-9
진안군,양지경로당,진안군 상전면 월포양지길 69
진안군,외송경로당,진안군 상전면 외송길 14
진안군,원가막경로당,진안군 상전면 원가막길 19-6
진안군,원주평경로당,진안군 상전면 주평로 87-4
진안군,중기경로당,진안군 상전면 중기길 105
진안군,지사경로당,진안군 상전면 주평지사길 41
진안군,회사경로당,진안군 상전면 회사길 21-1
진안군,후가막경로당,진안군 상전면 후가막길 30
진안군,경친경로당,진안군 백운면 임진로 1326-13
진안군,남퇴경로당,진안군 백운면 동남로 216
진안군,내봉경로당,진안군 백운면 내동길 12
진안군,대유경로당,진안군 백운면 대전길 52
진안군,동산경로당,진안군 백운면 동산길 34
진안군,동신경로당,진안군 백운면 동남로 22
진안군,두원경로당,진안군 백운면 두원길 50
진안군,무등경로당,진안군 백운면 무등길 23
진안군,미비경로당,진안군 백운면 평노길 351
진안군,반송경로당,진안군 백운면 반송길 7
진안군,백운동경로당,진안군 백운면 백운동로 325-8
진안군,번덕경로당,진안군 백운면 번덕 49
진안군,번암경로당,진안군 백운면 번암길 10
진안군,상동경로당,진안군 백운면 평노길 53
진안군,상백경로당,진안군 백운면 상백암길 68
진안군,상서경로당,진안군 백운면 상서2길 14
진안군,서촌경로당,진안군 백운면 상서1길 21
진안군,석전경로당,진안군 백운면 석전길 5-2
진안군,신마경로당,진안군 백운면 마치길 13
진안군,신전경로당,진안군 백운면 신전길 5
진안군,오정경로당,진안군 백운면 오정길 26
진안군,원노경로당,진안군 백운면 원노길 1-2
진안군,원산경로당,진안군 백운면 하원산길 6
진안군,원상서경로당,진안군 백운면 원덕길 43-1
진안군,원운경로당,진안군 백운면 원운 2길 11
진안군,윤기경로당,진안군 백운면 윤기길 17
진안군,은번경로당,진안군 백운면 은안길 118-3
진안군,임신경로당,진안군 백운면 데미샘 2길 36
진안군,주천경로당,진안군 백운면 술무지길 42
진안군,중백경로당,진안군 백운면 백운동로 81
진안군,평장경로당,진안군 백운면 임진로 1557
진안군,하미경로당,진안군 백운면 평노길 177
진안군,화산경로당,진안군 백운면 화산길 65
진안군,가수경로당,진안군 성수면 성백로 74
진안군,내좌경로당,진안군 성수면 산내길 18-3
진안군,달길경로당,진안군 성수면 중길로 426-28
진안군,반용경로당,진안군 성수면 반용길 13
진안군,봉좌경로당,진안군 성수면 봉황길 37
진안군,산수동경로당,진안군 성수면 산내길 57
진안군,산주경로당,진안군 성수면 산주길 8
진안군,상기경로당,진안군 성수면 중터길 42
진안군,상달경로당,진안군 성수면 중길로 575
진안군,상촌경로당,진안군 성수면 상촌길 5-2
진안군,송기경로당,진안군 성수면 송기길 28
진안군,송촌경로당,진안군 성수면 회봉송촌로 368-15
진안군,신고경로당,진안군 성수면 신고길 29
진안군,신기경로당,진안군 성수면 성백로 187
진안군,안평경로당,진안군 성수면 관진로 802-11
진안군,양화경로당,진안군 성수면 양화길 27
진안군,염북경로당,진안군 성수면 상염북길 7
진안군,오암경로당,진안군 성수면 오암길 10
진안군,원구신경로당,진안군 성수면 원구신길 23-12
진안군,원도통경로당,진안군 성수면 원도통길 25
진안군,원신기경로당,진안군 성수면 신기길 2
진안군,원외궁경로당,진안군 성수면 가외반로 468
진안군,원좌경로당,진안군 성수면 원좌길 33
진안군,원좌산경로당,진안군 성수면 원좌산2길 10
진안군,음수동경로당,진안군 성수면 음수동길 22
진안군,장성경로당,진안군 성수면 장성길 18
진안군,중군경로당,진안군 성수면 중군길 3
진안군,중마경로당,진안군 성수면 중마길 143-13
진안군,중평경로당,진안군 성수면 중평안길 2
진안군,증자경로당,진안군 성수면 증자길 20-1
진안군,지동경로당,진안군 성수면 외좌로 262
진안군,포동경로당,진안군 성수면 포동길 13-5
진안군,계남경로당,진안군 마령면 계남길 5-2
진안군,널티경로당,진안군 마령면 널티로 171
진안군,대동경로당,진안군 마령면 덕천대동길 18
진안군,마평경로당,진안군 마령면 임진로 2112
진안군,방화경로당,진안군 마령면 계서방화길 4
진안군,사곡경로당,진안군 마령면  사곡길 13
진안군,서비산경로당,진안군 마령면 서비산길 28
진안군,서촌경로당,진안군 마령면 서촌길 3
진안군,석교경로당,진안군 마령면 석교길 25
진안군,솔안경로당,진안군 마령면 솔안1길 9-12
진안군,솔안경모정,진안군 마령면 솔안1길 9-12
진안군,신덕경로당,진안군 마령면 덕천로 90-5
진안군,신동경로당,진안군 마령면 덕천로 311-2
진안군,안방경로당,진안군 마령면 널티로 56
진안군,오동경로당,진안군 마령면 오동1길  32-2
진안군,원강정경로당,진안군 마령면 원강정1길 2
진안군,원강정경모정,진안군 마령면 원강정1길 2
진안군,원동촌경로당,진안군 마령면 원동촌길 13-3
진안군,원평지경로당,진안군 마령면 원평지 1길 7-9
진안군,원평지경모정,진안군 마령면 원평지 1길 7-9
진안군,월운경로당,진안군 마령면 월운길 19
진안군,장재동경로당,진안군 마령면 추장길 120
진안군,평산경로당,진안군 마령면 임진로 2107-5
진안군,가정경로당,진안군 부귀면 가정길 22-4
진안군,가치경로당,진안군 부귀면 노래재로 255
진안군,거석경로당,진안군 부귀면 부귀로 304-4
진안군,금계곡경로당,진안군 부귀면 금계길 81
진안군,금평경로당,진안군 부귀면 연거로 842
진안군,대곡경로당,진안군 부귀면 대곡안길 2
진안군,대동경로당,진안군 부귀면 대동안길 36
진안군,미곡경로당,진안군 부귀면 미곡길 46-1
진안군,방곡경로당,진안군 부귀면 황금로 446
진안군,봉황골경로당,진안군 부귀면 황금로 691
진안군,부암경로당,진안군 부귀면 부암길 14
진안군,부천경로당,진안군 부귀면 부천길 20
진안군,사인암경로당,진안군 부귀면 부귀로 226-2
진안군,삼봉경로당,진안군 부귀면 삼봉길 114
진안군,상거석경로당,진안군 부귀면 상거석길 23-4
진안군,서판경로당,진안군 부귀면 서촌재길 54-4
진안군,석정경로당,진안군 부귀면 석원로 23-6
진안군,소태정경로당,진안군 부귀면 소태정길 116
진안군,신거석경로당,진안군 부귀면 부귀로 306-3
진안군,신궁경로당,진안군 부귀면 운장로 112
진안군,신기경로당,진안군 부귀면 황금로 254
진안군,신덕경로당,진안군 부귀면 옛웅치길 41
진안군,신리경로당,진안군 부귀면 신리길 6-6
진안군,신해오름경로당,진안군 부귀면 신거석길 15
진안군,야곡경로당,진안군 부귀면 불무실길 12-4
진안군,오복경로당,진안군 부귀면 오복2길 3
진안군,오산경로당,진안군 부귀면 오산길 55
진안군,우정경로당,진안군 부귀면 우정길 72
진안군,운장경로당,진안군 부귀면 운장로 408-7
진안군,원두남경로당,진안군 부귀면 두봉길 21-2
진안군,원봉암경로당,진안군 부귀면 부귀로 83
진안군,원세동경로당,진안군 부귀면 모래재로 917
진안군,장승경로당,진안군 부귀면 곰티로 1297
진안군,적천경로당,진안군 부귀면 적내길 12
진안군,중궁경로당,진안군 부귀면 운장로 265
진안군,중수항경로당,진안군 부귀면 중수항길 6
진안군,진상경로당,진안군 부귀면 노래재로 79
진안군,큰터골경로당,진안군 부귀면 큰터골길 3-2
진안군,하거석경로당,진안군 부귀면 하거석길 28-4
진안군,하수항경로당,진안군 부귀면 하수항길 9-20
진안군,회신경로당,진안군 부귀면 회신길 10
진안군,갈거경로당,진안군 정천면 갈거길 8
진안군,갈두경로당,진안군 정천면 갈두길 14-5
진안군,마조경로당,진안군 정천면 봉학로640
진안군,무거경로당,진안군 정천면 무거길79번지
진안군,상초경로당,진안군 정천면 상초윗길16번지
진안군,상항경로당,진안군 정천면 봉학로126-4번지 
진안군,상항경모정,진안군 정천면 봉학로107-43
진안군,수암경로당,진안군 정천면 수암길 6-7
진안군,신양경로당,진안군 정천면 신양길 20-10
진안군,용정경로당,진안군 정천면 용정길 52
진안군,원월평경로당,진안군 정천면 원월평길26-5
진안군,정자동경로당,진안군 정천면 진용로 1620-14
진안군,정천경로당,진안군 정천면 신양길 3
진안군,조림경로당,진안군 정천면 봉학로 18
진안군,하초경로당,진안군 정천면 하초길 60
진안군,학동경로당,진안군 정천면 학동길 54-14
진안군,항가동경로당,진안군 정천면 봉학로 203-1
진안군,강촌경로당,진안군 주천면 강촌길 11
진안군,개화경로당,진안군 주천면 동상주천로 1328
진안군,개화경모정,진안군 주천면 동상주천로 1324
진안군,광석경로당,진안군 주천면 신광석길 4-1
진안군,괴정경로당,진안군 주천면 동상주천로 2236
진안군,괴정경모정,진안군 주천면 동상주천로 2236
진안군,구암경로당,진안군 주천면 구암길 21
진안군,구암경모정,진안군 주천면 구암길 7-2
진안군,금평경로당,진안군 주천면 금평2길 27
진안군,금평경모정,진안군 주천면 금평2길 27
진안군,대촌경로당,진안군 주천면 대촌안길 13
진안군,대촌경모정,진안군 주천면 대촌길 27
진안군,도촌경로당,진안군 주천면 도촌길 48-3
진안군,무릉경로당,진안군 주천면 어자길 42
진안군,무릉경모정,진안군 주천면 어자길 42
진안군,미적경로당,진안군 주천면 미적길 22
진안군,봉소경로당,진안군 주천면 봉소길 27-2
진안군,산제경로당,진안군 주천면 산제길 36
진안군,삼거경로당,진안군 주천면 삼거길 2
진안군,상양명경로당,진안군 주천면 구봉산길 5
진안군,성암경로당,진안군 주천면 성암2길 4
진안군,신기경로당,진안군 주천면 대불신기길 3
진안군,안정경로당,진안군 주천면 안정길 126
진안군,양지경로당,진안군 주천면 양지1길 23-12
진안군,양지경모정,진안군 주천면 양지1길 23-12
진안군,장등경로당,진안군 주천면 벌뜸길 8
진안군,장등경모정,진안군 주천면 벌뜸길 10
진안군,중리경로당,진안군 주천면 중리길 31
진안군,중산경로당,진안군 주천면 중산길 88-3
진안군,처사경로당,진안군 주천면 동상주천로 1024
진안군,하양명경로당,진안군 주천면 하양명길 1
진안군,학선경로당,진안군 주천면 학선동길 8-23
무주군,가림경로당,무주군 무주읍 가림동길 64
무주군,가림할머니경로당,무주군 무주읍 가림동길 64
무주군,가정경로당,무주군 부남면 부남로 1768
무주군,가정할머니경로당,무주군 부남면 부남로 1768
무주군,갈마경로당,무주군 안성면 갈마길 39
무주군,개안경로당,무주군 적상면 옥소동길 45
무주군,거문동경로당,무주군 적상면 거문동길 63-1
무주군,계부경로당,무주군 무풍면 계당길 56
무주군,고도경로당,무주군 무풍면 고도2길 15
무주군,고도할머니경로당,무주군 무풍면 고도2길 15
무주군,고방경로당,무주군 적상면 삼방로 223
무주군,고창경로당,무주군 부남면 고창길 15-1
무주군,고창할머니경로당,무주군 부남면 고창길 15-1
무주군,골곡리경로당,무주군 안성면 8
무주군,공정경로당,무주군 무주읍 공정길 7
무주군,공진경로당,무주군 안성면 공진길 9
무주군,공진할머니경로당,무주군 안성면 공진길 9
무주군,관서경로당,무주군 설천면 관동길 16
무주군,광포경로당,무주군 적상면 광포길 109-3
무주군,괴목경로당,무주군 적상면 원괴목길 17
무주군,교동 경로당,무주군 무주읍 향학로 50
무주군,교동경로당,무주군 부남면 장안교동길 6
무주군,교동한빛할머니경로당,무주군 무주읍 교동1길 11
무주군,교동할머니경로당,무주군 무주읍 동산길 4
무주군,교동할머니경로당,무주군 부남면 장안교동길 6
무주군,구산경로당,무주군 설천면 신선길 52
무주군,구천경로당,무주군 설천면 구천동1로 14
무주군,굴천경로당,무주군 무주읍 굴천길 171
무주군,궁대경로당,무주군 안성면 궁대길 105
무주군,금척경로당,무주군 무풍면 금척1길 38
무주군,금척할머니경로당,무주군 무풍면 금척1길 38
무주군,금평경로당,무주군 안성면 금평길 111
무주군,기곡경로당,무주군 설천면 기곡1길 4
무주군,기곡할머니경로당,무주군 설천면 기곡1길 4
무주군,길산경로당,무주군 설천면 11
무주군,길왕경로당,무주군 적상면 길왕길 5-1
무주군,길왕할머니경로당,무주군 적상면 길왕길 10-1
무주군,나림경로당,무주군 설천면 삼도봉로 174
무주군,남대천휴먼시아 경로당,무주군 무주읍 장터로 26
무주군,남천할머니경로당,무주군 무주읍 주계로 92-3
무주군,내당경로당,무주군 안성면 내외당길 161
무주군,내동경로당,무주군 무주읍 내동길 17
무주군,내동경로당,무주군 적상면 방이내동길 86
무주군,내북경로당,무주군 설천면 내북길 90
무주군,늘목경로당,무주군 무주읍 무금로 293
무주군,다양경로당,무주군 무주읍 다양길 16
무주군,다양할머니경로당,무주군 무주읍 다양길 16
무주군,당산경로당,무주군 무주읍 당산길 20
무주군,당산할머니경로당,무주군 무주읍 당산길 20
무주군,대교경로당,무주군 무주읍 단천로 31-5
무주군,대교할머니경로당,무주군 무주읍 단천로 31-5
무주군,대불경로당,무주군 설천면 외북길 21
무주군,대소경로당,무주군 부남면 대소2길 6
무주군,대소할머니경로당,무주군 부남면 대소2길 6
무주군,대차경로당,무주군 무주읍 서면길 30
무주군,대차할머니경로당,무주군 무주읍 서면길 29
무주군,대촌 경로당,무주군 적상면 대촌길 17-7
무주군,대티경로당,무주군 부남면 대티길 57
무주군,대티할머니경로당,무주군 부남면 대티길 57
무주군,대평경로당,무주군 설천면 대평길 2
무주군,덕곡경로당,무주군 안성면 덕곡길 8-3
무주군,덕곡할머니경로당,무주군 안성면 덕곡길 8-3
무주군,덕동경로당,무주군 무풍면 덕동길 1
무주군,덕유경로당,무주군 설천면 구천동1로 162
무주군,덕평경로당,무주군 무풍면 덕평길 37
무주군,도마경로당,무주군 무풍면 도마1길 28
무주군,도소경로당,무주군 부남면 유섬길 155
무주군,도촌경로당,무주군 안성면 도촌길 32
무주군,도치경로당,무주군 안성면 도치길 33
무주군,도치할머니경로당,무주군 안성면 도치길 33
무주군,돈당 경로당,무주군 안성면 내외당길 85
무주군,두문경로당,무주군 안성면 덕유산로 876
무주군,두문할머니경로당,무주군 안성면 두문길 50-19
무주군,두평경로당,무주군 무풍면 두평길 12-4
무주군,마덕경로당,무주군 무풍면 마곡길 41
무주군,마산경로당,무주군 적상면 마산길 17-12
무주군,마산안골경로당,무주군 적상면 마산내동길 96
무주군,마산할머니경로당,무주군 적상면 마산길 17-9
무주군,마암경로당,무주군 안성면 마암길 59
무주군,명천경로당,무주군 안성면 명천2길 11
무주군,명천할머니경로당,무주군 안성면 명천2길 11
무주군,묘암경로당,무주군 무풍면 대덕산로 711-5
무주군,무주할머니경로당,무주군 무주읍 단천로6길 22
무주군,무풍(상하)경로당,무주군 무풍면 상하길 11-5
무주군,무풍(상하)할머니경로당,무주군 무풍면 상하길 11-5
무주군,무항경로당,무주군 설천면 청길강변로 362
무주군,문암경로당,무주군 설천면 문암길 82
무주군,문평경로당,무주군 무풍면 문평길 10
무주군,미례경로당,무주군 설천면 하미길 20
무주군,미천경로당,무주군 설천면 중미길 31
무주군,박대 경로당,무주군 적상면 박대길 10-1
무주군,반딧불 아파트 경로당,무주군 무주읍 신교로3길 10
무주군,방죽안경로당,무주군 무주읍 방죽안길 33
무주군,배방경로당,무주군 설천면 내배방길 28
무주군,벌한경로당,무주군 설천면 신선길 420
무주군,보안경로당,무주군 설천면 보안길 32
무주군,봉산경로당,무주군 안성면 봉산길 46
무주군,부평경로당,무주군 무풍면 부평길 17-1
무주군,부흥경로당,무주군 무풍면 부흥길 13
무주군,북리경로당,무주군 무풍면 북리길 34-2
무주군,북리할머니경로당,무주군 무풍면 북리길 34-2
무주군,북수경로당,무주군 무풍면 대덕산로 124
무주군,북창경로당,무주군 적상면 내창길 17-5
무주군,불대경로당,무주군 설천면 불대길 162
무주군,비례경로당,무주군 설천면 비례길 32-13
무주군,사교경로당,무주군 안성면 사교길 14
무주군,사교할머니경로당,무주군 안성면 사교길 14
무주군,사내경로당,무주군 적상면 사내로 113
무주군,사동경로당,무주군 무풍면 증산로 200
무주군,사랑의 할머니경로당,무주군 무주읍 적천로 345
무주군,사전경로당,무주군 안성면 사전길 31
무주군,사전상촌경로당,무주군 안성면 사전길 61
무주군,사전할머니경로당,무주군 안성면 사전길 31
무주군,사천경로당,무주군 적상면 구억로 53-8
무주군,사천성내할머니경로당,무주군 적상면 성내길 13
무주군,사탄경로당,무주군 안성면 모래여울길 9
무주군,산의경로당,무주군 무주읍 산의실길 14
무주군,삼거경로당,무주군 무풍면 상오정길 9
무주군,삼공할머니경로당,무주군 설천면 구천동1로 14
무주군,상가경로당,무주군 적상면 상가길 2
무주군,상굴경로당,무주군 부남면 상굴암길 15
무주군,상대경로당,무주군 부남면 상대곡길 140
무주군,상록경로당,무주군 무주읍 장터로 16
무주군,상리경로당,무주군 무주읍 적천로 345
무주군,상산경로당,무주군 안성면 덕산로 70
무주군,상오동경로당,무주군 안성면 오동길 25
무주군,상유경로당,무주군 적상면 삼유길 328
무주군,상이목경로당,무주군 안성면 원통사로 75-1
무주군,상이목할머니경로당,무주군 안성면 원통사로 75-1
무주군,상장백경로당,무주군 무주읍 상장백길 5-10
무주군,상조경로당,무주군 적상면 괴목로 148
무주군,상평경로당,무주군 부남면 상평당길 83
무주군,상평지경로당,무주군 설천면 상평지길 23
무주군,서동경로당,무주군 무풍면 서동길 33-2
무주군,서면할머니경로당,무주군 무주읍 서면길 13
무주군,석항경로당,무주군 무풍면 증산로 77
무주군,성내경로당,무주군 적상면 성내길 13
무주군,성도경로당,무주군 적상면 성도길 124
무주군,성유경로당,무주군 적상면 성도길 23
무주군,속동경로당,무주군 무풍면 속동길 18
무주군,수락경로당,무주군 안성면 수락길 20
무주군,수락할머니경로당,무주군 안성면 수락길 20
무주군,시목경로당,무주군 부남면 부남로 280
무주군,시장경로당,무주군 안성면 시장아랫길 21
무주군,시장할머니경로당,무주군 안성면 시장아랫길 21
무주군,식암경로당,무주군 부남면 부남로 138
무주군,신계경로당,무주군 설천면 신계길 3
무주군,신기 경로당,무주군 무풍면 철목길 122-2
무주군,신길경로당,무주군 설천면 길본지길 9
무주군,신대 경로당,무주군 적상면 신대길 14-3
무주군,신두경로당,무주군 설천면 구천동로 2337-2
무주군,신무경로당,무주군 안성면 원통사로 207
무주군,신재궁경로당,무주군 설천면 무설로 1714-14
무주군,신촌경로당,무주군 안성면 신촌길 21
무주군,신촌경로당,무주군 설천면 새말길 23
무주군,신촌경로당,무주군 적상면 삼유길 145
무주군,신촌할머니경로당,무주군 안성면 신촌길 21
무주군,실미경로당,무주군 무풍면 실미길 66
무주군,심곡경로당,무주군 설천면 원심곡길 33
무주군,안기경로당,무주군 안성면 안기길 34
무주군,안방경로당,무주군 무풍면 오두재로 666
무주군,안요대경로당,무주군 무주읍 안요대길 46
무주군,안유속경로당,무주군 무주읍 유속길 150
무주군,양지경로당,무주군 설천면 양지길 45
무주군,양지담경로당,무주군 설천면 두길리 산 36번지 4호
무주군,에코르경로당,무주군 설천면 하평지1길 10 (무주에
무주군,여원경로당,무주군 적상면 여원길 1
무주군,오동경로당,무주군 안성면 오동길 102-3
무주군,오동경로당,무주군 무풍면 율오길 164-3
무주군,오방경로당,무주군 무풍면 오무실로 124
무주군,오산경로당,무주군 무주읍 무설로 160
무주군,오산한마음할머니경로당,무주군 무주읍 무설로 158-1
무주군,오산할머니경로당,무주군 무주읍 오산2길 3
무주군,오천경로당,무주군 안성면 오천길 29
무주군,오천할머니경로당,무주군 안성면 오천길 29
무주군,온평경로당,무주군 설천면 무설로 1418
무주군,와석경로당,무주군 설천면 와석길 25
무주군,왕정경로당,무주군 무주읍 왕정길 181-13
무주군,외당경로당,무주군 안성면 외당길 22-1
무주군,외양지경로당,무주군 설천면 양지길 9
무주군,외양할머니경로당,무주군 설천면 양지길 9
무주군,요대경로당,무주군 무주읍 외요대길 2-6
무주군,용담경로당,무주군 적상면 여용로 248
무주군,용추경로당,무주군 안성면 용추길 17
무주군,운교할머니경로당,무주군 무주읍 주계로 92-3
무주군,원용포경로당,무주군 무주읍 원용포길 95
무주군,원청경로당,무주군 설천면 원청길 73
무주군,원촌경로당,무주군 무풍면 원촌길 2
무주군,월현경로당,무주군 설천면 월현길 18
무주군,유동경로당,무주군 부남면 대홍로 23
무주군,유속경로당,무주군 무주읍 유속1길 6
무주군,유평경로당,무주군 부남면 유섬길 80
무주군,유평할머니경로당,무주군 부남면 유섬길 80
무주군,율소경로당,무주군 부남면 율소길 31-8
무주군,율속경로당,무주군 무주읍 무학로 214
무주군,율평경로당,무주군 무풍면 율오길 13-6
무주군,은고경로당,무주군 무풍면 은고길 32
무주군,이남경로당,무주군 설천면 이남3길 5
무주군,이동경로당,무주군 적상면 삼방로 509
무주군,잠두경로당,무주군 무주읍 잠두길 6
무주군,장내경로당,무주군 안성면 장내길 1
무주군,장덕경로당,무주군 설천면 수한길 2-3
무주군,장안경로당,무주군 부남면 장안길 14-3
무주군,장평경로당,무주군 설천면 장평길 12
무주군,장항경로당,무주군 안성면 장항길 38
무주군,재궁경로당,무주군 설천면 재궁길 26
무주군,전도경로당,무주군 무주읍 앞섬1길 7
무주군,전도할머니경로당,무주군 무주읍 내도리 1906번지 3호
무주군,정천경로당,무주군 안성면 덕산로 126
무주군,정천할머니경로당,무주군 안성면 덕산로 126
무주군,주계경로당,무주군 무주읍 단천로 141
무주군,주고경로당,무주군 안성면 주고길 81
무주군,주동경로당,무주군 무주읍 주동길 86
무주군,죽장경로당,무주군 안성면 죽장길 52
무주군,죽장할머니경로당,무주군 안성면 죽장길 52
무주군,중가경로당,무주군 적상면 중가길 22
무주군,중리경로당,무주군 적상면 괴목로 532
무주군,중산경로당,무주군 안성면 중산길 11
무주군,중상가경로당,무주군 적상면 삼가로 424
무주군,중앙경로당,무주군 무주읍 주계로 92-3
무주군,중유경로당,무주군 적상면 삼유길 209-3
무주군,지동경로당,무주군 무풍면 지동길 37
무주군,지산경로당,무주군 무풍면 지산길 61
무주군,지성경로당,무주군 무풍면 부등1길 14-4
무주군,진원경로당,무주군 안성면 진성로 2393
무주군,진원할머니경로당,무주군 안성면 진성로 2393
무주군,진평경로당,무주군 설천면 진평길 45-5
무주군,차산경로당,무주군 무주읍 차산길 9
무주군,철목경로당,무주군 무풍면 철목1길 15
무주군,철목할머니경로당,무주군 무풍면 철목1길 15
무주군,초리경로당,무주군 적상면 초리길 6
무주군,추동경로당,무주군 무주읍 추동길 20
무주군,치목경로당,무주군 적상면 치목길 95
무주군,치목할머니경로당,무주군 적상면 치목길 95
무주군,통안경로당,무주군 안성면 통안길 1
무주군,평장경로당,무주군 안성면 평장길 9
무주군,평지경로당,무주군 설천면 삼도봉로 33-1
무주군,평지할머니경로당,무주군 설천면 삼도봉로 33-1
무주군,평촌 할머니 경로당,무주군 무주읍 평촌길 6-10
무주군,평촌경로당,무주군 무주읍 평촌길 6-10
무주군,하가경로당,무주군 적상면 하가길 25
무주군,하굴암내촌경로당,무주군 부남면 하굴암길 31
무주군,하굴암신대경로당,무주군 부남면 굴암신대길 85
무주군,하덕경로당,무주군 무풍면 갈마동길 50
무주군,하두경로당,무주군 설천면 하두길 47
무주군,하리경로당,무주군 무주읍 단천로2길 14-1
무주군,하리할머니경로당,무주군 무주읍 단천로2길 14-1
무주군,하비경로당,무주군 적상면 삼방로 94
무주군,하사내 경로당,"무주군 적상면 사내로 33-4, 1층 (하"
무주군,하산경로당,무주군 안성면 하산길 32
무주군,하엽경로당,무주군 설천면 41
무주군,하유경로당,무주군 적상면 삼방로 9
무주군,하유할머니경로당,무주군 적상면 상비길 12
무주군,하이목경로당,무주군 안성면 하이목길 32-1
무주군,하이목할머니경로당,무주군 안성면 하이목길 32-1
무주군,하장백경로당,무주군 무주읍 하장백1길 8
무주군,하장백할머니경로당,무주군 무주읍 하장백1길 25-5
무주군,하조경로당,무주군 적상면 괴목로 313
무주군,하조할머니경로당,무주군 적상면 괴목로 313
무주군,하중리 경로당,무주군 적상면 괴목로 590
무주군,하평경로당,무주군 부남면 하평당길 18
무주군,한마음경로당,무주군 무주읍 주계로 92-3
무주군,한수리경로당,무주군 무주읍 한수로1길 5-1
무주군,한수할머니경로당,무주군 무주읍 한수로1길 5-1
무주군,한치경로당,무주군 무풍면 한재길 39
무주군,향산경로당,무주군 무주읍 죽향로 20
무주군,향산할머니경로당,무주군 무주읍 죽향로 20
무주군,효자촌경로당,무주군 안성면 효자촌길 55
무주군,후도경로당,무주군 무주읍 뒷섬2길 34-8
무주군,후도할머니경로당,무주군 무주읍 내도로 390
장수군,장수읍경로당,장수군 장수읍 시장로 17
장수군,교촌경로당,장수군 장수읍 교촌로 55
장수군,교촌할머니경로당,장수군 장수읍 교촌로 55
장수군,준비경로당,장수군 장수읍 호비로 22-9
장수군,준비할머니경로당,장수군 장수읍 호비로 22-9
장수군,남동경로당,장수군 장수읍 논개사당길 3
장수군,남동할머니경로당,장수군 장수읍 논개사당길 3
장수군,북동경로당,장수군 장수읍 구시장길 16-3
장수군,북동할머니경로당,장수군 장수읍 구시장길 16-3
장수군,노하경로당,장수군 장수읍 노하2길 7
장수군,노하할머니경로당,장수군 장수읍 노하2길 7
장수군,신기경로당,장수군 장수읍 노하신기안길 4-1
장수군,음선경로당,장수군 장수읍 음선길 85
장수군,남선경로당,장수군 장수읍 장천로 260 가동 105호
장수군,양선경로당,장수군 장수읍 양선길 13
장수군,신리경로당,장수군 장수읍 신리길 27
장수군,대리경로당,장수군 장수읍 개실길 203-4
장수군,상중경로당,장수군 장수읍 개실길 167-1
장수군,하중경로당,장수군 장수읍 개실길 161-9
장수군,신촌경로당,장수군 장수읍 노곡신촌길 14-3
장수군,하리경로당,장수군 장수읍 개실길111-1
장수군,동촌경로당,장수군 장수읍 동촌2길 1
장수군,동촌할머니경로당,장수군 장수읍 동촌2길 1
장수군,덕산경로당,장수군 장수읍 신덕산길 2-7
장수군,범연경로당,장수군 장수읍 덕산로 828
장수군,두산경로당,장수군 장수읍 두산길 41
장수군,두산할머니경로당,장수군 장수읍 두산길 41
장수군,농원경로당,장수군 장수읍 개정농원길 50-3
장수군,상평경로당,장수군 장수읍 상하평길 76-2
장수군,하평경로당,장수군 장수읍 장수로 1857-6
장수군,하평할머니경로당,장수군 장수읍 상하평길 17
장수군,와동경로당,장수군 장수읍 와동길 87
장수군,원개정경로당,장수군 장수읍 원개정길 22
장수군,수분경로당,장수군 장수읍 뜬봉샘길 50
장수군,송계경로당,장수군 장수읍 송계길 32
장수군,원송천경로당,장수군 장수읍 원송천길 26
장수군,이교경로당,장수군 장수읍 이교길 10
장수군,구락경로당,장수군 장수읍 구락길 59
장수군,구락할머니경로당,장수군 장수읍 구락길 59
장수군,용추경로당,장수군 장수읍 용추길 19
장수군,용계경로당,장수군 장수읍 용계길 5-2
장수군,용계할머니경로당,장수군 장수읍 용계길 5-2
장수군,안양경로당,장수군 장수읍 팔공로 10
장수군,안양할머니경로당,장수군 장수읍 안양3길 10
장수군,중동경로당,장수군 장수읍 충혼탑길 9-8
장수군,중동할머니경로당,장수군 장수읍 충혼탑길 9-8
장수군,왕대경로당,장수군 장수읍 왕대길 16
장수군,판둔경로당,장수군 장수읍 판둔안길 12-2
장수군,원대성경로당,장수군 장수읍 원대성길 57-3
장수군,대덕경로당,장수군 장수읍 대덕길 77
장수군,금평경로당,장수군 장수읍 비행로 1015
장수군,구평경로당,장수군 장수읍 구평길 78
장수군,필덕경로당,장수군 장수읍 필덕길 42
장수군,식천경로당,장수군 장수읍 식천길 201
장수군,관두경로당,"장수군 장수읍 관두길 16,북동주공아파트 101동 1호"
장수군,송학골경로당,장수군 장수읍 송학로 93
장수군,서동경로당,"장수군 장수읍 시장로 27-14, 101동 702호 "
장수군,산서경로당,장수군 산서면 보산로 1853-3
장수군,방화경로당,장수군 산서면 방화길 26
장수군,성재경로당,장수군 산서면 성재길 18
장수군,강치경로당,장수군 산서면 개치길 39
장수군,양신경로당,장수군 산서면 쌍계양신 2길 4
장수군,신평경로당,장수군 산서면 장남로 1078-16
장수군,마평경로당,장수군 산서면 마평1길 10
장수군,월곡경로당,장수군 산서면 계월로 418
장수군,왕곡경로당,장수군 산서면 사계로 788
장수군,봉서경로당,장수군 산서면 고산골길 23
장수군,신기경로당,장수군 산서면 봉서신기길 13
장수군,하월경로당,장수군 산서면 월곡길 3
장수군,신등경로당,장수군 산서면 계월로 319-5
장수군,사창경로당,장수군 산서면 사창길 23-4
장수군,사창할머니경로당,장수군 산서면 사창길 23-4
장수군,당가경로당,장수군 산서면 당가길 28
장수군,이룡경로당,장수군 산서면 오룡길 4
장수군,이룡할머니경로당,장수군 산서면 오룡길 4
장수군,약촌경로당,장수군 산서면 약촌길 49
장수군,대창경로당,장수군 산서면 대창길 12-9
장수군,신덕경로당,장수군 산서면 신덕안길 18
장수군,용암경로당,장수군 산서면 용암길 59
장수군,오메경로당,장수군 산서면 오메길 15-1
장수군,암가경로당,장수군 산서면 암가길 110-12
장수군,월강경로당,장수군 산서면 오메길 74
장수군,초장경로당,장수군 산서면 초장길 24-4
장수군,월호경로당,장수군 산서면 월호길 39
장수군,삽곡경로당,장수군 산서면 건지로 124
장수군,진전경로당,장수군 산서면 진전길 38-1
장수군,원흥경로당,장수군 산서면 원흥길 43-9
장수군,평촌경로당,장수군 산서면 평촌길 11-4
장수군,월평경로당,장수군 산서면 월평길 23
장수군,신흥경로당,장수군 산서면 백운신흥길 45
장수군,구창경로당,장수군 산서면 동백로 356
장수군,용전경로당,장수군 산서면 용전길 14-3
장수군,압곡경로당,장수군 산서면 학선압곡길 15
장수군,구암경로당,장수군 산서면 구암길 72-3
장수군,동고경로당,장수군 산서면 동고길 81
장수군,동고할머니경로당,장수군 산서면 동고길 81
장수군,동화시장경로당,장수군 산서면 보산로 1864-16
장수군,봉정경로당,장수군 산서면 보산로 1824-6
장수군,등석경로당,장수군 산서면 등석3길 2
장수군,능곡경로당,장수군 산서면 능곡길 98
장수군,동촌경로당,장수군 산서면 동화동촌길 54
장수군,번암경로당,장수군 번암면 장수로 480
장수군,상교경로당,장수군 번암면 상교길 119-14
장수군,하교경로당,장수군 번암면 하교길 17
장수군,금천경로당,장수군 번암면 금천2길 18
장수군,금천할머니경로당,장수군 번암면 금천2길 18
장수군,하북경로당,장수군 번암면 장남로 2-15
장수군,상북경로당,장수군 번암면 상북길 30-2
장수군,원북경로당,장수군 번암면 원북길 30
장수군,도장경로당,장수군 번암면 도장길 9-3
장수군,대성방경로당,장수군 번암면 대성방길 39
장수군,죽산경로당,장수군 번암면 죽산1길 3
장수군,죽산할머니경로당,장수군 번암면 죽산1길 3
장수군,사암경로당,장수군 번암면 방화동로 466
장수군,광대경로당,장수군 번암면 광대동길 29-16
장수군,지지경로당,장수군 번암면 원지지길 9
장수군,상동경로당,장수군 번암면 상동1길 56
장수군,상동할머니경로당,장수군 번암면 상동1길 56
장수군,하동경로당,장수군 번암면 하동 2길 17
장수군,죽림경로당,장수군 번암면 죽림길 56
장수군,노단경로당,장수군 번암면 원노단길 1
장수군,노단할머니경로당,장수군 번암면 원노단길 1
장수군,하노단경로당,장수군 번암면 장수로 353-45
장수군,시동강경로당,장수군 번암면 동강길 12
장수군,신기경로당,장수군 번암면 노단신기길 30
장수군,두동경로당,장수군 번암면 봉화산로 79
장수군,견천경로당,장수군 번암면 봉화산로 15-10
장수군,논곡경로당,장수군 번암면 원논곡길 26
장수군,논곡할머니경로당,장수군 번암면 원논곡길 26
장수군,성암경로당,장수군 번암면 성암길 536
장수군,신원경로당,장수군 번암면 장수로 200-15
장수군,원촌경로당,장수군 번암면 신원길 5-2
장수군,대론경로당,장수군 번암면 원대론길 24-29
장수군,수척경로당,장수군 번암면 수척1길 17-1
장수군,유정경로당,장수군 번암면 남양길 12
장수군,구선동경로당,장수군 번암면 구선동길 14
장수군,만항경로당,장수군 번암면 만항길 18-2
장수군,사치경로당,장수군 번암면 사치길 27
장수군,임신경로당,장수군 번암면 방화동로 157
장수군,삼거경로당,장수군 번암면 지지로 1385-2
장수군,장계경로당,장수군 장계면 백화로 60
장수군,동동경로당,장수군 장계면 장계6길 12
장수군,동동할머니경로당,장수군 장계면 장계6길 12
장수군,서동경로당,장수군 장계면 장계천변길 19
장수군,서동할머니경로당,장수군 장계면 장계천변길 19
장수군,남동경로당,장수군 장계면 장계3길 8
장수군,남동할머니경로당,장수군 장계면 장계3길 8
장수군,북동경로당,장수군 장계면 장계7길 14
장수군,북동할머니경로당,장수군 장계면 장계7길 14
장수군,중동경로당,장수군 장계면 장계중동1길 14-1
장수군,중동할머니경로당,장수군 장계면 장계중동1길 14-1
장수군,신동경로당,장수군 장계면 방천길 23-4
장수군,신동할머니경로당,장수군 장계면 방천길 23-4
장수군,원금곡경로당,장수군 장계면 원금곡길 27-2
장수군,동정경로당,장수군 장계면 동정길 1-5
장수군,월계경로당,장수군 장계면 월계길 15-3
장수군,원무농경로당,장수군 장계면 원무농길 25
장수군,원무농할머니경로당,장수군 장계면 원무농길 25
장수군,망남경로당,장수군 장계면 금남로 132-1
장수군,위동경로당,장수군 장계면 위동길 14
장수군,침동경로당,장수군 장계면 침동길 15-1
장수군,호덕경로당,장수군 장계면 호덕길 11
장수군,서변경로당,장수군 장계면 서변길 58-4
장수군,신기경로당,장수군 장계면 장계신기길 41-2
장수군,도장경로당,장수군 장계면 도장골길 85
장수군,풍저경로당,장수군 장계면 저동길1
장수군,신내경로당,장수군 장계면 풍저길 53
장수군,탑동경로당,장수군 장계면 탑동길 55
장수군,금정경로당,장수군 장계면 육십령로 357-3
장수군,골담경로당,장수군 장계면 골담길 4-22
장수군,남산경로당,장수군 장계면 남산길 107-1
장수군,노평경로당,장수군 장계면 노평길 9
장수군,평지경로당,장수군 장계면 명덕평지1길 20-19
장수군,평지할머니경로당,장수군 장계면 명덕평지1길 20-19
장수군,원명덕경로당,장수군 장계면 명덕길 46-4
장수군,반송경로당,장수군 장계면 반송길15
장수군,양삼경로당,장수군 장계면 소비재로 81
장수군,양삼할머니경로당,장수군 장계면 소비재로 81
장수군,동명경로당,장수군 장계면 동명길 26-12
장수군,원오동경로당,장수군 장계면 원오동2길 16
장수군,원오동할머니경로당,장수군 장계면 원오동2길 16
장수군,양천경로당,장수군 장계면 양천길 9-2
장수군,성곡경로당,장수군 장계면 성곡길 21
장수군,주촌경로당,장수군 장계면 논개생가길 21-5
장수군,문화경로당,장수군 장계면 문화로 13
장수군,어울림경로당,"장수군 장계면 북동로 61-6, 130동1층"
장수군,  천천경로당  ,장수군 천천면 송탄4길 3
장수군,  장판경로당  ,장수군 천천면 장척길 14
장수군,  반월경로당  ,장수군 천천면 반월길 6
장수군,  박곡경로당  ,장수군 천천면 박실아랫담길3
장수군,  하신경로당  ,장수군 천천면 비룡로 356
장수군,  상리경로당  ,장수군 천천면 비룡로 594-1
장수군,  중리경로당  ,장수군 천천면 비룡로 518-8
장수군,  내기경로당  ,장수군 천천면 내기길 3-1
장수군,  이방경로당  ,장수군 천천면 이방길 11-3
장수군,  돈촌경로당  ,장수군 천천면 돈촌길 55
장수군,  삼장경로당  ,장수군 천천면 삼고길 42
장수군,  삼장할머니경로당 ,장수군 천천면 삼고길 42
장수군,  운곡경로당  ,장수군 천천면 운곡길 46
장수군,  중동경로당  ,장수군 천천면 삼고길 82
장수군,  검덕경로당  ,장수군 천천면 검덕길 51
장수군,  고금경로당  ,장수군 천천면 고금길 33-8
장수군,  송탄경로당  ,장수군 천천면 춘송길 11
장수군, 남동경로당 ,장수군 천천면 남동길 6-7
장수군,  송탄할머니경로당 ,장수군 천천면 송탄4길 8-30
장수군,  춘동경로당  ,장수군 천천면 춘송길 99
장수군,  조신경로당  ,장수군 천천면 조신길 8-15
장수군,  신촌경로당  ,장수군 천천면 춘송신촌길 47
장수군,  장양경로당  ,장수군 천천면 노루목길 4
장수군,  용신경로당  ,장수군 천천면 용신길 10
장수군,  광산경로당  ,장수군 천천면 광산길 67-11
장수군,  쌍암경로당  ,장수군 천천면 쌍암길 1-2
장수군,  오옥경로당  ,장수군 천천면 오옥길 8
장수군,  신흥경로당  ,장수군 천천면 천향로 181
장수군,  신전경로당  ,장수군 천천면 구신길 8-1
장수군,  구상경로당  ,장수군 천천면 구상길 10-6
장수군,  평지경로당  ,장수군 천천면 천천북로 700-3
장수군,  신기경로당  ,장수군 천천면 천천북로966-8
장수군,  부연경로당  ,장수군 천천면 오리골길 34-4
장수군, 양명동경로당 ,장수군 천천면 방어령길 153
장수군,계남경로당,장수군 계남면 유천길 5
장수군,침령경로당,장수군 계남면 침령길 61
장수군,사곡경로당,장수군 계남면 사곡1길 58
장수군,고기경로당,장수군 계남면 고양로 565
장수군,요전경로당,장수군 계남면 요전길 40
장수군,난평경로당,장수군 계남면 난평길 40
장수군,난평할머니경로당,장수군 계남면 난평길 40
장수군,명동경로당,장수군 계남면 명동길 34
장수군,중방경로당,장수군 계남면 중방1길 24-2
장수군,양신경로당,장수군 계남면 신전양신2길 4
장수군,농원경로당,장수군 계남면 신전농원2길 12
장수군,음신경로당,장수군 계남면 음신길 31
장수군,덕곡경로당,장수군 계남면 덕곡길 54
장수군,율평경로당,장수군 계남면 율평길 21
장수군,갈평경로당,장수군 계남면 갈평길 65
장수군,구억경로당,장수군 계남면 구억길 7-1
장수군,원호덕경로당,장수군 계남면 원호덕길 79
장수군,기산경로당,장수군 계남면 기산길 13
장수군,고정경로당,장수군 계남면 고정길 49
장수군,한거경로당,장수군 계남면 한거2길 15-7
장수군,한거할머니경로당,장수군 계남면 한거2길 15-7
장수군,조곡경로당,장수군 계남면 조곡길 81
장수군,화산경로당,장수군 계남면 화산길 13
장수군,곡리경로당,장수군 계남면 가곡길 23
장수군,평지경로당,장수군 계남면 가곡평지길 41-50
장수군,양지경로당,장수군 계남면 양지길 23
장수군,궁평경로당,장수군 계남면 궁평2길 3
장수군,신기경로당,장수군 계남면 장안산로 273-13
장수군,희평경로당,장수군 계남면 희평길 12
장수군,원장안경로당,장수군 계남면 지소골길 41
장수군,괴목경로당,장수군 계남면 장안산로 548
장수군,계북경로당,장수군 계북면 장무로 962-3
장수군,월현경로당,장수군 계북면 장현길19
장수군,월전경로당,장수군 계북면 달밭길 2
장수군,매계경로당,장수군 계북면 매계길 15-5
장수군,매골할머니경로당,장수군 계북면 매계길 15-5
장수군,삵다리경로당,장수군 계북면 삵다리길 17
장수군,농소할아버지경로당,장수군 계북면 원농소1길 2
장수군,농소할머니경로당,장수군 계북면 원농소1길 2
장수군,연동할아버지경로당,장수군 계북면 연동길20
장수군,연동할머니경로당,장수군 계북면 연동길20
장수군,어전경로당,장수군 계북면 느랏길 32-3
장수군,어전할머니경로당,장수군 계북면 느랏길 32-3
장수군,문성할아버지경로당,장수군 계북면 문성길 114
장수군,문성할머니경로당,장수군 계북면 문성길 114
장수군,내림경로당,장수군 계북면 내림길20
장수군,매자경로당,장수군 계북면 매자동길 66-11
장수군,백암경로당,장수군 계북면 백암길 18-4
장수군,백암할머니경로당,장수군 계북면 백암길 18-4
장수군,파곡경로당,장수군 계북면 파파실안길 1
장수군,외림할아버지경로당,장수군 계북면 외림길 49
장수군,외림할머니경로당,장수군 계북면 외림길 49
장수군,원촌경로당,장수군 계북면 장무로 1328
장수군,을곡경로당,장수군 게북면 계향로 326-13
장수군,양악할아버지경로당,장수군 계북면 양악길 81
장수군,양악할머니경로당,장수군 계북면 양악길 81
장수군,당저경로당,장수군 계북면 당저길 24
장수군,산촌경로당,장수군 계북면 월현로 323-6
임실군,상성경로당,임실군 임실읍 봉황로 73-5
임실군,상성모경로당,임실군 임실읍 봉황로 73-5
임실군,하성경로당,임실군 임실읍 봉황3길 11-10
임실군,하성모경로당,임실군 임실읍 봉황3길 11-10
임실군,앞골어머니경로당,임실군 임실읍 호반로 57
임실군,상동경로당,임실군 임실읍 중동로 50-1
임실군,운수경로당,임실군 임실읍 봉황11길 42
임실군,신우아파트경로당,임실군 임실읍 운수로 33-22 신우아파트
임실군,중동경로당,임실군 임실읍 중동로 5-6
임실군,중동어머니경로당,임실군 임실읍 중동로 5-6
임실군,산들마을경로당,"임실군 임실읍 호반로 12, 103동 1층(코아루더베스트)"
임실군,이듬말경로당,임실군 임실읍 봉황 10길 45-3
임실군,이도모경로당,임실군 임실읍 봉황11길 38
임실군,향교경로당,임실군 임실읍 봉황7길 13-6
임실군,향애모경로당,임실군 임실읍 봉황 6길 8-1
임실군,수정경로당,임실군 임실읍 봉황로 221 2층
임실군,수정모경로당,임실군 임실읍 봉황로 221 1층
임실군,숲정경로당,임실군 임실읍 봉황로 271-10
임실군,상원상아아파트경로당,임실군 임실읍 봉황10길 77
임실군,아도경로당,임실군 임실읍 봉황10길 105-7
임실군,임실주공경로당,"임실군 임실읍 운수로 33-17, 105동 1층(임실이도주공아파트)"
임실군,주공어머니경로당,"임실군 임실읍 운수로 33-17,105동 1층(임실이도주공아파트)"
임실군,해오름경로당,임실군 임실읍 봉황11길 94에코르@
임실군,오정경로당,임실군 임실읍 봉황로 13-3
임실군,무등경로당,임실군 임실읍 오정길 24-2
임실군,두곡경로당,임실군 임실읍 두곡2길 12
임실군,두곡모경로당,임실군 임실읍 두곡1길 18
임실군,두실경로당,임실군 임실읍 두곡3길 9-1
임실군,내두실경로당,임실군 임실읍 두곡4길 22
임실군,용은경로당,임실군 임실읍 두곡5길 9
임실군,갈마경로당,임실군 임실읍 갈마1길 15
임실군,갈마어머니경로당,임실군 임실읍 갈마1길 15-5
임실군,해평경로당,임실군 임실읍 호국로 1794-109
임실군,감성경로당,임실군 임실읍 감성1길 121
임실군,대곡경로당,임실군 임실읍 감천로 55-9
임실군,정월경로당,임실군 임실읍 임삼로 1439
임실군,정월모경로당,임실군 임실읍 임삼로 1439
임실군,정월양지경로당,임실군 임실읍 정월4길 40
임실군,정월샛터경로당,임실군 임실읍 정월5길 27
임실군,당목경로당,임실군 임실읍 정월6길 10
임실군,고산경로당,임실군 임실읍 정월1길 16
임실군,노전경로당,임실군 임실읍 이인2길 10
임실군,망정경로당,임실군 임실읍 이인1길 2
임실군,두만경로당,임실군 임실읍 두만1길 49
임실군,지산경로당,임실군 임실읍 두만2길 21
임실군,장재경로당,임실군 임실읍 장재1길 34-1
임실군,신기경로당,임실군 임실읍 장재2길 57
임실군,정촌경로당,임실군 임실읍 신안3길 55-1
임실군,금동경로당,임실군 임실읍 신안로 147
임실군,낙촌경로당,임실군 임실읍 신안2길 42-5
임실군,현곡경로당,임실군 임실읍 현곡1길 34
임실군,연화경로당,임실군 임실읍 현곡3길 47
임실군,화성경로당,임실군 임실읍 치즈마을1길 4
임실군,중금경로당,임실군 임실읍 치즈마을2길 19-3
임실군,신정경로당,임실군 임실읍 신정3길 26
임실군,중신기경로당,임실군 임실읍 신정2길 35
임실군,망전경로당,임실군 임실읍 망전1길 106-2
임실군,가동경로당,임실군 임실읍 망전2길 166
임실군,두복경로당,임실군 청웅면 두복1길 122
임실군,사동경로당,임실군 청웅면 두복2길 77
임실군,구고경로당,임실군 청웅면 구고1길 17
임실군,구고모경로당,임실군 청웅면 구고1길 5
임실군,평지경로당,임실군 청웅면 구고3길 6-1 (안쪽)
임실군,평지어머니경로당,임실군 청웅면 구고3길 6-1 (도로쪽)
임실군,양지경로당,임실군 청웅면 구고7길 21-3
임실군,양지어머니경로당,임실군 청웅면 구고7길 38
임실군,원동모경로당,임실군 청웅면 구고8길 14
임실군,수풍경로당,임실군 청웅면 향교1길 40
임실군,성전경로당,임실군 청웅면 향교2길 41
임실군,암포경로당,임실군 청웅면 향교로 255
임실군,청룡경로당,임실군 청웅면 향교3길 16
임실군,중산경로당,임실군 청웅면 옥전4길 10
임실군,하중산경로당,임실군 청웅면 옥전3길 15
임실군,명동경로당,임실군 청웅면 옥전2길 40-1
임실군,가전경로당,임실군 청웅면 옥전1길 18
임실군,석두경로당,임실군 청웅면 석두길 2-2
임실군,만지경로당,임실군 청웅면 석두1길 4
임실군,중신경로당,임실군 청웅면 석두2길 45
임실군,청계경로당,임실군 청웅면 청계길 4
임실군,명교경로당,임실군 청웅면 남산2길 5
임실군,발산경로당,임실군 청웅면 뱃골로 852
임실군,원남산경로당,임실군 청웅면 뱃골로 787-3
임실군,주치경로당,임실군 청웅면 옥석2길 17
임실군,조항경로당,임실군 청웅면 옥석1길 92
임실군,입석경로당,임실군 청웅면 옥석3길 9
임실군,광석경로당,임실군 운암면 광석길 16-1
임실군,학암경로당,임실군 운암면 학암2길 25 (안쪽)
임실군,학암어머니경로당,임실군 운암면 학암2길 25 (도로변)
임실군,선거경로당,임실군 운암면 청운로 521
임실군,선거모경로당,임실군 운암면 선거1길 35
임실군,월면경로당,임실군 운암면 월면길 410-4
임실군,지천경로당,임실군 운암면 지천길 373
임실군,사양경로당,임실군 운암면 사양내길 183
임실군,기암경로당,임실군 운암면 사양길 18
임실군,기바우경로당,임실군 운암면 임운로 1727-3
임실군,쌍암경로당,임실군 운암면 쌍암길 19
임실군,쌍암어머니경로당,임실군 운암면 쌍암길 22
임실군,상운경로당,임실군 운암면 임운로 1869
임실군,상운어머니경로당,임실군 운암면 임운로 1869
임실군,입석경로당,임실군 운암면 입석2길 36
임실군,용운경로당,임실군 운암면 용운1길 190
임실군,마암경로당,임실군 운암면 마암1길 2
임실군,운종경로당,임실군 운암면 운종길 78
임실군,운암경로당,임실군 운암면 운암2길 14
임실군,신기경로당,임실군 운암면 운암1길 13-6
임실군,방죽골경로당,임실군 운암면 금기길 49-1
임실군,창인경로당,임실군 신평면 창인2길 41
임실군,창인어머니경로당,임실군 신평면 창인1길 30
임실군,대리경로당,임실군 신평면 대리1길 17 (안쪽)
임실군,대리어머니경로당,임실군 신평면 대리1길 17 (도로변)
임실군,호암경로당,임실군 신평면 호암2길 1-5
임실군,상천경로당,임실군 신평면 호암1길 28-6
임실군,원천경로당,임실군 신평면 원천1길 19-3
임실군,원천어머니경로당,임실군 신평면 원천2길 2
임실군,상가경로당,임실군 신평면 가덕1길 7
임실군,하가경로당,임실군 신평면 가덕3길 1
임실군,마전경로당,임실군 신평면 가덕로 157
임실군,덕전경로당,임실군 신평면 가덕로 83
임실군,피암경로당,임실군 신평면 덕암1길 26
임실군,북창경로당,임실군 신평면 용암2길 11
임실군,죽치경로당,임실군 신평면 용암1길 16
임실군,당당경로당,임실군 성수면 도인2길 23
임실군,비슬경로당,임실군 성수면 도인1길 28
임실군,후촌경로당,임실군 성수면 도인로 214
임실군,중촌경로당,임실군 성수면 양지2길 41-1
임실군,양지경로당,임실군 성수면 임진로 217
임실군,학당경로당,임실군 성수면 임진로 208-9
임실군,동청경로당,임실군 성수면 임진로 273-8
임실군,석현경로당,임실군 성수면 양지1길 8
임실군,삼봉경로당,임실군 성수면 삼봉3길 49
임실군,금동경로당,임실군 성수면 삼봉1길 5-1
임실군,양암경로당,임실군 성수면 태평1길 45
임실군,대왕경로당,임실군 성수면 태평3길 70
임실군,성수경로당,임실군 성수면 성수산2길 9
임실군,왕방경로당,임실군 성수면 태조로 152
임실군,원증경로당,임실군 성수면 왕방길 195
임실군,효촌경로당,임실군 성수면 오봉2길 8-3
임실군,평지경로당,임실군 성수면 산성로 778
임실군,천동경로당,임실군 성수면 삼청1길 3
임실군,구곡경로당,임실군 성수면 삼청2길 23-8
임실군,신촌경로당,임실군 성수면 월평북길 10-8
임실군,월평경로당,임실군 성수면 월평동길 6
임실군,월굴경로당,임실군 성수면 월평서길 9
임실군,수월경로당,임실군 성수면 월삼로 85-1
임실군,봉강경로당,임실군 성수면 봉강북길 41
임실군,신계월경로당,임실군 성수면 봉강길 110
임실군,덕치경로당,임실군 성수면 봉강남길 114
임실군,오류경로당,임실군 성수면 오류1길 52-4
임실군,오류모경로당,임실군 성수면 오류1길 52-12
임실군,대판경로당,임실군 성수면 오류3길 50
임실군,관월경로당,임실군 오수면 오수9길 4-1 2층
임실군,관월모경로당,임실군 오수면 오수9길 4-1 1층
임실군,오치경로당,임실군 오수면 오수11길 38
임실군,시장경로당,임실군 오수면 오수6길 17-4 2층
임실군,시장모경로당,임실군 오수면 오수6길 17-4 1층
임실군,남신경로당,임실군 오수면 오수1길 22
임실군,후리경로당,임실군 오수면 삼일로 10-10
임실군,오수경로당,임실군 오수면 삼일로 22-8
임실군,동후리경로당,임실군 오수면 오수2길 15-16 (2층)
임실군,동후리어머니경로당,임실군 오수면 오수2길 15-16 (1층)
임실군,남후리경로당,임실군 오수면 오수2길 11
임실군,서후리경로당,임실군 오수면 오수로 208-1
임실군,상리경로당,임실군 오수면 오수2길 53
임실군,용정경로당,임실군 오수면 용정길 93
임실군,신기경로당,임실군 오수면 오수신기길 37
임실군,둔덕경로당,임실군 오수면 둔덕2길 34-1
임실군,방축경로당,임실군 오수면 둔덕1길 23
임실군,운교경로당,임실군 오수면 용두4길 19-44
임실군,구장경로당,임실군 오수면 용두길 64
임실군,손밤드내경로당,임실군 오수면 용두1길 26
임실군,둔기경로당,임실군 오수면 둔기길 58
임실군,대정경로당,임실군 오수면 대정길 80
임실군,남악경로당,임실군 오수면 남악길 51-15
임실군,상신경로당,임실군 오수면 대명1길 11
임실군,임성경로당,임실군 오수면 오수로 195-55
임실군,국평경로당,임실군 오수면 대명2길 6-37
임실군,오산경로당,임실군 오수면 오산1길 64
임실군,평촌경로당,임실군 오수면 오산2길 36
임실군,오동경로당,임실군 오수면 오산남길 8
임실군,주천경로당,임실군 오수면 주천1길 42-11 (우편)
임실군,주천부녀경로당,임실군 오수면 주천1길 42-11 (좌편)
임실군,한암경로당,임실군 오수면 오암1길 100-1
임실군,한암어머니경로당,임실군 오수면 오암1길 100
임실군,오촌경로당,임실군 오수면 오암3길 51
임실군,봉산경로당,임실군 오수면 봉천1길 59-1
임실군,냉천경로당,임실군 오수면 봉천2길 37
임실군,종동경로당,임실군 오수면 군평1길 30
임실군,평당경로당,임실군 오수면 군평2길 31-4
임실군,군곡경로당,임실군 오수면 군평길 263
임실군,남금암경로당,임실군 오수면 금암2길 17-2
임실군,금암경로당,임실군 오수면 금암3길 13-5
임실군,금암여성경로당,임실군 오수면 금암3길 9
임실군,내동경로당,임실군 오수면 금암4길 72-2
임실군,수천경로당,임실군 신덕면 수지로 105-1
임실군,수천어머니경로당,임실군 신덕면 수지로 105-1
임실군,율치경로당,임실군 신덕면 수천길 11
임실군,외량경로당,임실군 신덕면 삼길1길 10
임실군,내량경로당,임실군 신덕면 삼길4길 60
임실군,방길경로당,임실군 신덕면 삼길3길 4
임실군,신흥경로당,임실군 신덕면 신흥1길 11
임실군,사기경로당,임실군 신덕면 신흥2길 41
임실군,학산경로당,임실군 신덕면 신덕1길 1
임실군,신덕경로당,임실군 신덕면 신덕3길 17
임실군,수반경로당,임실군 신덕면 신덕2길 30
임실군,신기경로당,임실군 신덕면 신덕4길 10
임실군,조월경로당,임실군 신덕면 조월길 10
임실군,월성경로당,임실군 신덕면 월성길 59
임실군,지장경로당,임실군 신덕면 지장1길 14
임실군,도곡경로당,임실군 신덕면 금정길 71-1
임실군,하촌경로당,임실군 신덕면 오궁2길 3
임실군,중촌경로당,임실군 신덕면 오궁3길 5
임실군,상촌경로당,임실군 신덕면 오궁3길 264
임실군,후천경로당,임실군 삼계면 후천1길 38
임실군,후천어머니경로당,임실군 삼계면 후천1길 2
임실군,아산경로당,임실군 삼계면 충효로 1010
임실군,광제경로당,임실군 삼계면 후천로 143-8
임실군,숙호경로당,임실군 삼계면 봉현1길 34
임실군,사오경로당,임실군 삼계면 봉현2길 57
임실군,세심경로당,임실군 삼계면 세심길 43-24
임실군,송전경로당,임실군 삼계면 임삼로 324-4
임실군,택승경로당,임실군 삼계면 세심2길 14-12
임실군,법촌경로당,임실군 삼계면 세심1길 16
임실군,학정경로당,임실군 삼계면 학정1길 7-1
임실군,학정남촌경로당,임실군 삼계면 학정3길 53
임실군,죽계경로당,임실군 삼계면 죽계2길 7
임실군,산막경로당,임실군 삼계면 죽계1길 82
임실군,부용경로당,임실군 삼계면 홍곡길 70-3
임실군,괘평경로당,임실군 삼계면 괘평2길 20
임실군,용동경로당,임실군 삼계면 괘평1길 59
임실군,하용동마을경로당,임실군 삼계면 괘평1길 85
임실군,동산경로당,임실군 삼계면 산수2길 6
임실군,산수경로당,임실군 삼계면 산수1길 4
임실군,삼계경로당,임실군 삼계면 삼계1길 7
임실군,삼계어머니경로당,임실군 삼계면 삼계1길 14
임실군,신기경로당,임실군 삼계면 오지길 69
임실군,옷갓경로당,임실군 삼계면 오지길 58-109
임실군,화촌경로당,임실군 삼계면 화촌길 6
임실군,비아경로당,임실군 삼계면 노산로 287-4
임실군,중촌경로당,임실군 삼계면 덕계2길 46-1
임실군,음지경로당,임실군 삼계면 노산로 36
임실군,두월경로당,임실군 삼계면 두월길 31
임실군,뇌천경로당,임실군 삼계면 뇌천2길 1
임실군,해곡경로당,임실군 삼계면 만취정로 297
임실군,삼은경로당,임실군 삼계면 삼은2길 8
임실군,어은경로당,임실군 삼계면 어은1길 16
임실군,용산경로당,임실군 관촌면 용산1길 17
임실군,용산농원경로당,임실군 관촌면 용산2길 35
임실군,도봉경로당,임실군 관촌면 도봉1길 3
임실군,도봉어머니경로당,임실군 관촌면 도봉1길 1
임실군,가정경로당,임실군 관촌면 병암1길 38-1
임실군,병암경로당,임실군 관촌면 병암2길 56-1
임실군,병암아버지경로당,임실군 관촌면 병암2길 39-10
임실군,신병암경로당,임실군 관촌면 신덕평로 1993-10
임실군,시기경로당,임실군 관촌면 덕천2길4-2
임실군,덕곡경로당,임실군 관촌면 덕천1길 71
임실군,농원경로당,임실군 관촌면 관진로 127
임실군,주천경로당,임실군 관촌면 덕천3길 43
임실군,서산경로당,임실군 관촌면 사선3길 10
임실군,오선경로당,임실군 관촌면 사선3길 7
임실군,관촌경로당,임실군 관촌면 사선로 55
임실군,복지경로당,임실군 관촌면 사선로 55
임실군,명진경로당,임실군 관촌면 사선10길 4
임실군,오원경로당,임실군 관촌면 사선10길 4
임실군,유산경로당,임실군 관촌면 사선10길 38
임실군,슬치경로당,임실군 관촌면 슬치1길 10
임실군,공덕경로당,임실군 관촌면 공덕1길 22
임실군,원공덕경로당,임실군 관촌면 공덕2길 4-5
임실군,방현경로당,임실군 관촌면 관촌방현길 113-1
임실군,두기경로당,임실군 관촌면 신전2길 12
임실군,샛터경로당,임실군 관촌면 신전1길 29-12
임실군,장평경로당,임실군 관촌면 신전3길 24
임실군,신전경로당,임실군 관촌면 신전4길 3-1
임실군,월은경로당,임실군 관촌면 상월로 758
임실군,상월경로당,임실군 관촌면 상월2길 8
임실군,회봉경로당,임실군 관촌면 회봉길 9-16
임실군,황두경로당,임실군 관촌면 회봉1길 29-7
임실군,막동경로당,임실군 관촌면 방수2길 77
임실군,방동경로당,임실군 관촌면 방수1길 16-16
임실군,방동어머니경로당,임실군 관촌면 방수1길 16-14
임실군,횡암경로당,임실군 관촌면 복흥1길 14 (1층)
임실군,금정경로당,임실군 관촌면 평금길 47-1
임실군,고덕경로당,임실군 관촌면 운수1길 65-2
임실군,구암경로당,임실군 관촌면 운수2길 74
임실군,신기경로당,강진면 백련2길 19-2
임실군,백련경로당,강진면 백련1길 108-3
임실군,부흥경로당,강진면 부흥3길 13-1
임실군,이목경로당,강진면 부흥2길 16-2
임실군,가목경로당,강진면 부흥1길 66
임실군,갈담경로당,강진면 호국로 58-8
임실군,갈담어머니경로당,강진면 호국로 58-6
임실군,강진경로당,강진면 갈담2길 10-3
임실군,강서경로당,강진면 호국로 4
임실군,장동경로당,강진면 옥정호로 16-3
임실군,오두목경로당,강진면 회진길 57
임실군,용수경로당,강진면 용수1길 22-12
임실군,백운경로당,강진면 용수2길 163
임실군,옥정경로당,강진면 옥정호로 800-2
임실군,문방경로당,강진면 문방2길 164
임실군,산막경로당,강진면 문방1길 118
임실군,수방경로당,강진면 옥정호로 978
임실군,학석경로당,강진면 학석1길 52
임실군,학석죽원경로당,강진면 학석1길 131
임실군,학석상기경로당,강진면 학석2길 49
임실군,율치경로당,강진면 학석3길 12
임실군,상율치경로당,강진면 학석3길 52
임실군,방현경로당,강진면 강진방현길 63
임실군,상필경로당,강진면 필봉굿길 78-4
임실군,하필경로당,강진면 필봉길 49
임실군,상두경로당,임실군 덕치면 두지3길 22
임실군,하두경로당,임실군 덕치면 두지2길 20
임실군,신기경로당,임실군 덕치면 두지1길 74-2
임실군,자경경로당,임실군 덕치면 사곡3길 72
임실군,양지경로당,임실군 덕치면 사곡3길 51
임실군,평지경로당,임실군 덕치면 사곡2길 40
임실군,안하경로당,임실군 덕치면 사곡1길 9-4
임실군,가곡경로당,임실군 덕치면 가곡1길 60
임실군,원치경로당,임실군 덕치면 가곡2길 10
임실군,천담경로당,임실군 덕치면 천담1길 28
임실군,구담경로당,임실군 덕치면 천담2길 287-4
임실군,장산경로당,임실군 덕치면 장암2길 22
임실군,신촌경로당,임실군 덕치면 장암1길 13
임실군,암치경로당,임실군 덕치면 장암3길 29
임실군,일중경로당,임실군 덕치면 일중길 27
임실군,물우경로당,임실군 덕치면 물우1길 40-6
임실군,두무경로당,임실군 덕치면 물우2길 22 
임실군,회문경로당,임실군 덕치면 회문2길 20
임실군,회문모경로당,임실군 덕치면 회문2길 25
임실군,망월경로당,임실군 덕치면 회문3길 9
임실군,지사면경로당,임실군 지사면 충효로 2426-7
임실군,관기경로당,임실군 지사면 관기1길 4
임실군,원산경로당,임실군 지사면 원산3길 16
임실군,선원경로당,임실군 지사면 원산1길 19
임실군,신천경로당,임실군 지사면 원산2길 23
임실군,안하경로당,임실군 지사면 덕재로 283
임실군,대정음촌경로당,임실군 지사면 안하2길 16
임실군,대정양촌경로당,임실군 지사면 안하1길 17
임실군,금평경로당,임실군 지사면 옥금로 291
임실군,목평경로당,임실군 지사면 금평2길 13
임실군,영천경로당,임실군 지사면 영천3길 43
임실군,사촌경로당,임실군 지사면 영천2길 80-8
임실군,계촌경로당,임실군 지사면 영천1길 12
임실군,방계경로당,임실군 지사면 방계3길 22
임실군,삼산경로당,임실군 지사면 방계1길 54
임실군,계산경로당,임실군 지사면 충효로 2239-1
임실군,현계경로당,임실군 지사면 계산4길 36
임실군,안암경로당,임실군 지사면 계산3길 16-1
임실군,옥산경로당,임실군 지사면 옥금2길 4-2
임실군,의암경로당,임실군 지사면 옥금1길 23
임실군,봉서경로당,임실군 지사면 계산1길 34-2
순창군,순창읍분회경로당,순창군 경천로 81
순창군,순창행우회경로당,순창군 순창9길 35
순창군,옥천경로당,순창군 옥천동길 7-4
순창군,2옥천경로당,순창군 순창9길 56
순창군,3옥천경로당,순창군 옥천동길 38
순창군,옥천4경로당,순창군 옥천동길 29
순창군,옥천6경로당,순창군 순창읍 금산로34
순창군,관북1경로당,"순창군 순창5길 34, 대일맨션 A/107"
순창군,관북2경로당,순창군 순창7길 34-6
순창군,웰빙경로당,순창군 순창9길 36-3
순창군,충신경로당,순창군 순창11길 33-17
순창군,신천아파트경로당,"순창군 순창11길 47-22, 가-107, (신천아파트)"
순창군,순화1경로당,순창군 순창7길 16-7
순창군,순화2경로당,순창군 순창9길 7-12
순창군,창림경로당,순창군 순창9길 8-24
순창군,관서경로당,순창군 순창11길 5
순창군,남계경로당,순창군 순창3길 7-3
순창군,기전1경로당,순창군 순창2길 13-7
순창군,기전2경로당,순창군 순창4길 19-5
순창군,금덕경로당,순창군 순창1길 3-15
순창군,금덕할머니경로당,순창군 순창1길 3-15
순창군,시기경로당,순창군 순창4길 35
순창군,시기할머니경로당,순창군 순창2길 43-3
순창군,사정1경로당,순창군 순창1길 26-11
순창군,사정2경로당,순창군 순창1길 26-15
순창군,중은경로당,순창군 순창8길 34-7
순창군,남은경로당,순창군 순창8길 11-24
순창군,동은1경로당,순창군 남계로 95-9
순창군,해태경로당,순창군 남계로 96
순창군,대석아파트경로당,"순창군 양지길 81, 101동105호"
순창군,북은경로당,순창군 장류로 401-53
순창군,서은경로당,순창군 순창10길 11-13
순창군,장덕경로당,순창군 장덕마을길 12
순창군,장덕할머니경로당,순창군 장덕마을길 24
순창군,복실경로당,순창군 복실길 12-2
순창군,복실할머니경로당,순창군 복실길 25
순창군,신기경로당,순창군 신기길 4
순창군,신기할머니경로당,순창군 신기길 4
순창군,백산경로당,순창군 백산길 21-3
순창군,백산할머니경로당,순창군 백산길 21-1
순창군,민속마을경로당,순창군 민속마을길 5-13
순창군,백야경로당,순창군 백야길 10
순창군,신촌경로당,순창군 신촌길 102
순창군,교성경로당,순창군 교성1길 3
순창군,경천경로당,순창군 경천1로 100
순창군,남산경로당,순창군 남산1길 19
순창군,남산할머니경로당,순창군 남산길 21
순창군,가잠할아버지경로당,순창군 가잠로 84
순창군,가잠할머니경로당,순창군 가잠로 92-5
순창군,대정경로당,순창군 대정길 5-2
순창군,무수경로당,순창군 신남무수길 45
순창군,탄금경로당,순창군 탄금길 6-1
순창군,성자경로당,순창군 성자길 116
순창군,경천벚꽃경로당,"순창군 교성로55, 아파트관리동 1층"
순창군,대동전원마을경로당,순창군 대동전원마을길 32-2
순창군,인계면분회경로당,순창군 인덕로 222
순창군,호계경로당,순창군 호계길 71-27
순창군,호계할머니,순창군 호계길 73-5
순창군,갑동경로당,순창군 갑동길 18
순창군,도사경로당,순창군 도사2길 8-1
순창군,도사할머니,순창군 도사2길 10
순창군,팔학경로당,순창군 팔학길 3-8
순창군,정산경로당,순창군 도룡정산길 10-4
순창군,용암경로당,순창군 용암길 77
순창군,쌍암경로당,순창군 쌍암길 47
순창군,장례경로당,순창군 장례동길 127
순창군,외양경로당,순창군 외양길 10-1
순창군,탑리경로당,순창군 탑리길 60-1
순창군,심초경로당,순창군 심초길 10-2
순창군,세룡경로당,순창군 세룡길 33-4
순창군,둔기경로당,순창군 둔기길 38
순창군,대마경로당,순창군 대마길 44
순창군,소마경로당,순창군 소마길 13-2
순창군,가성경로당,순창군 가성길 30-6
순창군,차치경로당,순창군 차치길 20-5
순창군,중산경로당,순창군 중산길 9-8
순창군,지산경로당,순창군 지산길 77
순창군,가목경로당,순창군 가목길 65
순창군,노동경로당,순창군 노동로 202-2
순창군,동촌경로당,순창군 동촌길 45
순창군,동계면 분회경로당,순창군 동계면 동계로 13
순창군,분회 할머니경로당,순창군 동계면 동계로 13
순창군,현포경로당,순창군 동계면 동계로 20-4
순창군,현포할머니경로당,순창군 동계면 동계로 60
순창군,마상경로당,순창군 동계면 마상길 47
순창군,신촌경로당,순창군 동계2길 25
순창군,연산경로당,순창군 동계면 연산길 9
순창군,서호경로당,순창군 동계면 서호길 35
순창군,서호할머니경로당,순창군 동계면 서호길 35
순창군,창주경로당,순창군 동계면 창주길 26
순창군,어치경로당,순창군 동계면 어치길 24
순창군,내룡경로당,순창군 동계면 장군목길 686-18
순창군,회룡경로당,순창군 동계면 장군목길 807
순창군,귀주경로당,순창군 동계면 귀미2길 9-10
순창군,귀주할머니경로당,순창군 동계면 귀미로 290
순창군,용동경로당,순창군 동계면 귀미1길 23
순창군,동심경로당,순창군 동계면 동심길 32-7
순창군,추동경로당,순창군 동계면 추동길 90
순창군,아동경로당,순창군 동계면 아동길 111-2
순창군,오동경로당,순창군 동계면 오동길 20-2
순창군,관전경로당,순창군 동계면 관전길 27-3
순창군,신관전경로당,순창군 동계면 신관전길 16
순창군,신흥경로당,순창군 동계면 성전길 29
순창군,장동경로당,순창군 동계면 장동길 15-2
순창군,유산경로당,순창군 동계면 유산길 38
순창군,이동경로당,순창군 동계면 이동길 47-2
순창군,장항경로당,순창군 동계면 장항1길 11
순창군,수정경로당,순창군 동계면 수정3길 1
순창군,석산경로당,순창군 동계면 수정1길 3-6
순창군,주월경로당,순창군 동계면 주월길 192
순창군,배재경로당,순창군 동계면 주월2길 43
순창군,내령경로당,순창군 동계면 내령길 73-20
순창군,강촌경로당,순창군 동계면 강촌길 17
순창군,상외령경로당,순창군 동계면 수장3길 22-5
순창군,하외령경로당,순창군 동계면 수장2길 2
순창군,수장경로당,순창군 동계면 수장1길 96
순창군,가작경로당,순창군 동계면 가작길 26
순창군,적성면분회경로당,순창군 적성로 124-1
순창군,지북경로당,순창군 지북길 33-2
순창군,지북할머니경로당,순창군 지북길 33-4
순창군,태자경로당,순창군 태자길 14-16
순창군,대산경로당,순창군 대산길 7
순창군,묘동경로당,순창군 묘동길 55
순창군,임동경로당,순창군 임동길 132-3
순창군,임동할머니경로당,순창군 임동길 148
순창군,율지경로당,순창군 율지길 133
순창군,관평경로당,순창군 관평길 7
순창군,관평할머니경로당,순창군 관평길 7
순창군,원촌경로당,순창군 원촌길 1
순창군,지내경로당,순창군 지모길 14
순창군,모산경로당,순창군 지모길 50-6
순창군,우계경로당,순창군 우계길 41-18
순창군,시목경로당,순창군 시목길 25-2
순창군,내적경로당,순창군 내적길 67-16
순창군,농소경로당,순창군 농소길 51-4
순창군,평남경로당,순창군 평남길 14
순창군,구남경로당,순창군 평남길 106-3
순창군,괴정경로당,순창군 괴정길 61-1
순창군,서림경로당,순창군 서림길 3-11
순창군,마계경로당,순창군 마계길 49-2
순창군,신월경로당,순창군 신월길 45-1
순창군,입석경로당,순창군 석산길 79
순창군,강경경로당,순창군 강경길 159-4
순창군,분회경로당,순창군 유등면 외이2길 5
순창군,창신경로당,순창군 유등면 창신길 19-4 (2층)
순창군,창신할머니경로당,순창군 유등면 창신길 19-4 (1층)
순창군,정동경로당,순창군 유등면 정동마을길 59
순창군,건곡경로당,순창군 유등면 건곡3길 5
순창군,건곡할머니경로당,순창군 유등면 건곡3길 5
순창군,학촌경로당,순창군 유등면 학촌2길 7-2
순창군,학촌할머니경로당,순창군 유등면 학촌2길 7-1
순창군,금판경로당,순창군 유등면 금판길 4
순창군,외이경로당,순창군 유등면 외이3길 32
순창군,외이할머니경로당,순창군 유등면 외이3길 9
순창군,내이경로당,순창군 유등면 내이길 20-1
순창군,내이할머니경로당,순창군 유등면 내이길 10
순창군,오교경로당,순창군 유등면 오교1길 3-1
순창군,오교할머니경로당,순창군 유등면 오교로 162
순창군,유촌경로당,순창군 유등면 유촌1길 38
순창군,유촌할머니경로당,순창군 유등면 유촌1길 38
순창군,유천경로당,순창군 유등면 유천길 1
순창군,유천할머니경로당,순창군 유등면 유천길 1
순창군,책암경로당,순창군 유등면 책암길 29-1
순창군,무수경로당,순창군 유등면 무수길 35-9
순창군,무수할머니경로당,순창군 유등면 무수길 35-9
순창군,화탄경로당,순창군 유등면 화탄길 13
순창군,월탄경로당,순창군 유등면 월탄2길 1
순창군,풍산면분회경로당,순창군 풍산면 금풍로 1006-2
순창군,월산경로당,순창군 풍산면 월산길 17
순창군,월산할머니경로당,순창군 풍산면 월산길 17
순창군,월명경로당,순창군 풍산면 월명길 69-4
순창군,유정경로당,순창군 풍산면 유정길 64
순창군,유정할머니경로당,순창군 풍산면 유정길 66
순창군,회덕경로당,순창군 풍산면 회덕길 37-3
순창군,풍남경로당,순창군 풍산면 금풍로 685
순창군,함촌경로당,순창군 풍산면 함촌길 18
순창군,순정경로당,순창군 풍산면 금풍로 545-12
순창군,도치경로당,순창군 풍산면 삼촌1길 125
순창군,소촌경로당,순창군 풍산면 삼촌2길 144
순창군,가덕경로당,순창군 풍산면 삼촌3길 52-5
순창군,송두경로당,순창군 풍산면 삼촌2길 33-5
순창군,안곡경로당,순창군 풍산면 안곡길 38
순창군,호성경로당,순창군 풍산면 호성길 62-1
순창군,덕산경로당,순창군 풍산면 덕산길 29-12
순창군,죽전경로당,순창군 풍산면 죽전길 25-4
순창군,죽전할머니경로당,순창군 풍산면 죽전길 31
순창군,우곡경로당,순창군 풍산면 우곡길 8
순창군,한사경로당,순창군 풍산면 한사길 30-19
순창군,지내경로당,순창군 풍산면 지내길 34-1
순창군,향가경로당,순창군 풍산면 향가로 574-7
순창군,대가경로당,순창군 풍산면 대가2길 22
순창군,대가할머니경로당,순창군 풍산면 대가2길 25-3
순창군,오산경로당,순창군 풍산면 풍산로 499-6
순창군,휴먼시아경로당,순창군 풍산면 풍산로 499
순창군,두지할아버지경로당,순창군 풍산면 두승1길 11-6
순창군,두지할머니경로당,순창군 풍산면 두승1길 7
순창군,승입경로당,순창군 풍산면 두승2길 24
순창군,상촌경로당,순창군 풍산면 상촌2길 7
순창군,상촌할머니경로당,순창군 풍산면 상촌2길 6
순창군,용내경로당,순창군 풍산면 용내길 32-1
순창군,상죽경로당,순창군 풍산면 죽곡2길 43
순창군,하죽경로당,순창군 풍산면 죽곡1길 23-2
순창군,금과면분회경로당,순창군 금과면 금풍로 187
순창군,수양경로당,순창군 금과면 수양길 19-4
순창군,수양할머니경로당,순창군 금과면 수양길 13
순창군,발산경로당,순창군 금과면 발산길 81
순창군,발산할머니경로당,순창군 금과면 발산길 81
순창군,내동경로당,순창군 금과면 내동1길 5
순창군,내동할머니경로당,순창군 금과면 내동1길 15
순창군,연화경로당,순창군 금과면 내동2길 24-2
순창군,동전경로당,순창군 금과면 동전길 34
순창군,대장경로당,순창군 금과면 대장길 29-2
순창군,대장할머니경로당,순창군 금과면 대장길 29-2
순창군,만촌경로당,순창군 금과면 만촌길 22
순창군,대성경로당,순창군 금과면 대성길 6-2
순창군,대각경로당,순창군 금과면 대각길 23
순창군,청용경로당,순창군 금과면 청용길 9-1
순창군,방성경로당,순창군 금과면 방성길 39-2
순창군,석촌경로당,순창군 금과면 석촌길 2
순창군,남계경로당,순창군 금과면 남계길 41-2
순창군,호치경로당,순창군 금과면 호치길 36-1
순창군,장장경로당,순창군 금과면 장장2길 10
순창군,일목경로당,순창군 금과면 목동1길 8
순창군,이목경로당,순창군 금과면 목동2길 24
순창군,계전경로당,순창군 금과면 방계로 56
순창군,신매우경로당,순창군 금과면 신매우길 14
순창군,매우경로당,순창군 금과면 매우길 9
순창군,매우할머니경로당,순창군 금과면 매우길 12
순창군,밭매우경로당,순창군 금과면 밭매우길 26
순창군,방축경로당,순창군 금과면 방축3길 22
순창군,방축할머니경로당,순창군 금과면 방축4길 18  
순창군,고례경로당,순창군 금과면 고례길 48
순창군,송정경로당,순창군 금과면 송정길 45
순창군,팔덕면분회경로당,순창군 팔덕면 용산길 8
순창군,입석경로당,순창군 팔덕면 입석길 21-1
순창군,신평경로당,순창군 팔덕면 신평길 34-5
순창군,신기경로당,순창군 팔덕면 팔덕로 335-4
순창군,구항경로당,순창군 팔덕면 구항길 29-1
순창군,사정경로당,순창군 팔덕면 용산길 24
순창군,월곡경로당,순창군 팔덕면 월곡1길 17-2
순창군,월곡할머니경로당,순창군 팔덕면 월곡1길 18
순창군,광암경로당,순창군 팔덕면 광암마을길 30-1
순창군,태자경로당,순창군 팔덕면 태자동길 7
순창군,청계경로당,순창군 팔덕면 청계길 6-5
순창군,청계할머니경로당,순창군 팔덕면 청계길 42
순창군,백암경로당,순창군 팔덕면 백암길 32-15
순창군,백암할머니경로당,순창군 팔덕면 백암길 48-1
순창군,이목경로당,순창군 팔덕면 이목골길 4
순창군,통천(쌍통)경로당,순창군 팔덕면 통천로 82-3
순창군,팔왕경로당,순창군 팔덕면 팔왕길 77
순창군,장재경로당,순창군 팔덕면 장자터길 4-4
순창군,장안경로당,순창군 팔덕면 평창길 24-4
순창군,장안할머니경로당,순창군 팔덕면 평창길 24-4
순창군,동고경로당,순창군 팔덕면 동구지길 31
순창군,평지경로당,순창군 팔덕면 평지길 7-1
순창군,덕진경로당,순창군 팔덕면 덕진길 14
순창군,태촌경로당,순창군 팔덕면 태촌길 6
순창군,태촌할머니경로당,순창군 팔덕면 태촌길5
순창군,용두경로당,순창군 팔덕면 용두길 70
순창군,복흥면분회경로당,순창군 복흥면 추령로 1163-17
순창군,복흥분회 여성 경로당,순창군 복흥면 추령로 1163-9
순창군,서지 경로당,순창군 복흥면 백방1길 100-3
순창군,하마 경로당,순창군 복흥면 백방2길 19-1
순창군,화양 경로당,순창군 복흥면 화양로 158 
순창군,동산 경로당,순창군 복흥면 동산길 14
순창군,동산여성 경로당,순창군 복흥면 동산길 33-3
순창군,월성 경로당,순창군 복흥면 반월1길 31
순창군,자포 경로당,순창군 복흥면 반월길 277
순창군,덕흥 경로당,순창군 복흥면 덕흥길 45
순창군,도화 경로당,순창군 복흥면 봉덕길 199-16
순창군,농암 경로당,순창군 복흥면 농암1길 12-5
순창군,용교 경로당,순창군 복흥면 용교길 18-13
순창군,명지 경로당,순창군 복흥면 명지길 24
순창군,강두 경로당,순창군 복흥면 금월로 302
순창군,칠립 경로당,순창군 복흥면 금월2길 40-2
순창군,대각 경로당,순창군 복흥면 금월1길 30
순창군,어은 경로당,순창군 복흥면 어은길 227-2
순창군,칠현 경로당,순창군 복흥면 칠현길 14
순창군,용지 경로당,순창군 복흥면 용지길 7-24
순창군,금방동 경로당,순창군 복흥면 금방동길 155-1
순창군,정동 경로당,순창군 복흥면 정동길 13-2
순창군,비거 경로당,순창군 복흥면 정산1길 12
순창군,동서 경로당,순창군 복흥면 동서길 26
순창군,산정외오 경 로 당,순창군 복흥면 산정길 45 
순창군,산정내오 경 로 당,순창군 복흥면 산정길 117 
순창군,율평 경로당,순창군 복흥면 율평길 6
순창군,송정 경로당,순창군 복흥면 심적길 33 
순창군,상송 경로당,순창군 복흥면 상송길 203-4 
순창군,당궁경로당,순창군 복흥면 상송길 22-44
순창군,중리 경로당,순창군 복흥면 하리길 142 
순창군,사창 경로당,순창군 복흥면 하리길 98-19 
순창군,구산 경로당,순창군 복흥면 답동1길 9-4
순창군,신기 경로당,순창군 복흥면 답동2길 15-9 
순창군,농곡 경로당,순창군 복흥면 답동3길 28-1
순창군,비석 경로당,순창군 복흥면 가인로 645-3
순창군,석보 경로당,순창군 복흥면 석보길 37-1
순창군,쌍치면분회경로당,순창군 쌍치면 쌍계로 35
순창군,방산경로당,순창군 쌍치면 방산2길 9
순창군,사기점경로당,순창군 쌍치면 방산1길 78
순창군,종곡경로당,순창군 쌍치면 순정로 1253
순창군,신성경로당,순창군 쌍치면 신성길 33
순창군,탕곡경로당,순창군 쌍치면 탕곡길 25-16
순창군,중안경로당,순창군 쌍치면 점암길 12
순창군,둔전경로당,순창군 쌍치면 둔전길 29
순창군,시산경로당,순창군 쌍치면 시산길 34-1
순창군,무동경로당,순창군 쌍치면 무동실길 29
순창군, 옥산경로당,순창군 쌍치면 옥산길 63
순창군,만수경로당,순창군 쌍치면 만수길 91
순창군,상서경로당,순창군 쌍치면 상서길 39-8
순창군,종암경로당,순창군 쌍치면 국사봉로 277
순창군,부정경로당,순창군 쌍치면 학선길 28-1
순창군,오룡경로당,순창군 쌍치면 국사봉로 523-18
순창군,입신경로당,순창군 쌍치면 국사봉로 649-4
순창군,신도경로당,순창군 쌍치면 도고길 71
순창군,산수경로당,순창군 쌍치면 산수동길 74
순창군,보평경로당,순창군 쌍치면 보평길 7-2
순창군,금정경로당,순창군 쌍치면 금정길 4-2
순창군,석현경로당,순창군 쌍치면 석현길 7-5
순창군,양신경로당,순창군 쌍치면 양사길 18-9
순창군,전암경로당,순창군 쌍치면 전암길 6
순창군,삼암경로당,순창군 쌍치면 삼암길 49
순창군,금계1경로당,순창군 쌍치면 쌍계로 29-37
순창군,금계2경로당,순창군 쌍치면 삽실길 28
순창군,반계경로당,순창군 쌍치면 반계길 17
순창군,운암경로당,순창군 쌍치면 운암길 92-1
순창군,양촌경로당,순창군 쌍치면 용전1길 53-6
순창군,묵산경로당,순창군 쌍치면 용전길 145
순창군,삼장경로당,순창군 쌍치면 청정로656
순창군,먹우실경로당,순창군 쌍치면 먹우실길 41
순창군,피노경로당,순창군 쌍치면 피노길 25
순창군,피노부녀경로당,순창군 쌍치면 피노길 23-1
순창군,내동경로당,순창군 쌍치면 금성내동길 125-2
순창군,신촌경로당,순창군 쌍치면 금성내동길 13-1
순창군,구림면분회경로당,순창군 구림로 455
순창군,연산경로당,순창군 구림로 490
순창군,연산할머니경로당,순창군 연산1길 19
순창군,운곡경로당,순창군 운곡길 41-3
순창군,남정경로당,순창군 남정1길 5
순창군,남정할머니경로당,순창군 남정1길 5
순창군,봉곡경로당,순창군 봉곡1길 23-7
순창군,봉곡할머니경로당,순창군 봉곡1길 23-6
순창군,둔기경로당,순창군 구암둔기길 85
순창군,이암경로당,순창군 이암길 24
순창군,이암할머니경로당,순창군 이암길 18-10
순창군,신기경로당,순창군 오공동길 21-2
순창군,마흥경로당,순창군 마흥길 4-6
순창군,회룡경로당,순창군 회룡길 42-8
순창군,호곡경로당,순창군 호곡길 6
순창군,오룡경로당,순창군 오룡길 35
순창군,학현경로당,순창군 학현길 90
순창군,통안경로당,순창군 통안길 62-1
순창군,통안할머니경로당,순창군 통안길 49
순창군,율리경로당,순창군 율리길 102
순창군,산내경로당,순창군 산내길 83
순창군,죽림경로당,순창군 산내길 259
순창군,안심경로당,순창군 안심길 40
순창군,치천경로당,순창군 치천길 13
순창군,회문경로당,순창군 금평길 18
순창군,금평할머니경로당,순창군 금평길 17
순창군,황계경로당,순창군 구림로 1086
순창군,금상경로당,순창군 금상길 7
순창군,방화경로당,순창군 방화2길 13
순창군,방화할머니경로당,순창군 방화1길 17
순창군,속리경로당,순창군 속리길 23
순창군,운북경로당,순창군 운항길 119
순창군,단풍경로당,순창군 단풍마을길 55-1
순창군,유사경로당,순창군 유사길 65-2
순창군,월정경로당,순창군 밤재로 171-4
순창군,오정경로당,순창군 오정길 1
순창군,상리경로당,순창군 자양로 98
순창군,상리할머니경로당,순창군 자양로 99
순창군,자양경로당,순창군 자양동길 1
순창군,구곡경로당,순창군 동정자길 26-6
순창군,구곡할머니경로당,순창군 동정자길 26-6
순창군,화암경로당,순창군 화암1길 20
순창군,화암할머니경로당,순창군 화암1길 24
순창군,어은동경로당,순창군 언동길11
고창군,기로사경로당,고창군 고창읍 동리로 151
고창군,동부리여자경로당,고창군 고창읍 동리로 145-6
고창군,성남경로당,고창군 고창읍 남정9길 18
고창군,성남북여자경로당,고창군 고창읍 남정9길 1
고창군,성산경로당,고창군 고창읍 성산4길 32
고창군,화평경로당,고창군 고창읍 화신2길 3
고창군,화평여자경로당,고창군 고창읍 천변북로 23-7
고창군,교촌경로당,고창군 고창읍 교촌1길 31
고창군,청룡경로당,고창군 고창읍 소반2길 24
고창군,반곡경로당,고창군 고창읍 성산로 19 휴먼시아 104동 1층
고창군,동산경로당,고창군 고창읍 동산2길 19
고창군,진흥경로당,고창군 고창읍 남구4길 25
고창군,삼영경로당,고창군 고창읍 중거리당산로 85
고창군,미영경로당,고창군 고창읍 중거리당산로 102
고창군,상원경로당(상원아파트),고창군 고창읍 중거리당산로 108
고창군,대성경로당,고창군 고창읍 동리로 19
고창군,수북경로당,고창군 고창읍 중앙로 222-6
고창군,학전경로당,고창군 고창읍 학전1길 11
고창군,입석경로당,고창군 고창읍 교촌3길23
고창군,상월경로당,고창군 고창읍 상월1길 29-3
고창군,주공여자경로당,고창군 고창읍 월곡1길 43
고창군,주공경로당,고창군 고창읍 월곡1길 43
고창군,제일경로당,"고창군 고창읍 월곡로 83, 102동107호(온천마을제일아파트)"
고창군,월암경로당,고창군 월암안길 8-3
고창군,수월경로당,고창군 고창읍 수월길 19
고창군,석정경로당,고창군 고창읍 석정길 17-8
고창군,상면경로당,고창군 고창읍 월산길 11
고창군,산정경로당,고창군 고창읍 산정길 85
고창군,노산경로당,고창군 고창읍 노동안길 25
고창군,화산경로당,고창군 고창읍 화산길 67
고창군,호산경로당,고창군 고창읍 화산호동길 9
고창군,내동경로당,고창군 고창읍 내동길 12
고창군,은동경로당,고창군 고창읍 은동길 42
고창군,덕산경로당,고창군 고창읍 덕산안길 2
고창군,백양경로당,고창군 고창읍 백양길 70-2
고창군,월계경로당,고창군 고창읍 덕산월계길 7
고창군,주곡경로당,고창군 고창읍 주곡2길1
고창군,신상경로당,고창군 고창읍 신상길 21-1
고창군,사계경로당,고창군 고창읍 사계길 44
고창군,도산경로당,고창군 고창읍 도산2길 19
고창군,지동경로당,고창군 고창읍 지동길 8-2
고창군,부귀경로당,고창군 고창읍 부귀길 78
고창군,안동경로당,고창군 고창읍 안동길 43
고창군,매산경로당,고창군 고창읍 고인돌공원길96
고창군,죽림경로당,고창군 고창읍 죽림길 13
고창군,송암경로당,고창군 고창읍 송암길 102
고창군,호암경로당,고창군 고창읍 호암길 45-3
고창군,신월경로당,고창군 고창읍 신월길 41
고창군,신동경로당,고창군 고창읍 신동길 56
고창군,덕정경로당,고창군 고창읍 덕정1길 13
고창군,석탄경로당,고창군 고창읍 석탄길 91-5
고창군,율계경로당,고창군 고창읍 율계길 44
고창군,신촌경로당,고창군 고창읍 신촌2길 58
고창군,석교경로당,고창군 고창읍 석교길 36
고창군,현대경로당,고창군 고창읍 보릿골로 195
고창군,성두경로당,고창군 고창읍 성두길 25-1
고창군,상성경로당,고창군 고창읍 상성길 33
고창군,옥동경로당,고창군 고창읍 상성옥동길  55
고창군,성신경로당,"고창군 고창읍 성산8길 23, 나동106호(대명연립)"
고창군,청하경로당,"고창군 고창읍 청룡길 20, 다동 101호(청하아파트)"
고창군,성북동경로당,고창군 고창읍 서문2길 23-1
고창군,대성여자경로당,고창군 고창읍 남정1길 30
고창군,백석3마을경로당,고창군 고창읍 보릿골로 191
고창군,하월경로당,고창군 고창읍 월곡10길 29
고창군,교신경로당,고창군 고창읍 월곡9길 12
고창군,신흥경로당,고창군 고창읍 시장길 12
고창군,대한노인회고창읍분회경로당,고창군 고창읍 화신2길 16 101호(우일아파트)
고창군,성덕경로당,고창군 중앙로 288-10 나동 105호(태양아파트)
고창군,남구경로당,고창군 고창읍 남구1길 9-4
고창군,월곡경로당,고창군 고창읍 월곡원길 43
고창군,천북경로당,고창군 고창읍 동산5길 24
고창군,신덕산2경로당,"고창군 고창읍 보릿골로 57-15, 108동"
고창군,남흥1동경로당,고창군 고창읍 남정1길 41 105호
고창군,용두경로당,고창군 고수면 두평리 604-1
고창군,양지경로당,고창군 고수면 양지길 19
고창군,공판동경로당,고창군 고수면 고수로 18-5
고창군,조산경로당,고창군 고수면 조산길 28-6
고창군,구암경로당,고창군 고수면 두평2길 23
고창군,인동경로당,고창군 고수면 대성길 13
고창군,평촌경로당,고창군 고수면 평촌1길 22-2
고창군,황산경로당,고창군 고수면 황산길 44
고창군,오산경로당,고창군 고수면 오산길 25
고창군,은사경로당,고창군 고수면 문수로 111
고창군,취성경로당,고창군 고수면 취성길 104
고창군,수곡경로당,고창군 고수면 내창수곡길 194-1
고창군,봉산경로당,고창군 고수면 봉산1길 15
고창군,학산경로당,고창군 고수면 오산학산로 28-1
고창군,남산경로당,고창군 고수면 남산길 20-5
고창군,복용경로당,고창군 고수면 복룡길 5
고창군,장두경로당,고창군 고수면 장두길 18
고창군,위성경로당,고창군 고수면 인성석우길 27
고창군,신기경로당,고창군 고수면 문수로 314
고창군,장암경로당,고창군 고수면 장암길 26
고창군,증산경로당,고창군 고수면 증산길 66
고창군,평지경로당,고창군 고수면 예동길 50
고창군,초내경로당,고창군 고수면 초내길 83
고창군,문화경로당,고창군 고수면 고수로 59
고창군,두평경로당,고창군 고수면 두평1길 17
고창군,성산경로당,고창군 고수면 와촌성산1길 13
고창군,예촌경로당,고창군 고수면 예지터길 31
고창군,상평경로당,고창군 고수면 상평2길 4
고창군,고수부녀경로당,고창군 고수면 부곡길 129
고창군,잠곡경로당,고창군 고수면 독실로 63
고창군,와촌경로당,고창군 고수면 와촌길 47-1
고창군,내창경로당,고창군 고수면 내창수곡길 64
고창군,연동경로당,고창군 고수면 연동3길 1
고창군,우평경로당,고창군 고수면 우평길 23
고창군,월계경로당,고창군 고수면 월계2길 1
고창군,예지경로당,고창군 고수면 예지길 63
고창군,고수경로당,고창군 고수면 부곡길 129
고창군,학골경로당,고창군 고수면 학골길 28-1
고창군,황산마을아파트경로당,고창군 고수면 고수로 15
고창군,봉덕경로당,고창군 아산면 봉덕길 20-1
고창군,오향실경로당,고창군 아산면 오향동길 59
고창군,중복경로당,고창군 아산면 중복길 32
고창군,후동경로당,고창군 아산면 후동1길 14-2
고창군,상복경로당,고창군 아산면 상복2길 4
고창군,목동경로당,고창군 아산면 목동안길 39-3
고창군,남촌경로당,고창군 아산면 남촌길 4
고창군,당산경로당,고창군 아산면 당산길 81-1
고창군,상갑경로당,고창군 아산면 갑평2길 25
고창군,하갑경로당,고창군 아산면 갑평1길 16
고창군,선양제경로당,고창군 아산면 녹두로 775-6
고창군,독곡경로당,고창군 아산면 독곡길 24-8
고창군,동촌경로당,고창군 아산면 동촌길 48
고창군,입성제경로당,고창군 아산면 대기길 37
고창군,쌍천경로당,고창군 아산면 쌍천길 87
고창군,주진경로당,고창군 아산면 주진흥룡길 164
고창군,남산경로당,고창군 아산면 남산안길 1
고창군,흥룡경로당,고창군 아산면 주진흥룡길 26
고창군,용장경로당,고창군 아산면 용장길 86-16
고창군,도봉경로당,고창군 아산면 도봉길 22-1
고창군,월성경로당,고창군 아산면 월성길 10-5
고창군,계룡경로당,고창군 아산면 성산리 1045-11
고창군,효생경로당,고창군 아산면 효생길 55
고창군,성기경로당,고창군 아산면 성산반월길 21-6
고창군,죽산경로당,고창군 아산면 성기길 80-1
고창군,학전경로당,고창군 아산면 죽산길 16
고창군,매사경로당,고창군 아산면 매사길 42
고창군,부기경로당,고창군 아산면 매사길 46-3
고창군,방죽안경로당,고창군 아산면 부기길 30
고창군,용계경로당,고창군 아산면 방죽안길 126
고창군,계산경로당,고창군 아산면 원평길 24
고창군,부정경로당,고창군 아산면 사신원로 310-1
고창군,구암경로당,고창군 아산면 부정길 11-1
고창군,반암경로당,고창군 아산면 인천강서길 386
고창군,영모정경로당,고창군 아산면 반암안길 20
고창군,마명경로당,고창군 아산면 영모정길 38-10
고창군,탑정경로당,고창군 아산면 인천강변로 658
고창군,호암경로당,고창군 아산면 인천강변로 739-4
고창군,삼인경로당,고창군 아산면 반암호암길 30-2
고창군,반월경로당,고창군 아산면 삼인길 31-9
고창군,선동경로당,고창군 아산면 반암선동길 19
고창군,남극관경로당,고창군 무장면 성내길 5
고창군,무장여자경로당,고창군 무장면 시거길 12
고창군,정거경로당,고창군 무장면 동학농민군로 680
고창군,금정경로당,고창군 무장면 금정1길 5
고창군,내동경로당,고창군 무장면 내동1길 17
고창군,덕흥경로당,고창군 무장면 덕흥안길 23-3
고창군,교촌경로당,고창군 무장면 교흥교촌길 14-5
고창군,궁동경로당,고창군 무장면 궁동길 21
고창군,송현경로당,고창군 무장면 송현로 174
고창군,금곡경로당,고창군 무장면 원촌신기길 55
고창군,원금곡경로당,고창군 무장면 원금곡길 33
고창군,강남경로당,고창군 무장면 원강남길 17
고창군,석수경로당,고창군 무장면 석수2길 13
고창군,덕산경로당,고창군 무장면 강남덕산길 26
고창군,조치경로당,고창군 무장면 조치길 93
고창군,목우경로당,고창군 무장면 목우길 19-2
고창군,송정경로당,고창군 무장면 목우송정길 61
고창군,신흥경로당,고창군 무장면 목우신흥길 42-4
고창군,월평경로당,고창군 무장면 목우월평길 185
고창군,방축경로당,고창군 무장면 덕림방축안길 9
고창군,덕림경로당,고창군 무장면 덕림안길 21
고창군,신월경로당,고창군 무장면 옥산신월길 27
고창군,가라경로당,고창군 무장면 가라2길 31
고창군,대산경로당,고창군 무장면 옥산대산길 56
고창군,송림경로당,고창군 무장면 칠거리로 850-4
고창군,송암경로당,고창군 무장면 고라송암길 39
고창군,백양경로당,고창군 무장면 백양2길 32-1
고창군,갑동경로당,고창군 무장면 갑동길 18
고창군,신촌경로당,고창군 무장면 신촌길 47
고창군,석동경로당,고창군 무장면 석동길 109
고창군,복흥경로당,고창군 무장면 박매길 25
고창군,사미경로당,고창군 무장면 월봉매산길 59
고창군,용전경로당,고창군 무장면 용전길 103-15
고창군,죽림경로당,고창군 무장면 월림죽림길 97
고창군,도산경로당,고창군 무장면 도산길 16
고창군,양곡경로당,고창군 무장면 동서대로 677-4
고창군,송계경로당,고창군 무장면 송계화산길 8
고창군,배촌경로당,고창군 무장면 배촌길 50
고창군,대촌경로당,고창군 무장면 방축대촌길 31
고창군,원촌경로당,고창군 무장면 원촌송산길 31-6
고창군,시목동경로당,고창군 무장면 동서대로 569-5
고창군,나분계 경로당,고창군 무장면 학천로 517-5
고창군,정동경로당,고창군 무장면 덕림정동길 290-1
고창군,월봉경로당,고창군 무장면 옥산월봉길 145
고창군,원송현경로당,고창군 무장면 송현안길 17
고창군,시거경로당,고창군 무장면 금정2길 8
고창군,계동경로당,고창군 공음면 용수로 215 
고창군,공음구정경로당,고창군 공음면 유정길 40
고창군,공음산정경로당,고창군 공음면 칠암산정길 1
고창군,구수경로당,고창군 공음면 구수안길 9 
고창군,군유경로당,고창군 공음면 상군2길 9 
고창군,금정경로당,고창군 공음면 안골길 42 
고창군,남동경로당,고창군 공음면 남동길 85 
고창군,남산경로당,고창군 공음면 거성길 26 
고창군,노노제경로당,고창군 공음면 공음길 25
고창군,다옥경로당,고창군 공음면 이심다옥길 73 
고창군,대정경로당,고창군 공음면 부채울길 19 
고창군,덕암경로당,고창군 공음면 평촌길 12
고창군,동촌경로당,고창군 공음면 공음석교길 87 
고창군,두암경로당,고창군 공음면 두암안길 7
고창군,마래경로당,고창군 공음면 마래길 15 
고창군,보천경로당,고창군 공음면 보천길 13 
고창군,복흥경로당,고창군 공음면 복흥길 67 
고창군,상건경로당,고창군 공음면 건동길 189 
고창군,상예경로당,고창군 공음면 상예1길 10 
고창군,선동경로당,고창군 공음면 원선동길 2 
고창군,선산경로당,고창군 공음면 선산청메골3길 7
고창군,송산경로당,고창군 공음면 건동길 72 
고창군,송운경로당,고창군 공음면 송운동길 10-4 
고창군,수원경로당,고창군 공음면 수원길 53 
고창군,신대경로당,고창군 공음면 신대길 135 
고창군,신촌경로당,고창군 공음면 장곡신촌길 37 
고창군,양동경로당,고창군 공음면 양동길 14 
고창군,연동경로당,고창군 공음면 연동길 72
고창군,예전경로당,고창군 공음면 상예1길 28 
고창군,용산경로당,고창군 공음면 칠암용산길 62 
고창군,용수경로당,고창군 공음면 용수안길 9
고창군,원동경로당,고창군 공음면 원동길 63 
고창군,응암경로당,고창군 공음면 응암길 14-2 
고창군,장곡경로당,고창군 공음면 장곡길 75 
고창군,장동경로당,고창군 공음면 구암장동길 3 
고창군,중여경로당,고창군 공음면 지산길 56-3 
고창군,진목정경로당,고창군 공음면 참나무정1길 6
고창군,창촌경로당,고창군 공음면 공음석교길 104 
고창군,창평경로당,고창군 공음면 창평길 11 
고창군,청천경로당,고창군 공음면 청천길 43 
고창군,축동경로당,고창군 공음면 신대야동길 4
고창군,칠암경로당,고창군 공음면 칠암길 46-3 
고창군,평산경로당,고창군 공음면 평산길 32-5 
고창군,하건경로당,고창군 공음면 건동3길 18 
고창군,하군경로당,고창군 공음면 하군길 62 
고창군,해정경로당,고창군 공음면 해정길 9 
고창군,회룡경로당,고창군 공음면 장곡회룡길 72 
고창군,비석경로당,고창군 공음면 비석중화길 42
고창군,형제동경로당,고창군 공음면 형제동길 34
고창군,석정경로당,고창군 공음면 용수로 135
고창군,한세동경로당,고창군 공음면 한세동길 163-5
고창군,상하경로당,고창군 상하면 명동2길 16
고창군,고산경로당,고창군 상하면 고산길 34-4
고창군,기산경로당,고창군 상하면 기산길 22
고창군,생장경로당,고창군 상하면 상하1길 72
고창군,장호경로당,고창군 상하면 나성로 4
고창군,용두경로당,고창군 상하면 장호로 442
고창군,복구경로당,고창군 상하면 복구1길 22-1
고창군,판정경로당,고창군 상하면 판정2길 7
고창군,동촌경로당,고창군 상하면 동촌1길 53
고창군,광촌경로당,고창군 상하면 광촌길 21
고창군,용산경로당,고창군 상하면 용정용산길 17
고창군,서당경로당,고창군 상하면 서당1길 22
고창군,섬포경로당,고창군 상하면 섬포길 37
고창군,자룡경로당,고창군 상하면 자룡길 40
고창군,신자룡경로당,고창군 상하면 신자룡길 23-62
고창군,석남경로당,고창군 상하면 석남길 45
고창군,갈산경로당,고창군 상하면 석남갈산길 42-28
고창군,송라경로당,고창군 상하면 송라길 153
고창군,상하여자경로당,고창군 상하면 상하로 43
고창군,장사경로당,고창군 상하면 하장2길 26
고창군,오룡경로당,고창군 상하면 오룡2길 31
고창군,회정경로당,고창군 상하면 하장예동길 28
고창군,신평경로당,고창군 상하면 하장신평길 36
고창군,용대경로당,고창군 상하면 샘목로 854
고창군,풍촌경로당,고창군 상하면 선운대로 441
고창군,택동경로당,고창군 상하면 택동길 50-6
고창군,상라경로당,고창군 상하면 상라길 35
고창군,검산경로당,고창군 상하면 검산길 85-2
고창군,상수경로당,고창군 상하면 상수2길 33
고창군,송림경로당,고창군 상하면 송림1길 21
고창군,용덕경로당,고창군 상하면 상하로 43
고창군,장기경로당,고창군 상하면 장기길 57
고창군,노성사,고창군 해리면 해리중앙로 53-4
고창군,하련경로당,고창군 해리면 하련1길 9-3
고창군,동시경로당,고창군 해리면 동시길 18
고창군,청해경로당,고창군 해리면 청해2길 14
고창군,신대경로당,고창군 해리면 하련신대길 35
고창군,평장경로당,고창군 해리면 평장길 21-6
고창군,수락경로당,고창군 해리면 수락길 11
고창군,평지경로당,고창군 해리면 평지길 14-2
고창군,신흥경로당,고창군 해리면 신흥궁월길 33-3
고창군,칠곡경로당,고창군 해리면 칠곡길 29
고창군,고성경로당,고창군 해리면 고성길 115
고창군,상송경로당,고창군 해리면 해리송산길 114
고창군,하송경로당,고창군 해리면 해리송산길 71
고창군,행산경로당,고창군 해리면 행산길 96-1
고창군,안산경로당,고창군 해리면 안산길 39
고창군,우산경로당,고창군 해리면 우산길 33
고창군,월곡경로당,고창군 해리면 안산월곡길 62
고창군,왕거경로당,고창군 해리면 왕거길 4
고창군,화산경로당,고창군 해리면 왕촌화산길 29-3
고창군,지로경로당,고창군 해리면 지로길 15
고창군,용반경로당,고창군 해리면 왕촌용반길 72
고창군,안복경로당,고창군 해리면 안복길 16
고창군,월봉경로당,고창군 해리면 월봉성산길 92-3
고창군,매남경로당,고창군 해리면 매남길 62
고창군,나산경로당,고창군 해리면 나산길 57
고창군,서해경로당,고창군 해리면 사반안길 28
고창군,육리경로당,고창군 해리면 각동길 59
고창군,방축경로당,고창군 해리면 방축1길 118
고창군,금평경로당,고창군 해리면 금평1길 7
고창군,월산경로당,고창군 해리면 금평월산길 8
고창군,목동경로당,고창군 해리면 금평길 83-4
고창군,용호경로당,고창군 해리면 용호길 33
고창군,광승경로당,고창군 해리면 광승원길 20
고창군,외경경로당,고창군 해리면 외경길 59
고창군,내경경로당,고창군 해리면 내경길 8
고창군,상부경로당,고창군 해리면 광승중앙길 53
고창군,남부경로당,고창군 해리면 구동호2길 22
고창군,신동호경로당,고창군 해리면 신동호길 64-1
고창군,하연주경로당,고창군 해리면 하련1길 9-15
고창군,삼양동경로당,고창군 해리면 삼양동길 10
고창군,가재지경로당,고창군 해리면 광승로 303
고창군,임해경로당,고창군 해리면 임해길 39-8
고창군,미산경로당,고창군 해리면 사반로 47
고창군,분말경로당,고창군 해리면 상부길 30-1
고창군,이상동경로당,고창군 해리면 이상동길 13
고창군,구동호경로당,고창군 해리면 굳오호2길 27
고창군,산수경로당,고창군 성송면 산수길 52-10
고창군,외원경로당,고창군 성송면 외원길 31
고창군,전방경로당,고창군 성송면 방축길 15
고창군,후방경로당,고창군 성송면 후방길 56
고창군,삼태경로당,고창군 성송면 삼태길 10
고창군,남창경로당,고창군 성송면 남창1길 85
고창군,양사경로당,고창군 성송면 양사1길 26-1
고창군,송산경로당,고창군 성송면 송산길 136-14
고창군,내원경로당,고창군 성송면 내원2길 8
고창군,갈산경로당,고창군 성송면 갈산길 19
고창군,암치경로당,고창군 성송면 암치2길 24
고창군,백토경로당,고창군 성송면 금사길 12
고창군,계당경로당,고창군 성송면 계당길 27-4
고창군,신용경로당,고창군 성송면 신용길 62-20
고창군,월계경로당,고창군 성송면 월계길 28-4
고창군,축동경로당,고창군 성송면 축동길 51-10
고창군,성송경로당,고창군 성송면 치동길 12-1
고창군,판정경로당,고창군 성송면 판정길 30
고창군,괴치경로당,고창군 성송면 괴치3길 18
고창군,양실경로당,고창군 성송면 주산길 1
고창군,사천경로당,고창군 성송면 괴치사천길 14-3
고창군,향노경로당,고창군 성송면 향산길 102-17
고창군,월평경로당,고창군 성송면 월평길 33
고창군,어림경로당,고창군 성송면 어림추산길 27
고창군,학천경로당,고창군 성송면 학천안길 10
고창군,계양경로당,고창군 성송면 계양길 46
고창군,사내경로당,고창군 성송면 사내길 51-1
고창군,포동경로당,고창군 성송면 포동길 59
고창군,낙양경로당,고창군 성송면 낙양길 72
고창군,계촌경로당,고창군 성송면 계촌길 18
고창군,호동경로당,고창군 성송면 호동길 11
고창군,관동경로당,고창군 성송면 관동로 224-2
고창군,엄동경로당,고창군 성송면 엄동길 15
고창군,선동경로당,고창군 성송면 치동길 35-2
고창군,용암경로당,고창군 성송면 용암길 13
고창군,덕절경로당,고창군 성송면 덕절길 34
고창군,갈마경로당,고창군 대산면 갈마1길 92-8
고창군,계룡경로당,고창군 대산면 계룡2길 6
고창군,곡다우경로당,고창군 대산면 곡다우길 47
고창군,곡촌경로당,고창군 대산면 곡촌길 42
고창군,광대경로당,고창군 대산면 광대길 13
고창군,교동경로당,고창군 대산면 교동길 8
고창군,구동경로당,고창군 대산면 회룡구동길 3
고창군,구연정경로당,고창군 대산면 공음대산로 936-8
고창군,남성재경로당,고창군 대산면 공음대산로 936-10
고창군,노성헌(대촌),고창군 대산면 해룡대촌길 25
고창군,대장경로당,고창군 대산면 대장길 58-3
고창군,덕천경로당,고창군 대산면 덕천길 37
고창군,동촌경로당,고창군 대산면 덕천동촌길 38
고창군,두동경로당,고창군 대산면 곡촌길 3
고창군,매산경로당,고창군 대산면 매산길 31-1
고창군,미동경로당,고창군 대산면 미동길 38
고창군,반월신월경로당,고창군 대산면 해룡로 91
고창군,발산경로당,고창군 대산면 발산길 231
고창군,백운경로당,고창군 대산면 백운길 30
고창군,사거4경로당,고창군 대산면 사거1길 16
고창군,산정경로당,고창군 대산면 산정2길 36
고창군,상금경로당,고창군 대산면 상금길 17
고창군,성남경로당,고창군 대산면 성남길 63-1
고창군,성동경로당,고창군 대산면 성동길 82-10
고창군,세장경로당,고창군 대산면 세장길 28
고창군,수성당,고창군 대산면 지석길 3
고창군,신기경로당,고창군 대산면 신기2길 3
고창군,신방경로당,고창군 대산면 신방길 33-26
고창군,신평경로당,고창군 대산면 광대신평길 37-6
고창군,신흥경로당,고창군 대산면 신흥길 28
고창군,약동경로당,고창군 대산면 약산동촌길 63
고창군,약산경로당,고창군 대산면 약산동촌길 28
고창군,연화경로당,고창군 대산면 연화길 98
고창군,용두경로당,고창군 대산면 장자산로 238-2
고창군,용산경로당,고창군 대산면 대장용산길 33
고창군,원중산경로당,고창군 대산면 중산길 29
고창군,율촌경로당,고창군 대산면 율촌길 71
고창군,입암경로당,고창군 대산면 입암길 32
고창군,장동경로당,고창군 대산면 장동길 49
고창군,장수당,고창군 대산면 반룡길 67
고창군,중금경로당,고창군 대산면 중금길 49
고창군,지석경로당,고창군 대산면 지석길 27-2
고창군,차동경로당,고창군 대산면 차동길 17-5
고창군,천변경로당,고창군 대산면 천변길 30-7
고창군,남월경로당,고창군 대산면 지석월성길 31
고창군,청룡경로당,고창군 대산면 연동청룡길 49-1
고창군,용강경로당,고창군 대산면 용강길 38-4
고창군,지정경로당,고창군 공음대산로 803-112
고창군,사거1경로당,고창군 대산면 대산길 83-19
고창군,사거3경로당,고창군 대산면 사거3길 20
고창군,남당경로당,고창군 대산면 지석남당길88-4
고창군,두어경로당,고창군 심원면 두어2길 15
고창군,용기경로당,고창군 심원면 선운대로 2312
고창군,수다경로당,고창군 심원면 수다동길 28
고창군,월산경로당,고창군 심원면 월산2길 15
고창군,심원경로당,고창군 심원면 심원로 179
고창군,고전경로당,고창군 심원면 고전1길 42
고창군,난호경로당,고창군 심원면 만돌1길 42
고창군,죽곡경로당,고창군 심원면 죽곡2길 12
고창군,사등경로당,고창군 심원면 사등길 28
고창군,금산경로당,고창군 심원면 연화1길 40
고창군,하전경로당,고창군 심원면 동전길 30-19
고창군,정동경로당,고창군 심원면 정동길 26
고창군,주산경로당,고창군 심원면 주산1길 23
고창군,궁산경로당,고창군 심원면 궁산1길 51-1
고창군,서전경로당,고창군 심원면 서전안길 10-1
고창군,마산경로당,고창군 심원면 마산길 13
고창군,상전경로당,고창군 심원면 상전2길 21
고창군,담암경로당,고창군 심원면 도천로 217
고창군,명동경로당,고창군 심원면 명동구미길 3
고창군,진주경로당,고창군 심원면 진주길 7
고창군,기산경로당,고창군 심원면 선운대로1599
고창군,계명경로당,고창군 심원면 만돌4길 35
고창군,도천경로당,고창군 심원면 도천로 516-4
고창군,신기경로당,고창군 심원면 연화1길 7
고창군,동전경로당 ,고창군 심원면 동전길 21
고창군,화산경로당,고창군 심원면 화산안길 19
고창군,흥동경로당,고창군 흥덕면 흥동길 13
고창군,흥남경로당,고창군 흥덕면 흥남1길 15-1
고창군,흥덕경로당,고창군 흥덕면 흥동1길 8
고창군,흥덕여자경로당,고창군 흥덕면 서일길 25-5
고창군,서일경로당,고창군 흥덕면 서일길 25-4
고창군,서이경로당,고창군 흥덕면 서이길 3-4
고창군,서삼경로당,고창군 흥덕면 서삼길 20
고창군,녹사경로당,고창군 흥덕면 녹사길 43
고창군,문화경로당,고창군 흥덕면 흥덕로 30
고창군,죽정경로당,고창군 흥덕면 죽정길 29
고창군,치룡경로당,고창군 흥덕면 잿말길 51
고창군,치일경로당,고창군 흥덕면 치일길 41-1
고창군,복룡경로당,고창군 흥덕면 치룡복룡길77
고창군,노동경로당,고창군 흥덕면 신송노동길 27-8
고창군,신송경로당,고창군 흥덕면 신송길 15
고창군,석우경로당,고창군 흥덕면 석우길 70
고창군,삼오경로당,고창군 흥덕면 용반길 168
고창군,예촌경로당,고창군 흥덕면 예촌길 60
고창군,행정경로당,고창군 흥덕면 행정길 35
고창군,용반경로당,고창군 흥덕면 용반길 68
고창군,남당경로당,고창군 흥덕면 남당길 23
고창군,신덕경로당,고창군 흥덕면 신덕길 24-1
고창군,목우경로당,고창군 흥덕면 신덕목우길 61
고창군,상연경로당,고창군 흥덕면 상하연길 61-3
고창군,하연경로당,고창군 흥덕면 후포로 344-3
고창군,후동경로당,고창군 흥덕면 후포로 258
고창군,대촌경로당,고창군 흥덕면 후포대촌길 18-1
고창군,배풍경로당,고창군 흥덕면 부안로 347
고창군,후포경로당,고창군 흥덕면 후포로 253-5
고창군,사포경로당,고창군 흥덕면 김소희길 18
고창군,주항경로당,고창군 흥덕면 주항길 97
고창군,교운경로당,고창군 흥덕면 흥덕향교길 22
고창군,서문밖경로당,고창군 흥덕면 서문밖길 27
고창군,오태경로당,고창군 흥덕면 오태길 29-6
고창군,석호경로당,고창군 흥덕면 석호길 100
고창군,석교경로당,고창군 흥덕면 흥덕석교길 7
고창군,옹골경로당,고창군 흥덕면 옹골길 6-1
고창군,내사경로당,고창군 흥덕면 내사안길 16
고창군,외사경로당,고창군 흥덕면 외사길 30
고창군,수침경로당,고창군 신림면 사천길 142
고창군,제하경로당,고창군 흥덕면 제하길 83
고창군,고려실경로당,고창군 흥덕면 고려실길 31
고창군,여곡경로당,고창군 흥덕면 속동길 54
고창군,송일경로당,고창군 흥덕면 송암1길 18
고창군,송이경로당,고창군 흥덕면 효감천로 246
고창군,야동경로상,고창군 흥덕면 야동길 10
고창군,월암경로당,고창군 흥덕면 월암1길 42-1
고창군,빈월산경로당,고창군 흥덕면 빈월산길 201-2
고창군,송내경로당,고창군 흥덕면 동림로 68-20
고창군,죽현1리경로당,고창군 흥덕면 죽현길 13
고창군,죽현2리경로당,고창군 흥덕면 서삼길 21
고창군,성내경로당,고창군 성내면 시기2길 16
고창군,시기여자경로당,고창군 성내면 낙산로 417
고창군,운산경로당,고창군 성내면 운산길 9
고창군,석양경로당,고창군 성내면 석양길 17
고창군,내토경로당,고창군 성내면 내토1길 48
고창군,외토경로당,고창군 성내면 외토길 66
고창군,외일경로당,고창군 성내면 외일길 39
고창군,항월경로당,고창군 성내면 항월길 73
고창군,석전경로당,고창군 성내면 석전2길 7
고창군,조동경로당,고창군 성내면 조동길 1
고창군,동촌경로당,고창군 성내면 성내동촌길 21
고창군,엄동경로당,고창군 성내면 엄동1길 1
고창군,부덕경로당,고창군 성내면 부덕길 70
고창군,장담경로당,고창군 성내면 장담길 39
고창군,생근경로당,고창군 성내면 생근길 22-7
고창군,백연경로당,고창군 성내면 근촌로 274-10
고창군,관동경로당,고창군 성내면 신성관동길 43
고창군,만각경로당,고창군 성내면 만각동길 16
고창군,칠성경로당,고창군 성내면 신성칠성길 53
고창군,장수경로당,고창군 성내면 장수길 24
고창군,구동경로당,고창군 성내면 근촌로 40
고창군,동산경로당,고창군 성내면 동산길 100
고창군,한정경로당,고창군 성내면 한정길 23
고창군,편월경로당,고창군 성내면 편월길 64
고창군,죽림경로당,고창군 성내면 월산죽림길 52-2
고창군,내안경로당,고창군 성내면 내안길 3
고창군,월봉경로당,고창군 성내면 광주동길 3
고창군,외옥경로당,고창군 성내면 외옥길 59
고창군,내옥경로당,고창군 성내면 내옥길 144
고창군,대흥경로당,고창군 성내면 신월주황길 40
고창군,대천경로당,고창군 성내면 대내실길 73-1
고창군,옥동경로당,고창군 성내면 옥동길 18-1
고창군,학동경로당,고창군 성내면 학동로 13
고창군,용전경로당,고창군 성내면 용교용전길 1
고창군,용교경로당,고창군 성내면 다리골길 13
고창군,죽동경로당,고창군 성내면 대월길 91
고창군,은낙경로당,고창군 성내면 은낙길 69
고창군,해평경로당,고창군 성내면 부안절길 45
고창군,임리경로당,고창군 신림면 대강길 3
고창군,임리여자경로당,고창군 신림면 신림로 153
고창군,신림경로당,고창군 신림면 신림로 158
고창군,대강경로당,고창군 신림면 대강길 40
고창군,만화경로당,고창군 신림면 만화길 37-10
고창군,환산정경로당,고창군 신림면 환산길 128
고창군,구암경로당,고창군 신림면 구암길 25
고창군,화룡경로당,고창군 신림면 화룡내기길 34
고창군,내기경로당,고창군 신림면 화룡내기길 89-29
고창군,왕림경로당,고창군 신림면 왕림1길 47
고창군,구산경로당,고창군 신림면 구산길 3
고창군,덕화경로당,고창군 신림면 덕화길 69
고창군,유점경로당,고창군 신림면 덕화길 206
고창군,가평경로당,고창군 신림면 가평1길 21-1
고창군,노동경로당,고창군 신림면 가평노동길 29
고창군,신기경로당,고창군 신림면 신평신기길 2
고창군,청송경로당,고창군 신림면 청송길 23
고창군,용추경로당,고창군 신림면 용추동길 79
고창군,입전경로당,고창군 신림면 입전길 60-4
고창군,반룡경로당,고창군 신림면 상반룡길 5
고창군,월평경로당,고창군 신림면 성남안길 11-2
고창군,궁평경로당,고창군 신림면 궁평길 55
고창군,세곡경로당,고창군 신림면 세곡2길 4
고창군,신촌경로당,고창군 신림면 자포신촌길 4
고창군,마산경로당,고창군 신림면 자포마산길 33-1
고창군,송촌경로당,고창군 신림면 송촌1길 6
고창군,농암경로당,고창군 신림면 농암길 46-1
고창군,동법경로당,고창군 신림면 법지길 47
고창군,서법경로당,고창군 신림면 법지길 44-2
고창군,관동경로당,고창군 신림면 법지관동길 48
고창군,벽송경로당,고창군 신림면 벽송길 99
고창군,평월경로당,고창군 신림면 평월1길 40
고창군,서당촌경로당,고창군 신림면 벽송리 53
고창군,부송경로당,고창군 신림면 부송길 58-1
고창군,게내경로당,고창군 신림면 자포길 107
고창군,작산경로당,고창군 신림면 작산길 10-2
고창군,아산경로당,고창군 신림면 아산길 12-8
고창군,기로회경로당,고창군 부안면 난산2길 3
고창군, 난산경로당,고창군 부안면 난산1길 7-3
고창군,덕흥경로당 ,고창군 부안면 덕흥길 21-6
고창군,부일경로당,고창군 부안면 중흥서당촌길 34-70
고창군,오산경로당,고창군 부안면 복분자로 841-1
고창군,하오산경로당,고창군 부안면 하오1길 37
고창군,지동경로당,고창군 부안면 지동2길 24
고창군,선양경로당,고창군 부안면 선양길 25-6
고창군,검곡경로당,고창군 부안면 검곡길 10
고창군,진등경로당,고창군 부안면 진등길 3
고창군,중산경로당,고창군 부안면 검산중산길 1
고창군,창내경로당,고창군 부안면 질마재로 436
고창군,뱃말경로당,고창군 부안면 주촌길 52
고창군,주촌경로당,고창군 부안면 수동회룡길 65-2
고창군,기동경로당,고창군 부안면 기동길 43-7
고창군,대동경로당,고창군 부안면 인촌로 946
고창군,종산경로당,고창군 부안면 종산길 27-4
고창군,용현경로당,고창군 부안면 용현2길 4-3
고창군,반룡경로당,고창군 부안면 수앙반룡길 40
고창군,신촌경로당 ,고창군 부안면 수앙신촌길 99
고창군,석암경로당,고창군 부안면 석암신농원길 20
고창군,농원경로당,고창군 부안면 농원길 43
고창군,상포경로당,고창군 부안면 상포길 183
고창군,반월경로당,고창군 부안면 반월길 80-1
고창군,인촌경로당,고창군 부안면 인촌안길 66
고창군,봉오경로당,고창군 부안면 봉오길 30
고창군,죽도경로당,고창군 부안면 죽도길 53
고창군,고잔경로당,고창군 부안면 인촌로 402
고창군,안현경로당,고창군 부안면 안현길 14
고창군,신기경로당,고창군 부안면 송현신기길 20
고창군,선운경로당,고창군 부안면 미당길 6-1
고창군,신흥경로당,고창군 부안면 선운신흥길 19-32
고창군,연기경로당,고창군 부안면 연기길 29-16
고창군,용산경로당,고창군 부안면 복분자로 411-5
고창군,반계경로당,고창군 부안면 알미장터길28-3
고창군,상굴경로당,고창군 부안면 상굴길 64-1
고창군,구현경로당,고창군 부안면 구현길 23
고창군,사창경로당,고창군 부안면 사창길 56
고창군,진목경로당,고창군 부안면 진목길 82-2
고창군,조양경로당,고창군 부안면 전봉준로 657
고창군,백운경로당,고창군 부안면 운양백운길 36
부안군,검장 경노당,부안군 부안읍 검장길 1
부안군,경우경로당,부안군 부안읍 당산로 25-1
부안군,구덕 경로당,부안군 부안읍 구덕길 45-8
부안군,구영 경로당,부안군 부안읍 구영1길 29-9
부안군,금정 경로당,부안군 부안읍 행중길 16
부안군,금추 경로당,부안군 부안읍 금추길 46
부안군,대림경로당,부안군 부안읍 낭주길 5
부안군,덕촌경로당,부안군 부안읍 덕촌길 21-1
부안군,돌모산경로당,부안군 부안읍 돌모산로 146
부안군,동영경로당,부안군 부안읍 봉신길 5
부안군,동중1구경로당,부안군 부안읍 노휴재길 14-8
부안군,동중3구 경로당,부안군 부안읍 구영2길 10
부안군,동중4구경로당,부안군 부안읍 동중1길 7
부안군,동중6구경로당,부안군 부안읍 군청길 6-5
부안군,라온경로당,부안군 부안읍 쟁갈길 19
부안군,명당취락당경로당,부안군 부안읍 명당길 62
부안군,모산경로당,부안군 부안읍 모산길 25
부안군,미소가애경로당,부안군 부안읍 석정로 262(주공4차 )
부안군,별하경로당,부안군 부안읍 번영로 63-10(오투2차)
부안군,봉덕경로당,부안군 부안읍 봉덕길 25-4
부안군,부령노우회,부안군 부안읍 성당길 7
부안군,부안경로당,부안군 부안읍 시장1길 5-26
부안군,부안노휴재,부안군 부안읍 서림공원길 4
부안군,부정경로당,부안군 부안읍 외하로 119
부안군,부풍율회,부안군 부안읍 동중3길 16-5
부안군,삼거경로당,부안군 부안읍 선돌로 196
부안군,상리경로당,부안군 부안읍 옹중서원길 26
부안군,상원경로당,부안군 부안읍 상원길 19
부안군,서신경로당,부안군 부안읍 서신안길 14-10
부안군,서외3구경로당,부안군 부안읍 당간지주2길 3-1
부안군,서외4구경로당,부안군 부안읍 서외길 14-1
부안군,서외5구경로당,부안군 부안읍 부풍로 72-3
부안군,서외6구경로당,부안군 부안읍 소금샘1길 3
부안군,서외주공경로당,부안군 부안읍 부풍로 122
부안군,서중경로당,부안군 부안읍 당산1길 17
부안군,석동 경로당,부안군 부안읍 석동길 8-2
부안군,석신경로당,부안군 부안읍 석신길 46-25
부안군,선용경로당,부안군 부안읍 선용길 28
부안군,선은경로당,부안군 부안읍 선은1길 12
부안군,선일경로당,부안군 부안읍 선은5길 3
부안군,성황산경로당,부안군 부안읍 서림공원길 30
부안군,송정3마을경로당,부안군 부안읍 봉동길 27-1
부안군,송학당경로당,부안군 부안읍 쟁갈송학길 51
부안군,수내 경로당,부안군 부안읍 수내길 15-2
부안군,수반경로당,부안군 부안읍 수반길 34
부안군,수봉경로당,부안군 부안읍 불곶이길 76
부안군,신기경로당,부안군 부안읍 옹중신기길 27-3
부안군,신덕경로당,부안군 부안읍 신광로 190
부안군,신복경로당,부안군 부안읍 모산신복길 32
부안군,신성경로당,부안군 부안읍 신성길 24
부안군,신흥경로당,부안군 부안읍 신흥길 53-2
부안군,아제경로당,부안군 부안읍 아제길 31
부안군,역귀 경로당,부안군 부안읍 역귀길 20-2
부안군,연곡경로당,부안군 부안읍 연곡안길 15-6
부안군,예동경로당,부안군 부안읍 밖여술길 103
부안군,오정경로당,부안군 부안읍 남서림길 11
부안군,오투경로당,부안군 부안읍 오리정로 162-58
부안군,외하경로당,부안군 부안읍 외하안길 21-16
부안군,운기경로당,부안군 부안읍 신운길 9-26
부안군,월리경로당,부안군 부안읍 월리길 25
부안군,월신경로당,부안군 부안읍 신광로 363
부안군,이화마을경로당,부안군 부안읍 부풍로 122
부안군,쟁갈경로당,부안군 부안읍 쟁갈송학길 5
부안군,주공2차경로당,부안군 부안읍 석정로 286
부안군,주공아파트경로당,부안군 부안읍 학동길 4
부안군,중리 경로당,부안군 부안읍 중리길 7-8
부안군,중앙경로당,부안군 부안읍 군청길 14
부안군,진성경로당,부안군 부안읍 진성길 11
부안군,진성여자경로당,부안군 부안읍 진성길 11
부안군,취덕경로당,부안군 부안읍 옹정로 367
부안군,하이안아파트경로당,부안군 부안읍 오리정로 172
부안군,행상경로당,부안군 부안읍 행상길 19-16
부안군,행하경로당,부안군 부안읍 행하길 33
부안군,향교경로회,부안군 부안읍 향교길 1-17
부안군,현대 경로당,부안군 부안읍 봉신길 19
부안군,현대아파트여성경로당,부안군 부안읍 봉신길 19
부안군,호우경로당,부안군 부안읍 당산로 72-5
부안군,화성경노당,부안군 부안읍 돌모산로 61-3
부안군,회성경로당,부안군 부안읍 회성길 7-1
부안군,효동 경로당,부안군 부안읍 효동길 3-4
부안군,갈촌경로당,부안군 주산면 갈촌1길 17-6
부안군,구담경로당,부안군 주산면 구담1길 14-5
부안군,농원경로당,부안군 주산면 사산농원안길 13-1
부안군,덕림경로당,부안군 주산면 덕림로 246
부안군,덕학경로당,부안군 주산면 덕림학동길 28-4
부안군,돈계경로당,부안군 주산면 중계길 29-2
부안군,돈계 도성 경로당,부안군 주산면 돈계길 62
부안군,동정노우제,부안군 주산면 부골길 41-16
부안군,백석경로당,부안군 주산면 백석길 10-3
부안군,부동경로당,부안군 주산면 부골길 53
부안군,부서여성경로당,부안군 주산면 부골길 31
부안군,사산 경로당,부안군 주산면 사산길 63-1
부안군,산돌경로당,부안군 주산면 산돌길 8-10
부안군,성덕경로당,부안군 주산면 소동로 27
부안군,소산경로당,부안군 주산면 소산길 26
부안군,소주경로당,부안군 주산면 소주길 15-1
부안군,송정경로당,부안군 주산면 송정산돌길 13
부안군,신공경로당,부안군 주산면 신공안길 7-3
부안군,신기경로당,부안군 주산면 갈촌신기길 12-21
부안군,신성경로당,부안군 주산면 갈촌신성길 20-1
부안군,신천 경로당,부안군 주산면 주산동로 33
부안군,신흥경로당,부안군 주산면 사산서길 57
부안군,예동 경로당,부안군 주산면 예동길 91
부안군,와하경로당,부안군 주산면 구담로 215
부안군,외돈경로당,부안군 주산면 외돈길 15
부안군,인천여성경로당,부안군 주산면 덕림로 274
부안군,제내경로당,부안군 주산면 소산제내길 50
부안군,종산경로당,부안군 주산면 종산로 39-7
부안군,주산 경로당,부안군 주산면 주산로 2
부안군,주산노휴제,부안군 주산면 선돌로 389
부안군,주산여성경로당,부안군 주산면 종산로 4-12
부안군,중공경로당,부안군 주산면 중공길 9
부안군,홍해경로당,부안군 주산면 홍해송천길 22
부안군,화봉경로당,부안군 주산면 화봉길 49
부안군,화정여성경로당,부안군 주산면 화정길 43
부안군,간척경로당,부안군 동진면 간척길 134
부안군,구지경로당,부안군 동진면 구지길 55-1
부안군,궁월경로당,부안군 동진면 동진남로 262
부안군,내동경로당,부안군 동진면 내동길 13-3
부안군,농원경로당,부안군 동진면 간척길 181
부안군,당상경로당,부안군 동진면 당상길 13-2
부안군,당중경로당,부안군 동진면 간재로 271-5
부안군,당하경로당,부안군 동진면 당하길 24
부안군,동전경로당,부안군 동진면 동전안길 3
부안군,매화경로당,부안군 동진면 매화길 61-3
부안군,반곡1경로당,부안군 동진면 반곡1길 18
부안군,반곡2경로당,부안군 동진면 반곡2길 14
부안군,반월경로당,부안군 동진면 하장반월길 15-9
부안군,본덕경로당,부안군 동진면 본덕안길 5
부안군,봉황경로당,부안군 동진면 간재로 13
부안군,산월경로당,부안군 동진면 산월길 20-9
부안군,상리경노당,부안군 동진면 내기상리길 28
부안군,성근경로당,부안군 동진면 성근길 37-10
부안군,신농경로당,부안군 동진면 신농길 12
부안군,신리경로당,부안군 동진면 내기신리길 41-7
부안군,신척경로당,부안군 동진면 간척길 228
부안군,신흥경로당,부안군 동진면 내기신흥1길 16-16
부안군,안성1구경로당,부안군 동진면 안성길 1
부안군,안성2구경로당,부안군 동진면 안성길 29
부안군,양산경로당,부안군 동진면 순환북로 788-3
부안군,영휴정경로당,부안군 동진면 동진로 132
부안군,오중경로당,부안군 동진면 오중2길 31-10
부안군,운산경로당,부안군 동진면 안성운산길 60
부안군,익상경로당,부안군 동진면 익상길 11
부안군,장기경로당,부안군 동진면 고마제로 144-4
부안군,장등경로당,부안군 동진면 장등안길 41
부안군,장신경로당,부안군 동진면 동전장신길 31-1
부안군,제내경로당,부안군 동진면 봉황제내길 33-9
부안군,제전경로당,부안군 동진면 제전길 9
부안군,죽림경로당,부안군 동진면 죽림길 79
부안군,증동경로당,부안군 동진면 증동2길 12
부안군,증산경로당,부안군 동진면 증산길 54-2
부안군,지비경노당,부안군 동진면 지비길 26
부안군,청도경로당,부안군 동진면 청도길 22
부안군,청운경로당,부안군 동진면 청운길 13
부안군,팔왕경로당,부안군 동진면 부령로 381
부안군,하장경로당,부안군 동진면 하장길 38-15
부안군,해평경로당,부안군 동진면 해평길 22-15
부안군,화동경로당,부안군 동진면 화동길 33
부안군,후산경로당,부안군 동진면 후산길 20
부안군,검암경로당,부안군 행안면 검암길 6
부안군,계시경로당,부안군 행안면 변산로 145-12
부안군,괸돌경로당,부안군 행안면 괸돌길 77-7
부안군,구연정경로당,부안군 행안면 행산길 21
부안군,남산경로당,부안군 행안면 남산길 32
부안군,대신경로당,부안군 행안면 대초길 34-7
부안군,대초경로당,부안군 행안면 대초길 34-8
부안군,마동경로당,부안군 행안면 마동길 18
부안군,사산경로당,부안군 행안면 역리사산길 15-4
부안군,삼간경로당,부안군 행안면 삼간길 25
부안군,삼산경로당,부안군 행안면 서문로 56-4
부안군,삼안경로당,부안군 행안면 궁안길 91-9
부안군,서옥경로당,부안군 행안면 서옥길 29-18
부안군,송서경로당,부안군 행안면 솔메길 18
부안군,송정경로당,부안군 행안면 미륵골길 8
부안군,송호경로당,부안군 행안면 솔메길 63-15
부안군,순제경로당,부안군 행안면 순제길 8-1
부안군,신월경로당,부안군 행안면 행안중앙로 68
부안군,신흥경로당,부안군 행안면 삼간신흥안길 10
부안군,안기경로당,부안군 행안면 안기길 30
부안군,야룡경로당,부안군 행안면 야룡길 24-7
부안군,월암경로당,부안군 행안면 월암길 74
부안군,정금경로당,부안군 행안면 정금길 11
부안군,종산경로당,부안군 행안면 역리종산길 42
부안군,청교경로당,부안군 행안면 청교길 36
부안군,회춘경로당,부안군 행안면 신목길 85-4
부안군,계상경로당,부안군 계화면 계상길 13
부안군,계중경로당,부안군 계화면 계화로 470
부안군,계하경로당,부안군 계화면 계화로 399
부안군,계화1경로당,부안군 계화면 계화3길 54
부안군,계화2경로당,부안군 계화면 계화4길 28
부안군,계화3경로당,부안군 계화면 계화3길 30
부안군,계화4경로당,부안군 계화면 계화4길 48-1
부안군,금산경로당,부안군 계화면 금산안길 19-3
부안군,남돈경로당,부안군 계화면 남돈길 5
부안군,대벌경로당,부안군 계화면 염소로 479
부안군,대흥경로당,부안군 계화면 대흥길 11-11
부안군,돈지1경로당,부안군 계화면 돈지1길 52
부안군,돈지2경로당,부안군 계화면 돈지2길 2
부안군,돈지3경로당,부안군 계화면 돈지3길 22-3
부안군,동돈경로당,부안군 계화면 동돈안길 6-17
부안군,서돈경로당,부안군 계화면 서돈길 11-5
부안군,신창경로당,부안군 계화면 신창길 19-4
부안군,양지 경로당,부안군 계화면 양지길 11-3
부안군,용정경로당,부안군 계화면 용정길 60
부안군,용화경로당,부안군 계화면 용화길 42
부안군,운산경로당,부안군 계화면 창북길 74
부안군,원창경로당,부안군 계화면 창북안길 38
부안군,조포1경로당,부안군 계화면 새포로 755-4
부안군,조포2경로당,부안군 계화면 조포길 38
부안군,조포3경로당,부안군 계화면 조포길 14
부안군,조포4경로당,부안군 계화면 새포로 793
부안군,창남경로당,부안군 계화면 창북남길 24
부안군,창북1경로당,부안군 계화면 창북1길 8-7
부안군,창북2경로당,부안군 계화면 창북2길 17-11
부안군,창북3창중경로당,부안군 계화면 창중길 18-1
부안군,창북4경로당,부안군 계화면 창북4길 13
부안군,창북5경로당,부안군 계화면 창북길 121-6
부안군,창북경로당,부안군 계화면 창북안길 14
부안군,화동경로당,부안군 계화면 창북화동길 12
부안군,화상경로당,부안군 계화면 화상길 23
부안군,가분 경로당,부안군 보안면 보안남로 399-1
부안군,감불경로당,부안군 보안면 우동길 141
부안군,고잔 경로당,부안군 보안면 유천고잔길 24
부안군,남포경로당,부안군 보안면 남포1길 35-2
부안군,내유천경로당,부안군 보안면 내유천길 31
부안군,냉정경로당,부안군 보안면 냉정길 7
부안군,만화 경로당,부안군 보안면 만화동길 54-4
부안군,매상경로당,부안군 보안면 매상길 34-2
부안군,반계경로당,부안군 보안면 우동길 41
부안군,반평경로당,부안군 보안면 반평길 8-12
부안군,보령정경로당,부안군 보안면 영전길 19-4
부안군,봉래정 경로당,부안군 보안면 청자로 1447-3
부안군,봉친경로당,부안군 보안면 사창길 13
부안군,부곡경로당,부안군 보안면 부곡안길 20-6
부안군,산유정경로당,부안군 보안면 판곡길 30-20
부안군,상림 경로당,부안군 보안면 상림안길 6
부안군,상석교 경로당,부안군 보안면 상석교길 28
부안군,상입석 경로당,부안군 보안면 상입석길 101
부안군,새마을경로당,부안군 보안면 새마을길 30-2
부안군,수랑뜰여자경로당,부안군 보안면 선돌로 954
부안군,수랑매경로당,부안군 보안면 수랑길 13-3
부안군,신복경로당,부안군 보안면 신복길 83
부안군,신안촌경로당,부안군 보안면 신안촌길 17
부안군,신월 경로당,부안군 보안면 영전신월길 41-2
부안군,신활경로당,부안군 보안면 신활길 86
부안군,영목경로당,부안군 보안면 영목길 66
부안군,영전경로당,부안군 보안면 영전길 89-12
부안군,와동 경로당,부안군 보안면 영전길 19-13
부안군,외포경로당,부안군 보안면 외포길 29
부안군,우신경로당,부안군 보안면 반계로 90
부안군,원천경로당,부안군 보안면 남포원천길 26
부안군,월천경로당,부안군 보안면 선돌로 875-5
부안군,유관경로당,부안군 보안면 유관길 91
부안군,유천경로당,부안군 보안면 유천길 28
부안군,장춘경로당,부안군 보안면 장춘길 27-6
부안군,제내경로당,부안군 보안면 영전제내길 28
부안군,종곡경로당,부안군 보안면 종곡길 17-4
부안군,판곡경로당,부안군 보안면 판곡길 29
부안군,하림경로당,부안군 보안면 하림길 35
부안군,하석교경로당,부안군 보안면 하석교길 33-9
부안군,하입석경로당,부안군 보안면 보안남로 201
부안군,호암경로당,부안군 보안면 유천호암로 170
부안군,흥산경로당,부안군 보안면 흥산길 20
부안군,격상경로당,부안군 변산면 격상길 4-4
부안군,격하3 경로당,부안군 변산면 격포안길 3
부안군,격하경로당,부안군 변산면 격포항길 33-3
부안군,고사경로당,부안군 변산면 고사길 15
부안군,궁항경로당,부안군 변산면 궁항로 153-7
부안군,대항 경로당,부안군 변산면 대항길 50
부안군,도청경로당,부안군 변산면 도청길 1
부안군,두포 경로당,부안군 변산면 도청두포길 10
부안군,마포경로당,부안군 변산면 마포1길 5
부안군,모장경로당,부안군 변산면 운산로 47
부안군,모항경로당,부안군 변산면 모항해변길 9
부안군,묵정 경로당,부안군 변산면 묵정길 52-9
부안군,반월경로당,부안군 변산면 반월로 13-1
부안군,변산경로당,부안군 변산면 내변산로 6
부안군,산기 경로당,부안군 변산면 산기안길 16
부안군,석문 경로당,부안군 변산면 석문길 19-9
부안군,소격경로당,부안군 변산면 도유로 277
부안군,송림아파트경로당,부안군 변산면 지서로 80
부안군,수락경로당,부안군 변산면 수락길 15
부안군,신성경로당,부안군 변산면 모장길 2
부안군,양우 경로당,부안군 변산면 격포윗길 16-1
부안군,언포 경로당,부안군 변산면 변산로 3207
부안군,운산경로당,부안군 변산면 운산로 213
부안군,유동경로당,부안군 변산면 유동길 8
부안군,자미경로당,부안군 변산면 변산우회길 62-1
부안군,종암경로당,부안군 변산면 격포로 18-44
부안군,죽막경로당,부안군 변산면 죽막길 12
부안군,중계경로당,부안군 변산면 내변산로 616
부안군,중산경로당,부안군 변산면 중산길 31
부안군,지남경로당,부안군 변산면 지동길 100
부안군,지동경로당,부안군 변산면 지동길 29-10
부안군,지서1경로당,부안군 변산면 내변산로 12
부안군,지서2경로당,부안군 변산면 지서1길 31-2
부안군,합구경로당,부안군 변산면 변산로 1791
부안군,곰소제일 경로당,부안군 진서면 곰소1길 15
부안군,구진경로당,부안군 진서면 구진길 21-1
부안군,마동경로당,부안군 진서면 운호마동길 16
부안군,백포경로당,부안군 진서면 백포길 15
부안군,봉래경로당,부안군 진서면 곰소3길 5-13
부안군,석포 경로당,부안군 진서면 석포2길 93
부안군,석포1구 경로당,부안군 진서면 석포2길 14
부안군,연동경로당,부안군 진서면 연동길 8
부안군,용동경로당,부안군 진서면 석포용동길 69-12
부안군,운호경로당,부안군 진서면 운호길 39-14
부안군,원암경로당,부안군 진서면 원암길 20-1
부안군,입암 경로당,부안군 진서면 입암길 29
부안군,작당경로당,부안군 진서면 작당길 17-2
부안군,작도경로당,부안군 진서면 청자로 814
부안군,진동 경로당,부안군 진서면 베틀재로 47-2
부안군,진서경로당,부안군 진서면 진서길 12
부안군,거룡1마을경로당,부안군 백산면 거룡안길 18
부안군,계동경로당,부안군 백산면 계동길 43
부안군,공작경로당,부안군 백산면 공작안길 1
부안군,광덕 경로당,부안군 백산면 신광로 483
부안군,괴정경로당,부안군 백산면 괴정길 13
부안군,국성경로당,부안군 백산면 국성길 31
부안군,금판경로당,부안군 백산면 원금길 82
부안군,난산경로당,부안군 백산면 임현로 117
부안군,남월경로당,부안군 백산면 송월길 9
부안군,대산경로당,부안군 백산면 대산길 13
부안군,대수경로당,부안군 백산면 대소수안길 15
부안군,대죽 경로당,부안군 백산면 대죽길 7-4
부안군,덕신경로당,부안군 백산면 덕신로 187-3
부안군,망산경로당,부안군 백산면 망산길 24-1
부안군,봉서경로당,부안군 백산면 원천봉서길 21
부안군,봉석경로당,부안군 백산면 봉석1길 16-13
부안군,산내경로당,부안군 백산면 백산로 581-7
부안군,산전 경로당,부안군 백산면 산전길 23
부안군,상기경로당,부안군 백산면 신죽로 82
부안군,석교 경로당,부안군 백산면 석교길 43
부안군,소수경로당,부안군 백산면 대소수안길 71-1
부안군,수성경로당,부안군 백산면 수성길 6
부안군,시기경로당,부안군 백산면 시기길 12-7
부안군,신광경로당,부안군 백산면 신광로 610
부안군,신금경로당,부안군 백산면 신금길 14-3
부안군,신기경로당,부안군 백산면 덕신신기길 3
부안군,신기원 경로당,부안군 백산면 거룡아랫길 11-4
부안군,신상경로당,부안군 백산면 신상길 43
부안군,신죽경로당,부안군 백산면 신죽로 232
부안군,신평경로당,부안군 백산면 신평길 8
부안군,신흥경로당,부안군 백산면 하청신흥길 58
부안군,오곡경로당,부안군 백산면 오곡로 96
부안군,왕금 경로당,부안군 백산면 왕금길 3
부안군,외거경로당,부안군 백산면 외거길 30
부안군,용계 경로당,부안군 백산면 용계리길 42
부안군,용적경로당,부안군 백산면 용적길 32-5
부안군,용출 경로당,부안군 백산면 용출길 34-5
부안군,원천1구 경로당,부안군 백산면 백산동로 251
부안군,원천2경로당,부안군 백산면 원천2길 5-6
부안군,원천3 경로당,부안군 백산면 원천3길 7
부안군,월평경로당,부안군 백산면 대수월평길 27
부안군,응봉경로당,부안군 백산면 응봉길 10
부안군,임방경로당,부안군 백산면 백산로 365
부안군,중금경로당,부안군 백산면 중금길 24
부안군,중기경로당,부안군 백산면 중기우길 2
부안군,초장경로당,부안군 백산면 초장길 36
부안군,팔남경로당,부안군 백산면 팔남길 9
부안군,평교경로당,부안군 백산면 백산로 305-1
부안군,하청경로당,부안군 백산면 지운로 236
부안군,현호경로당,부안군 백산면 현호길 73-4
부안군,회포경로당,부안군 백산면 회포길 32
부안군,가오경로당,부안군 상서면 가오길 22
부안군,감교경로당,부안군 상서면 부안로 1806
부안군,거석경로당,부안군 상서면 반계로 727
부안군,고잔 경로당,부안군 상서면 고잔길 18-7
부안군,노적경로당,부안군 상서면 노적길 38-3
부안군,도화경로당,부안군 상서면 고인돌로 277-16
부안군,동림경로당,부안군 상서면 양산동림길 84
부안군,목포경로당,부안군 상서면 목포길 39-9
부안군,봉은경로당,부안군 상서면 봉은길 21
부안군,분장경로당,부안군 상서면 분장1길 29
부안군,상하경로당,부안군 상서면 하서길 33-5
부안군,성암경로당,부안군 상서면 성암길 52
부안군,수련경로당,부안군 상서면 내변산로 1565
부안군,신성경로당,부안군 상서면 통정신성길 31
부안군,양산경로당,부안군 상서면 양산동림길 53
부안군,용동경로당,부안군 상서면 용동리길 49
부안군,용서 경로당,부안군 상서면 용서길 16
부안군,우덕경로당,부안군 상서면 우덕길 19
부안군,유동경로당,부안군 상서면 청림유동길 10
부안군,유정경로당,부안군 상서면 유정길 20
부안군,인수경로당,부안군 상서면 저기길 17
부안군,장동경로당,부안군 상서면 상서장동길 7-36
부안군,장서경로당,부안군 상서면 장서길 20-1
부안군,장전경로당,부안군 상서면 장전길 57-1
부안군,저기경로당,부안군 상서면 저기길 13
부안군,지석경로당,부안군 상서면 지석안길 8
부안군,청등경로당,부안군 상서면 청등길 23
부안군,청림경로당,부안군 상서면 청림길 56-12
부안군,통정경로당,부안군 상서면 통정길 44
부안군,풍랑경로당,부안군 상서면 풍랑길 24-2
부안군,호암경로당,부안군 상서면 감교길 32-9
부안군,회시경로당,부안군 상서면 회시길 17
부안군,계곡경로당,부안군 하서면 계곡길 2
부안군,광화경로당,부안군 하서면 대포청서길 18-18
부안군,구암경로당,부안군 하서면 구암길 9-5
부안군,금광경로당,부안군 하서면 금광길 51-1
부안군,금산 경로당,부안군 하서면 백련금산길 54
부안군,노계경로당,부안군 하서면 노계길 37-16
부안군,노곡경로당,부안군 하서면 노곡길 11-3
부안군,농소경로당,부안군 하서면 장원길 49
부안군,농원 경로당,부안군 하서면 청호농원길 1
부안군,대광경로당,부안군 하서면 대광길 52
부안군,등용1구 경로당,부안군 하서면 변산로 914
부안군,등용2구경로당,부안군 하서면 등용길 17-17
부안군,마전 경로당,부안군 하서면 마전길 8-4
부안군,문수경로당,부안군 하서면 신촌문수길 78
부안군,반암경로당,부안군 하서면 내변산로 1861
부안군,백련경로당,부안군 하서면 백련길 38
부안군,복용경로당,부안군 하서면 복룡길 3-12
부안군,불등 경로당,부안군 하서면 불등길 42
부안군,비득치경로당,부안군 하서면 비득아랫길 44
부안군,삼산경로당,부안군 하서면 장신삼산길 21
부안군,삼현경로당,부안군 하서면 삼현길 34
부안군,서당경로당,부안군 하서면 서당안길 26
부안군,석하 경로당,부안군 하서면 석하길 27
부안군,소광경로당,부안군 하서면 소광길 63
부안군,송림경로당,부안군 하서면 송림길 99
부안군,수조 경로당,부안군 하서면 수조길 15
부안군,신성경로당,부안군 하서면 장신신성길 28
부안군,신지경로당,부안군 하서면 신지길 11-2
부안군,신촌경로당,부안군 하서면 신촌안길 35
부안군,양지 경로당,부안군 하서면 석불로 324
부안군,언독경로당,부안군 하서면 언독길 30
부안군,용와경로당,부안군 하서면 용와1길 2
부안군,운암경로당,부안군 하서면 운암길 30
부안군,원중경로당,부안군 하서면 원중길 48
부안군,월포경로당,부안군 하서면 월포길 49
부안군,장신포 경로당,부안군 하서면 장신1길 25
부안군,장원 경로당,부안군 하서면 장원길 40-8
부안군,청서경로당,부안군 하서면 대포청서길 113-5
부안군,청일경로당,부안군 하서면 청일길 5
부안군,청호경로당,부안군 하서면 청호안길 12
부안군,평지경로당,부안군 하서면 평지아랫길 8-6
부안군,각동경로당,부안군 줄포면 각동2길 17
부안군,감역경로당,부안군 줄포면 감역길 21-7
부안군,관동경로당,부안군 줄포면 파산월평길 58
부안군,남월경로당,부안군 줄포면 난산남월길 36-11
부안군,덕성경로당,부안군 줄포면 덕성길 64-19
부안군,동파산경로당,부안군 줄포면 동파산길 26
부안군,목상경로당,부안군 줄포면 목상길 8
부안군,목중경로당,부안군 줄포면 목중길 17
부안군,목화경로당,부안군 줄포면 목화길 5
부안군,부녀경로당,부안군 줄포면 줄포7길 17-8
부안군,부흥경로당,부안군 줄포면 신정로 119
부안군,삼화경로당,부안군 줄포면 서빈1길 14
부안군,서빈1마을경로당,부안군 줄포면 서빈2길 11-1
부안군,서파산경로당,부안군 줄포면 서파산길 31
부안군,신기경로당,부안군 줄포면 줄포신기길 19
부안군,신성경로당,부안군 줄포면 파산신성길 42
부안군,십리경로당,부안군 줄포면 십리길 13
부안군,연정경로당,부안군 줄포면 연정길 23
부안군,옹암경로당,부안군 줄포면 우포로 26
부안군,용서 경로당,부안군 줄포면 줄포4길 3
부안군,원난산경로당,부안군 줄포면 난산길 10
부안군,원대동경로당,부안군 줄포면 대동길 42
부안군,원동경로당,부안군 줄포면 원동길 15
부안군,원장동경로당,부안군 줄포면 원장동길 74
부안군,월평경로당,부안군 줄포면 파산월평길 16-9
부안군,율지경로당,부안군 줄포면 율지길 28
부안군,자선경로당,부안군 줄포면 신리로 228
부안군,화전경로당,부안군 줄포면 화전길 40-18
부안군,후촌1경로당,부안군 줄포면 후촌길 119
부안군,후촌2경로당,부안군 줄포면 후촌길 52-5
부안군,대리경로당,부안군 위도면 대장길 5
부안군,벌금경로당,부안군 위도면 벌금안길 16
부안군,벌금여자경로당,부안군 위도면 벌금안길 16
부안군,상왕등경로당,부안군 위도면 상왕등길 9-1
부안군,식도경로당,부안군 위도면 식도1길 15-2(식도1길 15)
부안군,전막경로당,부안군 위도면 위도로 1059-4
부안군,진리남자경로당,부안군 위도면 진리길 4
부안군,진리여자경로당,부안군 위도면 진리안길 23
부안군,치도남자경로당,부안군 위도면 위도로 1473
부안군,치도여자경로당,부안군 위도면 진리잔등로 128
부안군,파장금경로당,부안군 위도면 파장금길 8
